2026-08-01 21:38:18 [INFO] 开始自动整理, 共 3 个背包格子, 停止键: F12
2026-08-01 21:38:18 [INFO] 打开背包 @ (10, 10)
2026-08-01 21:38:18 [DEBUG] 右键背包格子 1 @ [150, 800]
2026-08-01 21:38:19 [INFO] 格子1 识别到地点[星穹] -> 应存入A仓库
2026-08-01 21:38:19 [INFO] 打开仓库 @ (30, 30)
2026-08-01 21:38:19 [INFO] 关闭仓库
2026-08-01 21:38:19 [INFO] 打开背包 @ (10, 10)
2026-08-01 21:38:19 [INFO] 识别到坐标/地点[星穹]，成功存入A仓库
2026-08-01 21:38:19 [DEBUG] 右键背包格子 2 @ [450, 800]
2026-08-01 21:38:19 [INFO] 格子2 识别到地点[落霞] -> 应存入B仓库
2026-08-01 21:38:19 [INFO] 打开仓库 @ (30, 30)
2026-08-01 21:38:19 [INFO] 关闭仓库
2026-08-01 21:38:19 [INFO] 打开背包 @ (10, 10)
2026-08-01 21:38:19 [INFO] 识别到坐标/地点[落霞]，成功存入B仓库
2026-08-01 21:38:19 [DEBUG] 右键背包格子 3 @ [750, 800]
2026-08-01 21:38:20 [INFO] 格子3 识别到地点[长安] -> 应存入C仓库
2026-08-01 21:38:20 [INFO] 打开仓库 @ (30, 30)
2026-08-01 21:38:20 [INFO] 关闭仓库
2026-08-01 21:38:20 [INFO] 打开背包 @ (10, 10)
2026-08-01 21:38:20 [INFO] 识别到坐标/地点[长安]，成功存入C仓库
2026-08-01 21:38:20 [INFO] 关闭背包
2026-08-01 21:38:20 [INFO] 处理完成, 成功 3/3
2026-08-01 21:52:01 [INFO] 开始自动整理, 共 3 个背包格子, 停止键: F12
2026-08-01 21:52:01 [INFO] 打开背包 @ (10, 10)
2026-08-01 21:52:01 [DEBUG] 右键背包格子 1 @ [150, 800]
2026-08-01 21:52:03 [INFO] 格子1 识别到地点[星穹] -> 应存入A仓库
2026-08-01 21:52:03 [INFO] 打开仓库 @ (30, 30)
2026-08-01 21:52:03 [INFO] 关闭仓库
2026-08-01 21:52:03 [INFO] 打开背包 @ (10, 10)
2026-08-01 21:52:03 [INFO] 识别到坐标/地点[星穹]，成功存入A仓库
2026-08-01 21:52:03 [DEBUG] 右键背包格子 2 @ [450, 800]
2026-08-01 21:52:03 [INFO] 格子2 识别到地点[落霞] -> 应存入B仓库
2026-08-01 21:52:03 [INFO] 打开仓库 @ (30, 30)
2026-08-01 21:52:03 [INFO] 关闭仓库
2026-08-01 21:52:03 [INFO] 打开背包 @ (10, 10)
2026-08-01 21:52:03 [INFO] 识别到坐标/地点[落霞]，成功存入B仓库
2026-08-01 21:52:03 [DEBUG] 右键背包格子 3 @ [750, 800]
2026-08-01 21:52:04 [INFO] 格子3 识别到地点[长安] -> 应存入C仓库
2026-08-01 21:52:04 [INFO] 打开仓库 @ (30, 30)
2026-08-01 21:52:04 [INFO] 关闭仓库
2026-08-01 21:52:04 [INFO] 打开背包 @ (10, 10)
2026-08-01 21:52:04 [INFO] 识别到坐标/地点[长安]，成功存入C仓库
2026-08-01 21:52:04 [INFO] 关闭背包
2026-08-01 21:52:04 [INFO] 处理完成, 成功 3/3
2026-08-01 21:55:52 [INFO] 开始自动整理, 共 3 个背包格子, 停止键: F12
2026-08-01 21:55:52 [INFO] 打开背包 @ (10, 10)
2026-08-01 21:55:52 [DEBUG] 右键背包格子 1 @ [150, 800]
2026-08-01 21:55:53 [INFO] 格子1 识别到地点[星穹] -> 应存入A仓库
2026-08-01 21:55:53 [INFO] 打开仓库 @ (30, 30)
2026-08-01 21:55:53 [INFO] 关闭仓库
2026-08-01 21:55:53 [INFO] 打开背包 @ (10, 10)
2026-08-01 21:55:53 [INFO] 识别到坐标/地点[星穹]，成功存入A仓库
2026-08-01 21:55:53 [DEBUG] 右键背包格子 2 @ [450, 800]
2026-08-01 21:55:54 [INFO] 格子2 识别到地点[落霞] -> 应存入B仓库
2026-08-01 21:55:54 [INFO] 打开仓库 @ (30, 30)
2026-08-01 21:55:54 [INFO] 关闭仓库
2026-08-01 21:55:54 [INFO] 打开背包 @ (10, 10)
2026-08-01 21:55:54 [INFO] 识别到坐标/地点[落霞]，成功存入B仓库
2026-08-01 21:55:54 [DEBUG] 右键背包格子 3 @ [750, 800]
2026-08-01 21:55:54 [INFO] 格子3 识别到地点[长安] -> 应存入C仓库
2026-08-01 21:55:54 [INFO] 打开仓库 @ (30, 30)
2026-08-01 21:55:54 [INFO] 关闭仓库
2026-08-01 21:55:54 [INFO] 打开背包 @ (10, 10)
2026-08-01 21:55:54 [INFO] 识别到坐标/地点[长安]，成功存入C仓库
2026-08-01 21:55:54 [INFO] 关闭背包
2026-08-01 21:55:54 [INFO] 处理完成, 成功 3/3
2026-08-01 22:07:19 [INFO] 开始自动整理, 停止键: F12
2026-08-01 22:07:19 [INFO] 打开仓库 @ (30, 30) + 确认[我要进行仓库操作]
2026-08-01 22:07:20 [INFO] 右键取出仓库藏宝图 @ (50, 500)
2026-08-01 22:07:20 [INFO] 右键取出仓库藏宝图 @ (150, 500)
2026-08-01 22:07:20 [INFO] 右键取出仓库藏宝图 @ (250, 500)
2026-08-01 22:07:20 [INFO] 已右键取出 3 张未知藏宝图
2026-08-01 22:07:20 [INFO] 打开背包(快捷键 alt+e)
2026-08-01 22:07:20 [DEBUG] 右键背包格子 1 @ [150, 800]
2026-08-01 22:07:21 [INFO] 背包格子1 地点: 星穹
2026-08-01 22:07:21 [DEBUG] 右键背包格子 2 @ [450, 800]
2026-08-01 22:07:22 [INFO] 背包格子2 地点: 落霞
2026-08-01 22:07:22 [DEBUG] 右键背包格子 3 @ [750, 800]
2026-08-01 22:07:23 [INFO] 背包格子3 地点: 长安
2026-08-01 22:07:23 [INFO] 关闭背包(快捷键 alt+e)
2026-08-01 22:07:23 [INFO] 背包读坐标完成, 共 3 格
2026-08-01 22:07:25 [INFO] 坐标[星穹] -> 应存入A仓库
2026-08-01 22:07:25 [INFO] 识别到坐标[星穹]，成功存入A仓库
2026-08-01 22:07:27 [INFO] 坐标[落霞] -> 应存入B仓库
2026-08-01 22:07:27 [INFO] 识别到坐标[落霞]，成功存入B仓库
2026-08-01 22:07:28 [INFO] 坐标[长安] -> 应存入C仓库
2026-08-01 22:07:28 [INFO] 识别到坐标[长安]，成功存入C仓库
2026-08-01 22:07:28 [INFO] 入库完成, 成功 3/3
2026-08-01 22:07:28 [INFO] 关闭仓库
2026-08-01 22:07:28 [INFO] 流程结束
2026-08-01 22:07:45 [INFO] 开始自动整理, 停止键: F12
2026-08-01 22:07:45 [INFO] 打开仓库 @ (30, 30) + 确认[我要进行仓库操作]
2026-08-01 22:07:45 [INFO] 右键取出仓库藏宝图 @ (50, 500)
2026-08-01 22:07:46 [INFO] 右键取出仓库藏宝图 @ (150, 500)
2026-08-01 22:07:46 [INFO] 右键取出仓库藏宝图 @ (250, 500)
2026-08-01 22:07:46 [INFO] 已右键取出 3 张未知藏宝图
2026-08-01 22:07:46 [INFO] 打开背包(快捷键 alt+e)
2026-08-01 22:07:46 [DEBUG] 右键背包格子 1 @ [150, 800]
2026-08-01 22:07:47 [INFO] 背包格子1 地点: 星穹
2026-08-01 22:07:47 [DEBUG] 右键背包格子 2 @ [450, 800]
2026-08-01 22:07:48 [INFO] 背包格子2 地点: 落霞
2026-08-01 22:07:48 [DEBUG] 右键背包格子 3 @ [750, 800]
2026-08-01 22:07:48 [INFO] 背包格子3 地点: 长安
2026-08-01 22:07:48 [INFO] 关闭背包(快捷键 alt+e)
2026-08-01 22:07:48 [INFO] 背包读坐标完成, 共 3 格
2026-08-01 22:07:51 [INFO] 坐标[星穹] -> 应存入A仓库
2026-08-01 22:07:51 [INFO] 识别到坐标[星穹]，成功存入A仓库
2026-08-01 22:07:53 [INFO] 坐标[落霞] -> 应存入B仓库
2026-08-01 22:07:53 [INFO] 识别到坐标[落霞]，成功存入B仓库
2026-08-01 22:07:54 [INFO] 坐标[长安] -> 应存入C仓库
2026-08-01 22:07:54 [INFO] 识别到坐标[长安]，成功存入C仓库
2026-08-01 22:07:54 [INFO] 入库完成, 成功 3/3
2026-08-01 22:07:54 [INFO] 关闭仓库
2026-08-01 22:07:54 [INFO] 流程结束
2026-08-01 23:55:39 [INFO] 开始自动整理, 停止键: F12
2026-08-01 23:55:39 [INFO] 打开仓库 @ (30, 30) + 确认[我要进行仓库操作]
2026-08-01 23:55:39 [INFO] 右键取出仓库藏宝图 @ (50, 500)
2026-08-01 23:55:39 [INFO] 右键取出仓库藏宝图 @ (150, 500)
2026-08-01 23:55:39 [INFO] 右键取出仓库藏宝图 @ (250, 500)
2026-08-01 23:55:39 [INFO] 已右键取出 3 张未知藏宝图
2026-08-01 23:55:39 [INFO] 打开背包(快捷键 alt+e)
2026-08-01 23:55:39 [DEBUG] 右键背包格子 1 @ [150, 800]
2026-08-01 23:55:41 [INFO] 背包格子1 地点: 星穹
2026-08-01 23:55:41 [DEBUG] 右键背包格子 2 @ [450, 800]
2026-08-01 23:55:42 [INFO] 背包格子2 地点: 落霞
2026-08-01 23:55:42 [DEBUG] 右键背包格子 3 @ [750, 800]
2026-08-01 23:55:42 [INFO] 背包格子3 地点: 长安
2026-08-01 23:55:42 [INFO] 关闭背包(快捷键 alt+e)
2026-08-01 23:55:42 [INFO] 背包读坐标完成, 共 3 格
2026-08-01 23:55:45 [INFO] 坐标[星穹] -> 应存入A仓库
2026-08-01 23:55:45 [INFO] 识别到坐标[星穹]，成功存入A仓库
2026-08-01 23:55:46 [INFO] 坐标[落霞] -> 应存入B仓库
2026-08-01 23:55:46 [INFO] 识别到坐标[落霞]，成功存入B仓库
2026-08-01 23:55:48 [INFO] 坐标[长安] -> 应存入C仓库
2026-08-01 23:55:48 [INFO] 识别到坐标[长安]，成功存入C仓库
2026-08-01 23:55:48 [INFO] 入库完成, 成功 3/3
2026-08-01 23:55:48 [INFO] 关闭仓库
2026-08-01 23:55:48 [INFO] 流程结束
2026-08-02 00:00:31 [INFO] 开始自动整理, 停止键: F12
2026-08-02 00:00:31 [INFO] 打开仓库 @ (30, 30) + 确认[我要进行仓库操作]
2026-08-02 00:00:31 [INFO] 右键取出仓库藏宝图 @ (50, 500)
2026-08-02 00:00:31 [INFO] 右键取出仓库藏宝图 @ (150, 500)
2026-08-02 00:00:32 [INFO] 右键取出仓库藏宝图 @ (250, 500)
2026-08-02 00:00:32 [INFO] 已右键取出 3 张未知藏宝图
2026-08-02 00:00:32 [INFO] 打开背包(快捷键 alt+e)
2026-08-02 00:00:32 [DEBUG] 点击背包格子 1 @ [150, 800] (left)
2026-08-02 00:00:32 [DEBUG] 点击背包格子 2 @ [450, 800] (left)
2026-08-02 00:00:32 [DEBUG] 点击背包格子 3 @ [750, 800] (left)
2026-08-02 00:00:32 [INFO] 关闭背包(快捷键 alt+e)
2026-08-02 00:00:32 [INFO] 已点击 3/3 个背包格子解封坐标(方式:left)
2026-08-02 00:00:34 [INFO] 坐标[星穹] -> 应存入A仓库
2026-08-02 00:00:34 [INFO] 识别到坐标[星穹]，成功存入A仓库
2026-08-02 00:00:36 [INFO] 坐标[落霞] -> 应存入B仓库
2026-08-02 00:00:36 [INFO] 识别到坐标[落霞]，成功存入B仓库
2026-08-02 00:00:37 [INFO] 坐标[长安] -> 应存入C仓库
2026-08-02 00:00:37 [INFO] 识别到坐标[长安]，成功存入C仓库
2026-08-02 00:00:37 [INFO] 入库完成, 成功 3/3
2026-08-02 00:00:37 [INFO] 关闭仓库
2026-08-02 00:00:37 [INFO] 流程结束
2026-08-02 00:03:31 [INFO] 开始自动整理, 停止键: F12
2026-08-02 00:03:31 [INFO] 打开仓库 @ (30, 30) + 确认[我要进行仓库操作]
2026-08-02 00:03:31 [INFO] 右键取出仓库藏宝图 @ (50, 500)
2026-08-02 00:03:31 [INFO] 右键取出仓库藏宝图 @ (150, 500)
2026-08-02 00:03:31 [INFO] 右键取出仓库藏宝图 @ (250, 500)
2026-08-02 00:03:31 [INFO] 已右键取出 3 张未知藏宝图
2026-08-02 00:03:31 [INFO] 打开背包(快捷键 alt+e)
2026-08-02 00:03:31 [DEBUG] 点击背包格子 1 @ [150, 800] (left)
2026-08-02 00:03:31 [DEBUG] 点击背包格子 2 @ [450, 800] (left)
2026-08-02 00:03:31 [DEBUG] 点击背包格子 3 @ [750, 800] (left)
2026-08-02 00:03:31 [INFO] 关闭背包(快捷键 alt+e)
2026-08-02 00:03:31 [INFO] 已点击 3/3 个背包格子解封坐标(方式:left)
2026-08-02 00:03:33 [INFO] 坐标[星穹] -> 应存入A仓库
2026-08-02 00:03:33 [INFO] 识别到坐标[星穹]，成功存入A仓库
2026-08-02 00:03:35 [INFO] 坐标[落霞] -> 应存入B仓库
2026-08-02 00:03:35 [INFO] 识别到坐标[落霞]，成功存入B仓库
2026-08-02 00:03:36 [INFO] 坐标[长安] -> 应存入C仓库
2026-08-02 00:03:36 [INFO] 识别到坐标[长安]，成功存入C仓库
2026-08-02 00:03:36 [INFO] 入库完成, 成功 3/3
2026-08-02 00:03:36 [INFO] 关闭仓库
2026-08-02 00:03:36 [INFO] 流程结束
2026-08-02 00:03:49 [INFO] 开始自动整理, 停止键: F12
2026-08-02 00:03:49 [INFO] 打开仓库 @ (30, 30) + 确认[我要进行仓库操作]
2026-08-02 00:03:49 [INFO] 右键取出仓库藏宝图 @ (50, 500)
2026-08-02 00:03:50 [INFO] 右键取出仓库藏宝图 @ (150, 500)
2026-08-02 00:03:50 [INFO] 右键取出仓库藏宝图 @ (250, 500)
2026-08-02 00:03:50 [INFO] 已右键取出 3 张未知藏宝图
2026-08-02 00:03:50 [INFO] 打开背包(快捷键 alt+e)
2026-08-02 00:03:50 [DEBUG] 点击背包格子 1 @ [150, 800] (right)
2026-08-02 00:03:50 [DEBUG] 点击背包格子 2 @ [450, 800] (right)
2026-08-02 00:03:50 [DEBUG] 点击背包格子 3 @ [750, 800] (right)
2026-08-02 00:03:50 [INFO] 关闭背包(快捷键 alt+e)
2026-08-02 00:03:50 [INFO] 已点击 3/3 个背包格子解封坐标(方式:right)
2026-08-02 00:03:52 [INFO] 坐标[星穹] -> 应存入A仓库
2026-08-02 00:03:52 [INFO] 识别到坐标[星穹]，成功存入A仓库
2026-08-02 00:03:54 [INFO] 坐标[落霞] -> 应存入B仓库
2026-08-02 00:03:54 [INFO] 识别到坐标[落霞]，成功存入B仓库
2026-08-02 00:03:55 [INFO] 坐标[长安] -> 应存入C仓库
2026-08-02 00:03:55 [INFO] 识别到坐标[长安]，成功存入C仓库
2026-08-02 00:03:55 [INFO] 入库完成, 成功 3/3
2026-08-02 00:03:55 [INFO] 关闭仓库
2026-08-02 00:03:55 [INFO] 流程结束
2026-08-02 00:04:40 [INFO] 开始自动整理, 停止键: F12
2026-08-02 00:04:40 [DEBUG] dry-run: 跳过 click(1496, 720)
2026-08-02 00:04:41 [DEBUG] dry-run: 跳过 click(1417, 865)
2026-08-02 00:04:41 [INFO] 打开仓库 @ (1496, 720) + 确认[我要进行仓库操作]
2026-08-02 00:04:41 [DEBUG] dry-run: 跳过 click(1362, 744)
2026-08-02 00:04:41 [INFO] 右键取出仓库藏宝图 @ (1362, 744)
2026-08-02 00:04:41 [DEBUG] dry-run: 跳过 click(1406, 744)
2026-08-02 00:04:42 [INFO] 右键取出仓库藏宝图 @ (1406, 744)
2026-08-02 00:04:42 [DEBUG] dry-run: 跳过 click(1450, 746)
2026-08-02 00:04:42 [INFO] 右键取出仓库藏宝图 @ (1450, 746)
2026-08-02 00:04:42 [DEBUG] dry-run: 跳过 click(1495, 748)
2026-08-02 00:04:43 [INFO] 右键取出仓库藏宝图 @ (1495, 748)
2026-08-02 00:04:43 [DEBUG] dry-run: 跳过 click(1537, 745)
2026-08-02 00:04:44 [INFO] 右键取出仓库藏宝图 @ (1537, 745)
2026-08-02 00:04:44 [DEBUG] dry-run: 跳过 click(1355, 797)
2026-08-02 00:04:44 [INFO] 右键取出仓库藏宝图 @ (1355, 797)
2026-08-02 00:04:44 [DEBUG] dry-run: 跳过 click(1406, 798)
2026-08-02 00:04:45 [INFO] 右键取出仓库藏宝图 @ (1406, 798)
2026-08-02 00:04:45 [DEBUG] dry-run: 跳过 click(1457, 797)
2026-08-02 00:04:45 [INFO] 右键取出仓库藏宝图 @ (1457, 797)
2026-08-02 00:04:45 [DEBUG] dry-run: 跳过 click(1504, 793)
2026-08-02 00:04:46 [INFO] 右键取出仓库藏宝图 @ (1504, 793)
2026-08-02 00:04:46 [DEBUG] dry-run: 跳过 click(1548, 793)
2026-08-02 00:04:47 [INFO] 右键取出仓库藏宝图 @ (1548, 793)
2026-08-02 00:04:47 [DEBUG] dry-run: 跳过 click(1347, 839)
2026-08-02 00:04:47 [INFO] 右键取出仓库藏宝图 @ (1347, 839)
2026-08-02 00:04:47 [DEBUG] dry-run: 跳过 click(1396, 840)
2026-08-02 00:04:48 [INFO] 右键取出仓库藏宝图 @ (1396, 840)
2026-08-02 00:04:48 [DEBUG] dry-run: 跳过 click(1442, 841)
2026-08-02 00:04:48 [INFO] 右键取出仓库藏宝图 @ (1442, 841)
2026-08-02 00:04:48 [DEBUG] dry-run: 跳过 click(1492, 842)
2026-08-02 00:04:49 [INFO] 右键取出仓库藏宝图 @ (1492, 842)
2026-08-02 00:04:49 [DEBUG] dry-run: 跳过 click(1538, 842)
2026-08-02 00:04:50 [INFO] 右键取出仓库藏宝图 @ (1538, 842)
2026-08-02 00:04:50 [DEBUG] dry-run: 跳过 click(1543, 883)
2026-08-02 00:04:50 [INFO] 右键取出仓库藏宝图 @ (1543, 883)
2026-08-02 00:04:50 [DEBUG] dry-run: 跳过 click(1489, 881)
2026-08-02 00:04:51 [INFO] 右键取出仓库藏宝图 @ (1489, 881)
2026-08-02 00:04:51 [DEBUG] dry-run: 跳过 click(1444, 884)
2026-08-02 00:04:51 [INFO] 右键取出仓库藏宝图 @ (1444, 884)
2026-08-02 00:04:51 [DEBUG] dry-run: 跳过 click(1394, 879)
2026-08-02 00:04:52 [INFO] 右键取出仓库藏宝图 @ (1394, 879)
2026-08-02 00:04:52 [DEBUG] dry-run: 跳过 click(1342, 879)
2026-08-02 00:04:53 [INFO] 右键取出仓库藏宝图 @ (1342, 879)
2026-08-02 00:04:53 [INFO] 已右键取出 20 张未知藏宝图
2026-08-02 00:04:53 [DEBUG] dry-run: 跳过 _do()
2026-08-02 00:04:53 [INFO] 打开背包(快捷键 alt+e)
2026-08-02 00:04:53 [DEBUG] dry-run: 跳过 click(1594, 714)
2026-08-02 00:04:53 [DEBUG] 点击背包格子 1 @ [1594, 714] (right)
2026-08-02 00:04:53 [DEBUG] dry-run: 跳过 click(1645, 715)
2026-08-02 00:04:53 [DEBUG] 点击背包格子 2 @ [1645, 715] (right)
2026-08-02 00:04:53 [DEBUG] dry-run: 跳过 click(1699, 714)
2026-08-02 00:04:53 [DEBUG] 点击背包格子 3 @ [1699, 714] (right)
2026-08-02 00:04:53 [DEBUG] dry-run: 跳过 click(1746, 716)
2026-08-02 00:04:53 [DEBUG] 点击背包格子 4 @ [1746, 716] (right)
2026-08-02 00:04:53 [DEBUG] dry-run: 跳过 click(1801, 716)
2026-08-02 00:04:53 [DEBUG] 点击背包格子 5 @ [1801, 716] (right)
2026-08-02 00:04:53 [DEBUG] dry-run: 跳过 click(1799, 758)
2026-08-02 00:04:53 [DEBUG] 点击背包格子 6 @ [1799, 758] (right)
2026-08-02 00:04:53 [DEBUG] dry-run: 跳过 click(1745, 754)
2026-08-02 00:04:53 [DEBUG] 点击背包格子 7 @ [1745, 754] (right)
2026-08-02 00:04:53 [DEBUG] dry-run: 跳过 click(1694, 754)
2026-08-02 00:04:53 [DEBUG] 点击背包格子 8 @ [1694, 754] (right)
2026-08-02 00:04:53 [DEBUG] dry-run: 跳过 click(1644, 755)
2026-08-02 00:04:53 [DEBUG] 点击背包格子 9 @ [1644, 755] (right)
2026-08-02 00:04:53 [DEBUG] dry-run: 跳过 click(1585, 756)
2026-08-02 00:04:53 [DEBUG] 点击背包格子 10 @ [1585, 756] (right)
2026-08-02 00:04:53 [DEBUG] dry-run: 跳过 click(1590, 804)
2026-08-02 00:04:53 [DEBUG] 点击背包格子 11 @ [1590, 804] (right)
2026-08-02 00:04:53 [DEBUG] dry-run: 跳过 click(1638, 805)
2026-08-02 00:04:53 [DEBUG] 点击背包格子 12 @ [1638, 805] (right)
2026-08-02 00:04:53 [DEBUG] dry-run: 跳过 click(1688, 804)
2026-08-02 00:04:53 [DEBUG] 点击背包格子 13 @ [1688, 804] (right)
2026-08-02 00:04:53 [DEBUG] dry-run: 跳过 click(1737, 802)
2026-08-02 00:04:53 [DEBUG] 点击背包格子 14 @ [1737, 802] (right)
2026-08-02 00:04:53 [DEBUG] dry-run: 跳过 click(1789, 804)
2026-08-02 00:04:53 [DEBUG] 点击背包格子 15 @ [1789, 804] (right)
2026-08-02 00:04:53 [DEBUG] dry-run: 跳过 click(1785, 848)
2026-08-02 00:04:53 [DEBUG] 点击背包格子 16 @ [1785, 848] (right)
2026-08-02 00:04:53 [DEBUG] dry-run: 跳过 click(1733, 851)
2026-08-02 00:04:53 [DEBUG] 点击背包格子 17 @ [1733, 851] (right)
2026-08-02 00:04:53 [DEBUG] dry-run: 跳过 click(1681, 850)
2026-08-02 00:04:53 [DEBUG] 点击背包格子 18 @ [1681, 850] (right)
2026-08-02 00:04:53 [DEBUG] dry-run: 跳过 click(1631, 850)
2026-08-02 00:04:53 [DEBUG] 点击背包格子 19 @ [1631, 850] (right)
2026-08-02 00:04:53 [DEBUG] dry-run: 跳过 click(1584, 850)
2026-08-02 00:04:53 [DEBUG] 点击背包格子 20 @ [1584, 850] (right)
2026-08-02 00:04:53 [DEBUG] dry-run: 跳过 _do()
2026-08-02 00:04:53 [INFO] 关闭背包(快捷键 alt+e)
2026-08-02 00:04:53 [INFO] 已点击 20/20 个背包格子解封坐标(方式:right)
2026-08-02 00:04:53 [DEBUG] dry-run: 跳过 moveTo(1643, 740)
2026-08-02 00:04:54 [DEBUG] 悬停识别为空: ['跨服仓库', '仓库设置', '道具行囊', '数量']
2026-08-02 00:04:54 [WARNING] 仓库内位置1 悬停未识别到坐标, 跳过
2026-08-02 00:04:54 [DEBUG] dry-run: 跳过 moveTo(1691, 739)
2026-08-02 00:04:55 [DEBUG] 悬停识别为空: ['跨服仓库', '仓库设置', '道具行囊', '数量']
2026-08-02 00:04:55 [WARNING] 仓库内位置2 悬停未识别到坐标, 跳过
2026-08-02 00:04:55 [DEBUG] dry-run: 跳过 moveTo(1735, 740)
2026-08-02 00:04:56 [DEBUG] 悬停识别为空: ['跨服仓库', '仓库设置', '道具行囊', '数量']
2026-08-02 00:04:56 [WARNING] 仓库内位置3 悬停未识别到坐标, 跳过
2026-08-02 00:04:56 [DEBUG] dry-run: 跳过 moveTo(1778, 737)
2026-08-02 00:04:57 [DEBUG] 悬停识别为空: ['跨服仓库', '仓库设置', '道具行囊', '数量']
2026-08-02 00:04:57 [WARNING] 仓库内位置4 悬停未识别到坐标, 跳过
2026-08-02 00:04:57 [DEBUG] dry-run: 跳过 moveTo(1822, 738)
2026-08-02 00:04:58 [DEBUG] 悬停识别为空: ['跨服仓库', '仓库设置', '道具行囊', '数量']
2026-08-02 00:04:58 [WARNING] 仓库内位置5 悬停未识别到坐标, 跳过
2026-08-02 00:04:58 [DEBUG] dry-run: 跳过 moveTo(1822, 780)
2026-08-02 00:04:59 [DEBUG] 悬停识别为空: ['跨服仓库', '仓库设置', '道具行囊', '数量']
2026-08-02 00:04:59 [WARNING] 仓库内位置6 悬停未识别到坐标, 跳过
2026-08-02 00:04:59 [DEBUG] dry-run: 跳过 moveTo(1775, 779)
2026-08-02 00:05:00 [DEBUG] 悬停识别为空: ['跨服仓库', '仓库设置', '道具行囊', '数量']
2026-08-02 00:05:00 [WARNING] 仓库内位置7 悬停未识别到坐标, 跳过
2026-08-02 00:05:00 [DEBUG] dry-run: 跳过 moveTo(1729, 782)
2026-08-02 00:05:01 [DEBUG] 悬停识别为空: ['跨服仓库', '仓库设置', '道具行囊', '数量']
2026-08-02 00:05:01 [WARNING] 仓库内位置8 悬停未识别到坐标, 跳过
2026-08-02 00:05:01 [DEBUG] dry-run: 跳过 moveTo(1685, 777)
2026-08-02 00:05:02 [DEBUG] 悬停识别为空: ['跨服仓库', '仓库设置', '道具行囊', '数量']
2026-08-02 00:05:02 [WARNING] 仓库内位置9 悬停未识别到坐标, 跳过
2026-08-02 00:05:02 [DEBUG] dry-run: 跳过 moveTo(1635, 782)
2026-08-02 00:05:03 [DEBUG] 悬停识别为空: ['跨服仓库', '仓库设置', '道具行囊', '数量']
2026-08-02 00:05:03 [WARNING] 仓库内位置10 悬停未识别到坐标, 跳过
2026-08-02 00:05:03 [DEBUG] dry-run: 跳过 moveTo(1638, 828)
2026-08-02 00:05:04 [DEBUG] 悬停识别为空: ['跨服仓库', '仓库设置', '道具行囊', '数量']
2026-08-02 00:05:04 [WARNING] 仓库内位置11 悬停未识别到坐标, 跳过
2026-08-02 00:05:04 [DEBUG] dry-run: 跳过 moveTo(1689, 822)
2026-08-02 00:05:05 [DEBUG] 悬停识别为空: ['跨服仓库', '仓库设置', '道具行囊', '数量']
2026-08-02 00:05:05 [WARNING] 仓库内位置12 悬停未识别到坐标, 跳过
2026-08-02 00:05:05 [DEBUG] dry-run: 跳过 moveTo(1731, 823)
2026-08-02 00:05:06 [DEBUG] 悬停识别为空: ['跨服仓库', '仓库设置', '道具行囊', '数量']
2026-08-02 00:05:06 [WARNING] 仓库内位置13 悬停未识别到坐标, 跳过
2026-08-02 00:05:06 [DEBUG] dry-run: 跳过 moveTo(1776, 824)
2026-08-02 00:05:07 [DEBUG] 悬停识别为空: ['跨服仓库', '仓库设置', '道具行囊', '数量']
2026-08-02 00:05:07 [WARNING] 仓库内位置14 悬停未识别到坐标, 跳过
2026-08-02 00:05:07 [DEBUG] dry-run: 跳过 moveTo(1822, 824)
2026-08-02 00:05:08 [DEBUG] 悬停识别为空: ['跨服仓库', '仓库设置', '道具行囊', '数量']
2026-08-02 00:05:08 [WARNING] 仓库内位置15 悬停未识别到坐标, 跳过
2026-08-02 00:05:08 [DEBUG] dry-run: 跳过 moveTo(1825, 867)
2026-08-02 00:05:09 [DEBUG] 悬停识别为空: ['跨服仓库', '仓库设置', '道具行囊', '数量']
2026-08-02 00:05:09 [WARNING] 仓库内位置16 悬停未识别到坐标, 跳过
2026-08-02 00:05:09 [DEBUG] dry-run: 跳过 moveTo(1777, 868)
2026-08-02 00:05:10 [DEBUG] 悬停识别为空: ['跨服仓库', '仓库设置', '道具行囊', '数量']
2026-08-02 00:05:10 [WARNING] 仓库内位置17 悬停未识别到坐标, 跳过
2026-08-02 00:05:10 [DEBUG] dry-run: 跳过 moveTo(1731, 868)
2026-08-02 00:05:12 [DEBUG] 悬停识别为空: ['跨服仓库', '仓库设置', '道具行囊', '数量']
2026-08-02 00:05:12 [WARNING] 仓库内位置18 悬停未识别到坐标, 跳过
2026-08-02 00:05:12 [DEBUG] dry-run: 跳过 moveTo(1685, 869)
2026-08-02 00:05:13 [DEBUG] 悬停识别为空: ['跨服仓库', '仓库设置', '道具行囊', '数量']
2026-08-02 00:05:13 [WARNING] 仓库内位置19 悬停未识别到坐标, 跳过
2026-08-02 00:05:13 [DEBUG] dry-run: 跳过 moveTo(1642, 867)
2026-08-02 00:05:14 [DEBUG] 悬停识别为空: ['跨服仓库', '仓库设置', '道具行囊', '数量']
2026-08-02 00:05:14 [WARNING] 仓库内位置20 悬停未识别到坐标, 跳过
2026-08-02 00:05:14 [INFO] 入库完成, 成功 0/20
2026-08-02 00:05:14 [DEBUG] dry-run: 跳过 press('esc',)
2026-08-02 00:05:14 [INFO] 关闭仓库
2026-08-02 00:05:14 [INFO] 流程结束
2026-08-02 00:06:25 [INFO] 开始自动整理, 停止键: F12
2026-08-02 00:06:25 [INFO] 打开仓库 @ (30, 30) + 确认[我要进行仓库操作]
2026-08-02 00:06:25 [INFO] 右键取出仓库藏宝图 @ (50, 500)
2026-08-02 00:06:25 [INFO] 右键取出仓库藏宝图 @ (150, 500)
2026-08-02 00:06:25 [INFO] 右键取出仓库藏宝图 @ (250, 500)
2026-08-02 00:06:25 [INFO] 已右键取出 3 张未知藏宝图
2026-08-02 00:06:25 [INFO] 打开背包(快捷键 alt+e)
2026-08-02 00:06:25 [DEBUG] 点击背包格子 1 @ [150, 800] (right)
2026-08-02 00:06:25 [DEBUG] 点击背包格子 2 @ [450, 800] (right)
2026-08-02 00:06:25 [DEBUG] 点击背包格子 3 @ [750, 800] (right)
2026-08-02 00:06:25 [INFO] 已点击 3/3 个背包格子解封坐标(方式:right)
2026-08-02 00:06:25 [INFO] 关闭背包(快捷键 alt+e)
2026-08-02 00:06:27 [INFO] 坐标[星穹] -> 应存入A仓库
2026-08-02 00:06:27 [INFO] 识别到坐标[星穹]，成功存入A仓库
2026-08-02 00:06:29 [INFO] 坐标[落霞] -> 应存入B仓库
2026-08-02 00:06:29 [INFO] 识别到坐标[落霞]，成功存入B仓库
2026-08-02 00:06:30 [INFO] 坐标[长安] -> 应存入C仓库
2026-08-02 00:06:30 [INFO] 识别到坐标[长安]，成功存入C仓库
2026-08-02 00:06:30 [INFO] 入库完成, 成功 3/3
2026-08-02 00:06:30 [INFO] 关闭仓库
2026-08-02 00:06:30 [INFO] 流程结束
2026-08-02 00:08:47 [INFO] 开始自动整理, 停止键: F12
2026-08-02 00:08:49 [INFO] 打开仓库 @ (1496, 720) + 确认[我要进行仓库操作]
2026-08-02 00:08:50 [INFO] 右键取出仓库藏宝图 @ (1362, 744)
2026-08-02 00:08:51 [INFO] 右键取出仓库藏宝图 @ (1406, 744)
2026-08-02 00:08:52 [INFO] 右键取出仓库藏宝图 @ (1450, 746)
2026-08-02 00:08:53 [INFO] 右键取出仓库藏宝图 @ (1495, 748)
2026-08-02 00:08:54 [INFO] 右键取出仓库藏宝图 @ (1537, 745)
2026-08-02 00:08:55 [INFO] 右键取出仓库藏宝图 @ (1355, 797)
2026-08-02 00:08:57 [INFO] 右键取出仓库藏宝图 @ (1406, 798)
2026-08-02 00:08:58 [INFO] 右键取出仓库藏宝图 @ (1457, 797)
2026-08-02 00:08:59 [INFO] 右键取出仓库藏宝图 @ (1504, 793)
2026-08-02 00:09:00 [INFO] 右键取出仓库藏宝图 @ (1548, 793)
2026-08-02 00:09:01 [INFO] 右键取出仓库藏宝图 @ (1347, 839)
2026-08-02 00:09:02 [INFO] 右键取出仓库藏宝图 @ (1396, 840)
2026-08-02 00:09:03 [INFO] 右键取出仓库藏宝图 @ (1442, 841)
2026-08-02 00:09:04 [INFO] 右键取出仓库藏宝图 @ (1492, 842)
2026-08-02 00:09:06 [INFO] 右键取出仓库藏宝图 @ (1538, 842)
2026-08-02 00:09:07 [INFO] 右键取出仓库藏宝图 @ (1543, 883)
2026-08-02 00:09:08 [INFO] 右键取出仓库藏宝图 @ (1489, 881)
2026-08-02 00:09:09 [INFO] 右键取出仓库藏宝图 @ (1444, 884)
2026-08-02 00:09:10 [INFO] 右键取出仓库藏宝图 @ (1394, 879)
2026-08-02 00:09:11 [INFO] 右键取出仓库藏宝图 @ (1342, 879)
2026-08-02 00:09:11 [INFO] 已右键取出 20 张未知藏宝图
2026-08-02 00:09:12 [INFO] 打开背包(快捷键 alt+e)
2026-08-02 00:09:12 [DEBUG] 点击背包格子 1 @ [1594, 714] (right)
2026-08-02 00:09:13 [DEBUG] 点击背包格子 2 @ [1645, 715] (right)
2026-08-02 00:09:13 [DEBUG] 点击背包格子 3 @ [1699, 714] (right)
2026-08-02 00:09:14 [DEBUG] 点击背包格子 4 @ [1746, 716] (right)
2026-08-02 00:09:14 [DEBUG] 点击背包格子 5 @ [1801, 716] (right)
2026-08-02 00:09:15 [DEBUG] 点击背包格子 6 @ [1799, 758] (right)
2026-08-02 00:09:15 [DEBUG] 点击背包格子 7 @ [1745, 754] (right)
2026-08-02 00:09:16 [DEBUG] 点击背包格子 8 @ [1694, 754] (right)
2026-08-02 00:09:16 [DEBUG] 点击背包格子 9 @ [1644, 755] (right)
2026-08-02 00:09:17 [DEBUG] 点击背包格子 10 @ [1585, 756] (right)
2026-08-02 00:09:17 [DEBUG] 点击背包格子 11 @ [1590, 804] (right)
2026-08-02 00:09:18 [DEBUG] 点击背包格子 12 @ [1638, 805] (right)
2026-08-02 00:09:18 [DEBUG] 点击背包格子 13 @ [1688, 804] (right)
2026-08-02 00:09:19 [DEBUG] 点击背包格子 14 @ [1737, 802] (right)
2026-08-02 00:09:19 [DEBUG] 点击背包格子 15 @ [1789, 804] (right)
2026-08-02 00:09:20 [DEBUG] 点击背包格子 16 @ [1785, 848] (right)
2026-08-02 00:09:20 [DEBUG] 点击背包格子 17 @ [1733, 851] (right)
2026-08-02 00:09:21 [DEBUG] 点击背包格子 18 @ [1681, 850] (right)
2026-08-02 00:09:22 [DEBUG] 点击背包格子 19 @ [1631, 850] (right)
2026-08-02 00:09:22 [DEBUG] 点击背包格子 20 @ [1584, 850] (right)
2026-08-02 00:09:22 [INFO] 已点击 20/20 个背包格子解封坐标(方式:right)
2026-08-02 00:09:22 [INFO] 关闭背包(快捷键 alt+e)
2026-08-02 00:09:25 [DEBUG] 悬停识别为空: ['道具', '行囊', '任务', '藏宝图', '一张记着藏宝地点的地图', '【类型】', '虫的藏宝图', '【坐标】', '傲来国（108.60）', '使用起来和藏宝图没什么区别', '空掘时有', '定几率费得5占元']
2026-08-02 00:09:25 [WARNING] 仓库内位置1 悬停未识别到坐标, 跳过
2026-08-02 00:09:27 [DEBUG] 悬停识别为空: ['道具', '行囊', '任务', '藏宝图', '一张记着藏宝地点的地图。', '【类型】', '普通藏宝图', '【坐标】', '建邮城（255，29）']
2026-08-02 00:09:27 [WARNING] 仓库内位置2 悬停未识别到坐标, 跳过
2026-08-02 00:09:28 [DEBUG] 悬停识别为空: ['道具', '行囊', '任务', '藏宝图', '一张记着藏宝地点的地图', '【类型】', '狸的藏宝图', '【坐标】江南野外（35，70', '使用起来和藏宝图没什么', '空掘时衣', '定几率费得']
2026-08-02 00:09:28 [WARNING] 仓库内位置3 悬停未识别到坐标, 跳过
2026-08-02 00:09:30 [DEBUG] 悬停识别为空: ['道具', '行囊', '任务', '藏宝图', '一张记着藏宝地点的地', '【类型】', '龟的藏宝图', '【坐标】3', '建邮城（81，105', '使用起来和藏宝图没什', '挖掘时有一定几率获']
2026-08-02 00:09:30 [WARNING] 仓库内位置4 悬停未识别到坐标, 跳过
2026-08-02 00:09:32 [DEBUG] 悬停识别为空: ['道具', '行囊', '任务']
2026-08-02 00:09:32 [WARNING] 仓库内位置5 悬停未识别到坐标, 跳过
2026-08-02 00:09:33 [DEBUG] 悬停识别为空: ['道具', '行囊', '任务']
2026-08-02 00:09:33 [WARNING] 仓库内位置6 悬停未识别到坐标, 跳过
2026-08-02 00:09:35 [DEBUG] 悬停识别为空: ['道具', '行囊', '任务', '藏宝图', '一张记着藏宝地点的地', '【类型】', '龟的藏宝图']
2026-08-02 00:09:35 [WARNING] 仓库内位置7 悬停未识别到坐标, 跳过
2026-08-02 00:09:36 [DEBUG] 悬停识别为空: ['道具', '行囊', '任务']
2026-08-02 00:09:36 [WARNING] 仓库内位置8 悬停未识别到坐标, 跳过
2026-08-02 00:09:38 [DEBUG] 悬停识别为空: ['跨服仓库', '仓库设置', '道具行囊', '数量', '藏宝图', '一张记着藏宝地点的地图。', '【类型】', '虫的藏宝图']
2026-08-02 00:09:38 [WARNING] 仓库内位置9 悬停未识别到坐标, 跳过
2026-08-02 00:09:39 [DEBUG] 悬停识别为空: ['跨服仓库', '仓库设置', '道具行囊', '数量', '藏宝图', '一张记着藏宝地点的地图。', '【类型】', '龙的藏宝图']
2026-08-02 00:09:39 [WARNING] 仓库内位置10 悬停未识别到坐标, 跳过
2026-08-02 00:09:41 [DEBUG] 悬停识别为空: ['【类型】', '普通藏宝图', '仓库设', '【坐标】', '麒麟山（93.96）', '道具行囊', '数量']
2026-08-02 00:09:41 [WARNING] 仓库内位置11 悬停未识别到坐标, 跳过
2026-08-02 00:09:43 [DEBUG] 悬停识别为空: ['【类型】', '龟的藏宝图', '【坐标】', '麒麟山（67,11）', '使用起来和藏宝图没什么区别', '挖掘时有一定几率获得5点动', '物龟的物种线索', '数']
2026-08-02 00:09:43 [WARNING] 仓库内位置12 悬停未识别到坐标, 跳过
2026-08-02 00:09:45 [DEBUG] 悬停识别为空: ['【类型】', '狸的藏宝图', '【坐标】傲来国（104，48）', '使用起来和藏宝图没什么区', '挖掘时有一定几率获得5', '物狸的物种线索']
2026-08-02 00:09:45 [WARNING] 仓库内位置13 悬停未识别到坐标, 跳过
2026-08-02 00:09:46 [DEBUG] 悬停识别为空: ['跨服仓库', '仓库设置', '道具行囊', '数量']
2026-08-02 00:09:46 [WARNING] 仓库内位置14 悬停未识别到坐标, 跳过
2026-08-02 00:09:47 [DEBUG] 悬停识别为空: ['跨服仓库', '仓库设置', '道具行囊', '数量']
2026-08-02 00:09:47 [WARNING] 仓库内位置15 悬停未识别到坐标, 跳过
2026-08-02 00:09:49 [DEBUG] 悬停识别为空: ['跨服仓库', '仓库设置', '道具行囊', '数量']
2026-08-02 00:09:49 [WARNING] 仓库内位置16 悬停未识别到坐标, 跳过
2026-08-02 00:09:50 [DEBUG] 悬停识别为空: ['跨服仓库', '仓库设置', '道具行囊', '数量']
2026-08-02 00:09:50 [WARNING] 仓库内位置17 悬停未识别到坐标, 跳过
2026-08-02 00:09:52 [DEBUG] 悬停识别为空: ['跨服仓库', '仓库设置', '道具行囊', '数量']
2026-08-02 00:09:52 [WARNING] 仓库内位置18 悬停未识别到坐标, 跳过
2026-08-02 00:09:53 [DEBUG] 悬停识别为空: ['跨服仓库', '仓库设置', '道具行囊', '数量']
2026-08-02 00:09:53 [WARNING] 仓库内位置19 悬停未识别到坐标, 跳过
2026-08-02 00:09:55 [DEBUG] 悬停识别为空: ['跨服仓库', '仓库设置', '道具行囊', '数量']
2026-08-02 00:09:55 [WARNING] 仓库内位置20 悬停未识别到坐标, 跳过
2026-08-02 00:09:55 [INFO] 入库完成, 成功 0/20
2026-08-02 00:09:55 [INFO] 关闭仓库
2026-08-02 00:09:55 [INFO] 流程结束
2026-08-02 00:10:34 [INFO] 开始自动整理, 停止键: F12
2026-08-02 00:10:36 [INFO] 打开仓库 @ (1496, 720) + 确认[我要进行仓库操作]
2026-08-02 00:10:37 [INFO] 右键取出仓库藏宝图 @ (1362, 744)
2026-08-02 00:10:38 [INFO] 右键取出仓库藏宝图 @ (1406, 744)
2026-08-02 00:10:39 [INFO] 右键取出仓库藏宝图 @ (1450, 746)
2026-08-02 00:10:40 [INFO] 右键取出仓库藏宝图 @ (1495, 748)
2026-08-02 00:10:41 [INFO] 右键取出仓库藏宝图 @ (1537, 745)
2026-08-02 00:10:42 [INFO] 右键取出仓库藏宝图 @ (1355, 797)
2026-08-02 00:10:44 [INFO] 右键取出仓库藏宝图 @ (1406, 798)
2026-08-02 00:10:45 [INFO] 右键取出仓库藏宝图 @ (1457, 797)
2026-08-02 00:10:46 [INFO] 右键取出仓库藏宝图 @ (1504, 793)
2026-08-02 00:10:47 [INFO] 右键取出仓库藏宝图 @ (1548, 793)
2026-08-02 00:10:48 [INFO] 右键取出仓库藏宝图 @ (1347, 839)
2026-08-02 00:10:49 [INFO] 右键取出仓库藏宝图 @ (1396, 840)
2026-08-02 00:10:50 [INFO] 右键取出仓库藏宝图 @ (1442, 841)
2026-08-02 00:10:51 [INFO] 右键取出仓库藏宝图 @ (1492, 842)
2026-08-02 00:10:53 [INFO] 右键取出仓库藏宝图 @ (1538, 842)
2026-08-02 00:10:54 [INFO] 右键取出仓库藏宝图 @ (1543, 883)
2026-08-02 00:10:55 [INFO] 右键取出仓库藏宝图 @ (1489, 881)
2026-08-02 00:10:56 [INFO] 右键取出仓库藏宝图 @ (1444, 884)
2026-08-02 00:10:57 [INFO] 右键取出仓库藏宝图 @ (1394, 879)
2026-08-02 00:10:58 [INFO] 右键取出仓库藏宝图 @ (1342, 879)
2026-08-02 00:10:58 [INFO] 已右键取出 20 张未知藏宝图
2026-08-02 00:10:59 [INFO] 打开背包(快捷键 alt+e)
2026-08-02 00:10:59 [DEBUG] 点击背包格子 1 @ [1594, 714] (right)
2026-08-02 00:11:00 [DEBUG] 点击背包格子 2 @ [1645, 715] (right)
2026-08-02 00:11:00 [DEBUG] 点击背包格子 3 @ [1699, 714] (right)
2026-08-02 00:11:01 [DEBUG] 点击背包格子 4 @ [1746, 716] (right)
2026-08-02 00:11:01 [DEBUG] 点击背包格子 5 @ [1801, 716] (right)
2026-08-02 00:11:02 [DEBUG] 点击背包格子 6 @ [1799, 758] (right)
2026-08-02 00:11:02 [DEBUG] 点击背包格子 7 @ [1745, 754] (right)
2026-08-02 00:11:03 [DEBUG] 点击背包格子 8 @ [1694, 754] (right)
2026-08-02 00:11:03 [DEBUG] 点击背包格子 9 @ [1644, 755] (right)
2026-08-02 00:11:04 [DEBUG] 点击背包格子 10 @ [1585, 756] (right)
2026-08-02 00:11:04 [DEBUG] 点击背包格子 11 @ [1590, 804] (right)
2026-08-02 00:11:05 [DEBUG] 点击背包格子 12 @ [1638, 805] (right)
2026-08-02 00:11:05 [DEBUG] 点击背包格子 13 @ [1688, 804] (right)
2026-08-02 00:11:06 [DEBUG] 点击背包格子 14 @ [1737, 802] (right)
2026-08-02 00:11:06 [DEBUG] 点击背包格子 15 @ [1789, 804] (right)
2026-08-02 00:11:07 [DEBUG] 点击背包格子 16 @ [1785, 848] (right)
2026-08-02 00:11:07 [DEBUG] 点击背包格子 17 @ [1733, 851] (right)
2026-08-02 00:11:08 [DEBUG] 点击背包格子 18 @ [1681, 850] (right)
2026-08-02 00:11:08 [INFO] 已点击 18/20 个背包格子解封坐标(方式:right)
2026-08-02 00:11:08 [INFO] 关闭背包(快捷键 alt+e)
2026-08-02 00:11:10 [DEBUG] 悬停识别为空: ['道具', '行囊', '任务']
2026-08-02 00:11:10 [WARNING] 仓库内位置1 悬停未识别到坐标, 跳过
2026-08-02 00:11:12 [DEBUG] 悬停识别为空: ['道具', '行囊', '任务']
2026-08-02 00:11:12 [WARNING] 仓库内位置2 悬停未识别到坐标, 跳过
2026-08-02 00:11:14 [DEBUG] 悬停识别为空: ['道具', '行囊', '任务', '宝图', '张记着藏宝地点的地图。', '类型】', '龙的藏宝图', '坐标】', '狮驼岭（25.85）', '用起来和藏宝图没什么区别', '挖掘时有一定几率获得5点龙', '的物种线索']
2026-08-02 00:11:14 [WARNING] 仓库内位置3 悬停未识别到坐标, 跳过
2026-08-02 00:11:15 [DEBUG] 悬停识别为空: ['道具', '行囊', '任务']
2026-08-02 00:11:15 [WARNING] 仓库内位置4 悬停未识别到坐标, 跳过
2026-08-02 00:11:17 [DEBUG] 悬停识别为空: ['道具', '行囊', '任务', '藏宝图', '一', '张记着藏宝地点的地图', '【类型】', '普通藏宝图', '【坐标】大唐国境（136.55）']
2026-08-02 00:11:17 [WARNING] 仓库内位置5 悬停未识别到坐标, 跳过
2026-08-02 00:11:18 [DEBUG] 悬停识别为空: ['道具', '行囊', '任务']
2026-08-02 00:11:18 [WARNING] 仓库内位置6 悬停未识别到坐标, 跳过
2026-08-02 00:11:20 [DEBUG] 悬停识别为空: ['道具', '行囊', '任务']
2026-08-02 00:11:20 [WARNING] 仓库内位置7 悬停未识别到坐标, 跳过
2026-08-02 00:11:21 [DEBUG] 悬停识别为空: ['道具', '行囊', '任务']
2026-08-02 00:11:21 [WARNING] 仓库内位置8 悬停未识别到坐标, 跳过
2026-08-02 00:11:23 [DEBUG] 悬停识别为空: ['道具', '行囊', '任务']
2026-08-02 00:11:23 [WARNING] 仓库内位置9 悬停未识别到坐标, 跳过
2026-08-02 00:11:24 [DEBUG] 悬停识别为空: ['道具', '行囊', '任务', '藏宝图', '一张记着藏宝地点的地图']
2026-08-02 00:11:24 [WARNING] 仓库内位置10 悬停未识别到坐标, 跳过
2026-08-02 00:11:26 [DEBUG] 悬停识别为空: ['道具', '行囊', '任务']
2026-08-02 00:11:26 [WARNING] 仓库内位置11 悬停未识别到坐标, 跳过
2026-08-02 00:11:28 [DEBUG] 悬停识别为空: ['任务追踪', '百晓钟道抓鬼', '帮助钟道捉拿鬼', '将千年魂魄交给', '星君兑换奖励！', '百晓鬼王任务', '小魔头', '帮助黑无常捉拿', '将无常令交给', '星君兑换奖励', '打升系统', '设置（Alt+s）', '选择', '“互通版下', '载”', '即刻开启《']
2026-08-02 00:11:28 [WARNING] 仓库内位置12 悬停未识别到坐标, 跳过
2026-08-02 00:11:29 [DEBUG] 悬停识别为空: ['任务追踪', '百晓钟抓鬼', '帮助钟道捉拿鬼', '将千年魂魄交给', '星君兑换奖励！', '百晓鬼王任务', '小魔头', '帮助黑无常捉拿', '将无常令交给', '星君兑换奖励。']
2026-08-02 00:11:29 [WARNING] 仓库内位置13 悬停未识别到坐标, 跳过
2026-08-02 00:11:31 [DEBUG] 悬停识别为空: ['任务追踪', '百晓钟抓鬼', '帮助钟道捉拿鬼', '将千年魂魄交给', '星君兑换奖励！', '百晓鬼王任务', '小魔头', '帮助黑无常捉拿', '将无常令交给', '星君兑换奖励。']
2026-08-02 00:11:31 [WARNING] 仓库内位置14 悬停未识别到坐标, 跳过
2026-08-02 00:11:32 [DEBUG] 悬停识别为空: ['任务追踪', '百晓钟抓鬼', '帮助钟道捉拿鬼', '将千年魂魄交给', '星君兑换奖励！', '百晓鬼王任务', '小魔头', '帮助黑无常捉拿', '将无常令交给', '星君兑换奖励']
2026-08-02 00:11:32 [WARNING] 仓库内位置15 悬停未识别到坐标, 跳过
2026-08-02 00:11:34 [DEBUG] 悬停识别为空: ['任务追踪', '百晓钟抓鬼', '帮助钟道捉拿鬼', '将千年魂魄交给', '星君兑换奖励！', '百晓鬼王任务', '帮助黑无常捉拿', '将无常令交给', '星君兑换奖励。']
2026-08-02 00:11:34 [WARNING] 仓库内位置16 悬停未识别到坐标, 跳过
2026-08-02 00:11:36 [DEBUG] 悬停识别为空: ['任务追踪', '百晓钟抓鬼', '帮助钟道捉拿鬼', '将千年魂魄交给', '星君兑换奖励！', '百晓鬼王任务', '小魔头', '帮助黑无常捉拿', '将无常令交给', '星君兑换奖励。']
2026-08-02 00:11:36 [WARNING] 仓库内位置17 悬停未识别到坐标, 跳过
2026-08-02 00:11:37 [DEBUG] 悬停识别为空: ['任务追踪', '百晓钟抓鬼', '帮助钟道捉拿鬼', '将千年魂魄交给', '星君兑换奖励！', '百晓鬼王任务', '小魔头', '帮助黑无常捉拿', '将无常令交', '给', '星君兑换奖励', '打升系统', '设置（Alt+s）', '选择“互通版下', '即刻开启']
2026-08-02 00:11:37 [WARNING] 仓库内位置18 悬停未识别到坐标, 跳过
2026-08-02 00:11:39 [DEBUG] 悬停识别为空: ['任务追踪', '百晓钟道抓鬼', '帮助钟道捉拿鬼', '将千年魂魄交给', '星君兑换奖励！', '百晓鬼王任务', '小魔头', '帮助黑无常捉拿', '将无常令交', '给', '星君兑换奖励', '打升系统', '设置（Alt+s）', '选择“互通版下', '”即刻开启']
2026-08-02 00:11:39 [WARNING] 仓库内位置19 悬停未识别到坐标, 跳过
2026-08-02 00:11:40 [DEBUG] 悬停识别为空: ['任务追踪', '百晓钟抓鬼', '帮助钟道捉拿鬼', '将千年魂魄交给', '星君兑换奖励！', '百晓鬼王任务', '小魔买', '帮助黑无常捉拿', '将无常令交', '必缘', '给', '星君兑换奖励', '打升系统', '设置（Alt+s）', '选择“互通版下', '”即刻开启']
2026-08-02 00:11:40 [WARNING] 仓库内位置20 悬停未识别到坐标, 跳过
2026-08-02 00:11:40 [INFO] 入库完成, 成功 0/20
2026-08-02 00:11:41 [INFO] 关闭仓库
2026-08-02 00:11:41 [INFO] 流程结束
2026-08-02 00:11:57 [INFO] 开始自动整理, 停止键: F12
2026-08-02 00:11:59 [INFO] 打开仓库 @ (1496, 720) + 确认[我要进行仓库操作]
2026-08-02 00:12:00 [INFO] 右键取出仓库藏宝图 @ (1362, 744)
2026-08-02 00:12:01 [INFO] 右键取出仓库藏宝图 @ (1406, 744)
2026-08-02 00:12:02 [INFO] 右键取出仓库藏宝图 @ (1450, 746)
2026-08-02 00:12:03 [INFO] 右键取出仓库藏宝图 @ (1495, 748)
2026-08-02 00:12:04 [INFO] 右键取出仓库藏宝图 @ (1537, 745)
2026-08-02 00:12:05 [INFO] 右键取出仓库藏宝图 @ (1355, 797)
2026-08-02 00:12:07 [INFO] 右键取出仓库藏宝图 @ (1406, 798)
2026-08-02 00:12:08 [INFO] 右键取出仓库藏宝图 @ (1457, 797)
2026-08-02 00:12:09 [INFO] 右键取出仓库藏宝图 @ (1504, 793)
2026-08-02 00:12:10 [INFO] 右键取出仓库藏宝图 @ (1548, 793)
2026-08-02 00:12:11 [INFO] 右键取出仓库藏宝图 @ (1347, 839)
2026-08-02 00:12:12 [INFO] 右键取出仓库藏宝图 @ (1396, 840)
2026-08-02 00:12:13 [INFO] 右键取出仓库藏宝图 @ (1442, 841)
2026-08-02 00:12:14 [INFO] 已右键取出 13 张未知藏宝图
2026-08-02 00:12:14 [INFO] 打开背包(快捷键 alt+e)
2026-08-02 00:12:15 [INFO] 已点击 0/20 个背包格子解封坐标(方式:right)
2026-08-02 00:12:15 [INFO] 关闭背包(快捷键 alt+e)
2026-08-02 00:12:20 [INFO] 关闭仓库
2026-08-02 00:12:20 [INFO] 流程结束
2026-08-02 00:14:46 [INFO] 开始自动整理, 停止键: F12
2026-08-02 00:14:46 [INFO] 打开仓库 @ (30, 30) + 确认[我要进行仓库操作]
2026-08-02 00:14:46 [INFO] 右键取出仓库藏宝图 @ (50, 500)
2026-08-02 00:14:46 [INFO] 右键取出仓库藏宝图 @ (150, 500)
2026-08-02 00:14:46 [INFO] 右键取出仓库藏宝图 @ (250, 500)
2026-08-02 00:14:46 [INFO] 已右键取出 3 张未知藏宝图
2026-08-02 00:14:46 [INFO] 打开背包(快捷键 alt+e)
2026-08-02 00:14:46 [DEBUG] 点击背包格子 1 @ [150, 800] (right)
2026-08-02 00:14:47 [DEBUG] 点击背包格子 2 @ [450, 800] (right)
2026-08-02 00:14:48 [DEBUG] 点击背包格子 3 @ [750, 800] (right)
2026-08-02 00:14:49 [INFO] 已点击 3/3 个背包格子解封坐标(方式:right)
2026-08-02 00:14:49 [INFO] 关闭背包(快捷键 alt+e)
2026-08-02 00:14:51 [INFO] 坐标[星穹] -> 应存入A仓库
2026-08-02 00:14:51 [INFO] 识别到坐标[星穹]，成功存入A仓库
2026-08-02 00:14:53 [INFO] 坐标[落霞] -> 应存入B仓库
2026-08-02 00:14:53 [INFO] 识别到坐标[落霞]，成功存入B仓库
2026-08-02 00:14:54 [INFO] 坐标[长安] -> 应存入C仓库
2026-08-02 00:14:54 [INFO] 识别到坐标[长安]，成功存入C仓库
2026-08-02 00:14:54 [INFO] 入库完成, 成功 3/3
2026-08-02 00:14:54 [INFO] 关闭仓库
2026-08-02 00:14:54 [INFO] 流程结束
2026-08-02 00:15:19 [INFO] 开始自动整理, 停止键: F12
2026-08-02 00:15:22 [INFO] 打开仓库 @ (1496, 720) + 确认[我要进行仓库操作]
2026-08-02 00:15:23 [INFO] 右键取出仓库藏宝图 @ (1362, 744)
2026-08-02 00:15:25 [INFO] 右键取出仓库藏宝图 @ (1406, 744)
2026-08-02 00:15:27 [INFO] 右键取出仓库藏宝图 @ (1450, 746)
2026-08-02 00:15:28 [INFO] 右键取出仓库藏宝图 @ (1495, 748)
2026-08-02 00:15:30 [INFO] 右键取出仓库藏宝图 @ (1537, 745)
2026-08-02 00:15:32 [INFO] 右键取出仓库藏宝图 @ (1355, 797)
2026-08-02 00:15:34 [INFO] 右键取出仓库藏宝图 @ (1406, 798)
2026-08-02 00:15:35 [INFO] 右键取出仓库藏宝图 @ (1457, 797)
2026-08-02 00:15:37 [INFO] 右键取出仓库藏宝图 @ (1504, 793)
2026-08-02 00:15:39 [INFO] 右键取出仓库藏宝图 @ (1548, 793)
2026-08-02 00:15:41 [INFO] 右键取出仓库藏宝图 @ (1347, 839)
2026-08-02 00:15:42 [INFO] 右键取出仓库藏宝图 @ (1396, 840)
2026-08-02 00:15:44 [INFO] 右键取出仓库藏宝图 @ (1442, 841)
2026-08-02 00:15:46 [INFO] 右键取出仓库藏宝图 @ (1492, 842)
2026-08-02 00:15:47 [INFO] 右键取出仓库藏宝图 @ (1538, 842)
2026-08-02 00:15:49 [INFO] 右键取出仓库藏宝图 @ (1543, 883)
2026-08-02 00:15:51 [INFO] 右键取出仓库藏宝图 @ (1489, 881)
2026-08-02 00:15:53 [INFO] 右键取出仓库藏宝图 @ (1444, 884)
2026-08-02 00:15:54 [INFO] 右键取出仓库藏宝图 @ (1394, 879)
2026-08-02 00:15:56 [INFO] 右键取出仓库藏宝图 @ (1342, 879)
2026-08-02 00:15:56 [INFO] 已右键取出 20 张未知藏宝图
2026-08-02 00:15:57 [INFO] 打开背包(快捷键 alt+e)
2026-08-02 00:15:57 [DEBUG] 点击背包格子 1 @ [1594, 714] (right)
2026-08-02 00:15:59 [DEBUG] 点击背包格子 2 @ [1645, 715] (right)
2026-08-02 00:16:00 [DEBUG] 点击背包格子 3 @ [1699, 714] (right)
2026-08-02 00:16:02 [DEBUG] 点击背包格子 4 @ [1746, 716] (right)
2026-08-02 00:16:04 [DEBUG] 点击背包格子 5 @ [1801, 716] (right)
2026-08-02 00:16:05 [DEBUG] 点击背包格子 6 @ [1799, 758] (right)
2026-08-02 00:16:07 [DEBUG] 点击背包格子 7 @ [1745, 754] (right)
2026-08-02 00:16:08 [INFO] 关闭仓库
2026-08-02 00:16:08 [INFO] 流程结束
2026-08-02 00:16:40 [INFO] 开始自动整理, 停止键: F12
2026-08-02 00:16:43 [INFO] 打开仓库 @ (1496, 720) + 确认[我要进行仓库操作]
2026-08-02 00:16:45 [INFO] 右键取出仓库藏宝图 @ (1362, 744)
2026-08-02 00:16:46 [INFO] 右键取出仓库藏宝图 @ (1406, 744)
2026-08-02 00:16:48 [INFO] 右键取出仓库藏宝图 @ (1450, 746)
2026-08-02 00:16:50 [INFO] 右键取出仓库藏宝图 @ (1495, 748)
2026-08-02 00:16:52 [INFO] 右键取出仓库藏宝图 @ (1537, 745)
2026-08-02 00:16:53 [INFO] 右键取出仓库藏宝图 @ (1355, 797)
2026-08-02 00:16:55 [INFO] 右键取出仓库藏宝图 @ (1406, 798)
2026-08-02 00:16:57 [INFO] 右键取出仓库藏宝图 @ (1457, 797)
2026-08-02 00:16:58 [INFO] 右键取出仓库藏宝图 @ (1504, 793)
2026-08-02 00:17:00 [INFO] 右键取出仓库藏宝图 @ (1548, 793)
2026-08-02 00:17:02 [INFO] 右键取出仓库藏宝图 @ (1347, 839)
2026-08-02 00:17:04 [INFO] 右键取出仓库藏宝图 @ (1396, 840)
2026-08-02 00:17:05 [INFO] 右键取出仓库藏宝图 @ (1442, 841)
2026-08-02 00:17:07 [INFO] 右键取出仓库藏宝图 @ (1492, 842)
2026-08-02 00:17:09 [INFO] 右键取出仓库藏宝图 @ (1538, 842)
2026-08-02 00:17:11 [INFO] 右键取出仓库藏宝图 @ (1543, 883)
2026-08-02 00:17:12 [INFO] 右键取出仓库藏宝图 @ (1489, 881)
2026-08-02 00:17:14 [INFO] 右键取出仓库藏宝图 @ (1444, 884)
2026-08-02 00:17:16 [INFO] 右键取出仓库藏宝图 @ (1394, 879)
2026-08-02 00:17:18 [INFO] 右键取出仓库藏宝图 @ (1342, 879)
2026-08-02 00:17:18 [INFO] 已右键取出 20 张未知藏宝图
2026-08-02 00:17:18 [INFO] 打开背包(快捷键 alt+e)
2026-08-02 00:17:19 [DEBUG] 点击背包格子 1 @ [1594, 714] (right)
2026-08-02 00:17:20 [DEBUG] 点击背包格子 2 @ [1645, 715] (right)
2026-08-02 00:17:22 [DEBUG] 点击背包格子 3 @ [1699, 714] (right)
2026-08-02 00:17:23 [DEBUG] 点击背包格子 4 @ [1746, 716] (right)
2026-08-02 00:17:25 [DEBUG] 点击背包格子 5 @ [1801, 716] (right)
2026-08-02 00:17:27 [DEBUG] 点击背包格子 6 @ [1799, 758] (right)
2026-08-02 00:17:28 [DEBUG] 点击背包格子 7 @ [1745, 754] (right)
2026-08-02 00:17:30 [DEBUG] 点击背包格子 8 @ [1694, 754] (right)
2026-08-02 00:17:31 [DEBUG] 点击背包格子 9 @ [1644, 755] (right)
2026-08-02 00:17:33 [DEBUG] 点击背包格子 10 @ [1585, 756] (right)
2026-08-02 00:17:34 [DEBUG] 点击背包格子 11 @ [1590, 804] (right)
2026-08-02 00:17:36 [DEBUG] 点击背包格子 12 @ [1638, 805] (right)
2026-08-02 00:17:37 [DEBUG] 点击背包格子 13 @ [1688, 804] (right)
2026-08-02 00:17:39 [DEBUG] 点击背包格子 14 @ [1737, 802] (right)
2026-08-02 00:17:40 [DEBUG] 点击背包格子 15 @ [1789, 804] (right)
2026-08-02 00:17:42 [DEBUG] 点击背包格子 16 @ [1785, 848] (right)
2026-08-02 00:17:43 [DEBUG] 点击背包格子 17 @ [1733, 851] (right)
2026-08-02 00:17:45 [DEBUG] 点击背包格子 18 @ [1681, 850] (right)
2026-08-02 00:17:46 [DEBUG] 点击背包格子 19 @ [1631, 850] (right)
2026-08-02 00:17:48 [DEBUG] 点击背包格子 20 @ [1584, 850] (right)
2026-08-02 00:17:49 [INFO] 已点击 20/20 个背包格子解封坐标(方式:right)
2026-08-02 00:17:49 [INFO] 关闭背包(快捷键 alt+e)
2026-08-02 00:17:52 [DEBUG] 悬停识别为空: ['道具', '行囊', '任务', '藏宝图', '一张记着藏宝地点的地图', '【类型】', '狸的藏宝图', '【坐标】朱紫国（23，53）', '使用起来和藏宝图没什么区别', '挖掘时有一定几率获得5点动', '物狸的物种线索']
2026-08-02 00:17:52 [WARNING] 仓库内位置1 悬停未识别到坐标, 跳过
2026-08-02 00:17:54 [DEBUG] 悬停识别为空: ['道具', '行囊', '任务', '藏宝图', '一张记着藏宝地点的地图', '【类型】音', '普通藏宝图', '【坐标】底', '麒麟山(93.96)']
2026-08-02 00:17:54 [WARNING] 仓库内位置2 悬停未识别到坐标, 跳过
2026-08-02 00:17:57 [DEBUG] 悬停识别为空: ['道具', '行囊', '任务']
2026-08-02 00:17:57 [WARNING] 仓库内位置3 悬停未识别到坐标, 跳过
2026-08-02 00:17:59 [DEBUG] 悬停识别为空: ['跨服仓库', '仓库设置', '道具行囊', '藏宝图', '一张记着藏宝地点的地图', '【类型】', '普通藏宝图', '【坐标】麒麟山（93.96）']
2026-08-02 00:17:59 [WARNING] 仓库内位置4 悬停未识别到坐标, 跳过
2026-08-02 00:18:01 [DEBUG] 悬停识别为空: ['跨服仓库', '仓库设置', '道具行囊', '数量', '藏宝图', '一张记着藏宝地点的地', '【类型】！', '虫的藏宝图', '【坐标】', '傲来国（108.60', '使用起来和藏宝图没什', '挖掘时有一定几率获', '物虫的物种线索']
2026-08-02 00:18:01 [WARNING] 仓库内位置5 悬停未识别到坐标, 跳过
2026-08-02 00:18:04 [DEBUG] 悬停识别为空: ['跨服仓库', '仓库设置', '道具行囊', '数量', '藏宝图', '一张记着藏宝地点的地']
2026-08-02 00:18:04 [WARNING] 仓库内位置6 悬停未识别到坐标, 跳过
2026-08-02 00:18:06 [INFO] 关闭仓库
2026-08-02 00:18:06 [INFO] 流程结束
2026-08-02 00:25:56 [INFO] 开始自动整理, 停止键: F12
2026-08-02 00:25:56 [INFO] 打开仓库 @ (30, 30) + 确认[我要进行仓库操作]
2026-08-02 00:25:56 [INFO] 已选中仓库[A仓库], 开始取出
2026-08-02 00:25:56 [INFO] 右键取出仓库藏宝图 @ (50, 500)
2026-08-02 00:25:56 [INFO] 右键取出仓库藏宝图 @ (150, 500)
2026-08-02 00:25:56 [INFO] 右键取出仓库藏宝图 @ (250, 500)
2026-08-02 00:25:56 [INFO] 已选中仓库[B仓库], 开始取出
2026-08-02 00:25:56 [INFO] 右键取出仓库藏宝图 @ (50, 500)
2026-08-02 00:25:57 [INFO] 右键取出仓库藏宝图 @ (150, 500)
2026-08-02 00:25:57 [INFO] 右键取出仓库藏宝图 @ (250, 500)
2026-08-02 00:25:57 [INFO] 已选中仓库[C仓库], 开始取出
2026-08-02 00:25:57 [INFO] 右键取出仓库藏宝图 @ (50, 500)
2026-08-02 00:25:57 [INFO] 右键取出仓库藏宝图 @ (150, 500)
2026-08-02 00:25:57 [INFO] 右键取出仓库藏宝图 @ (250, 500)
2026-08-02 00:25:57 [INFO] 已右键取出 9 张未知藏宝图
2026-08-02 00:25:57 [INFO] 打开背包(快捷键 alt+e)
2026-08-02 00:25:57 [DEBUG] 点击背包格子 1 @ [150, 800] (right)
2026-08-02 00:25:58 [DEBUG] 点击背包格子 2 @ [450, 800] (right)
2026-08-02 00:25:58 [DEBUG] 点击背包格子 3 @ [750, 800] (right)
2026-08-02 00:25:59 [INFO] 已点击 3/3 个背包格子解封坐标(方式:right)
2026-08-02 00:25:59 [INFO] 关闭背包(ESC)
2026-08-02 00:26:02 [INFO] 坐标[星穹] -> 应存入A仓库
2026-08-02 00:26:02 [INFO] 识别到坐标[星穹]，成功存入A仓库
2026-08-02 00:26:03 [INFO] 坐标[落霞] -> 应存入B仓库
2026-08-02 00:26:03 [INFO] 识别到坐标[落霞]，成功存入B仓库
2026-08-02 00:26:05 [INFO] 坐标[长安] -> 应存入C仓库
2026-08-02 00:26:05 [INFO] 识别到坐标[长安]，成功存入C仓库
2026-08-02 00:26:05 [INFO] 入库完成, 成功 3/3
2026-08-02 00:26:05 [INFO] 关闭仓库
2026-08-02 00:26:05 [INFO] 流程结束
2026-08-02 00:35:45 [INFO] 开始自动整理, 停止键: F12
2026-08-02 00:35:45 [INFO] 请在游戏内手动打开仓库, 8 秒后开始处理...
2026-08-02 00:35:54 [INFO] 已选中仓库[A仓库], 开始取出
2026-08-02 00:35:56 [INFO] 右键取出仓库藏宝图 @ (1362, 744)
2026-08-02 00:35:58 [INFO] 右键取出仓库藏宝图 @ (1406, 744)
2026-08-02 00:36:00 [INFO] 右键取出仓库藏宝图 @ (1450, 746)
2026-08-02 00:36:01 [INFO] 右键取出仓库藏宝图 @ (1495, 748)
2026-08-02 00:36:03 [INFO] 右键取出仓库藏宝图 @ (1537, 745)
2026-08-02 00:36:05 [INFO] 右键取出仓库藏宝图 @ (1355, 797)
2026-08-02 00:36:07 [INFO] 右键取出仓库藏宝图 @ (1406, 798)
2026-08-02 00:36:08 [INFO] 右键取出仓库藏宝图 @ (1457, 797)
2026-08-02 00:36:10 [INFO] 右键取出仓库藏宝图 @ (1504, 793)
2026-08-02 00:36:12 [INFO] 右键取出仓库藏宝图 @ (1548, 793)
2026-08-02 00:36:14 [INFO] 右键取出仓库藏宝图 @ (1347, 839)
2026-08-02 00:36:15 [INFO] 右键取出仓库藏宝图 @ (1396, 840)
2026-08-02 00:36:17 [INFO] 右键取出仓库藏宝图 @ (1442, 841)
2026-08-02 00:36:19 [INFO] 右键取出仓库藏宝图 @ (1492, 842)
2026-08-02 00:36:20 [INFO] 右键取出仓库藏宝图 @ (1538, 842)
2026-08-02 00:36:22 [INFO] 右键取出仓库藏宝图 @ (1543, 883)
2026-08-02 00:36:24 [INFO] 右键取出仓库藏宝图 @ (1489, 881)
2026-08-02 00:36:26 [INFO] 右键取出仓库藏宝图 @ (1444, 884)
2026-08-02 00:36:27 [INFO] 右键取出仓库藏宝图 @ (1394, 879)
2026-08-02 00:36:29 [INFO] 右键取出仓库藏宝图 @ (1342, 879)
2026-08-02 00:36:31 [INFO] 已选中仓库[B仓库], 开始取出
2026-08-02 00:36:33 [INFO] 右键取出仓库藏宝图 @ (1362, 744)
2026-08-02 00:36:34 [INFO] 右键取出仓库藏宝图 @ (1406, 744)
2026-08-02 00:36:36 [INFO] 右键取出仓库藏宝图 @ (1450, 746)
2026-08-02 00:36:38 [INFO] 关闭仓库
2026-08-02 00:36:38 [INFO] 流程结束
2026-08-02 00:36:54 [INFO] 开始自动整理, 停止键: F12
2026-08-02 00:36:54 [INFO] 请在游戏内手动打开仓库, 8 秒后开始处理...
2026-08-02 00:37:04 [INFO] 已选中仓库[A仓库], 开始取出
2026-08-02 00:37:06 [INFO] 右键取出仓库藏宝图 @ (1362, 744)
2026-08-02 00:37:07 [INFO] 右键取出仓库藏宝图 @ (1406, 744)
2026-08-02 00:37:09 [INFO] 右键取出仓库藏宝图 @ (1450, 746)
2026-08-02 00:37:11 [INFO] 关闭仓库
2026-08-02 00:37:11 [INFO] 流程结束
2026-08-02 00:37:23 [INFO] 开始自动整理, 停止键: F12
2026-08-02 00:37:23 [INFO] 请在游戏内手动打开仓库, 8 秒后开始处理...
2026-08-02 00:37:33 [INFO] 已选中仓库[A仓库], 开始取出
2026-08-02 00:37:35 [INFO] 右键取出仓库藏宝图 @ (1362, 744)
2026-08-02 00:37:36 [INFO] 右键取出仓库藏宝图 @ (1406, 744)
2026-08-02 00:37:38 [INFO] 右键取出仓库藏宝图 @ (1450, 746)
2026-08-02 00:37:40 [INFO] 右键取出仓库藏宝图 @ (1495, 748)
2026-08-02 00:37:41 [INFO] 右键取出仓库藏宝图 @ (1537, 745)
2026-08-02 00:37:43 [INFO] 右键取出仓库藏宝图 @ (1355, 797)
2026-08-02 00:37:45 [INFO] 右键取出仓库藏宝图 @ (1406, 798)
2026-08-02 00:37:47 [INFO] 右键取出仓库藏宝图 @ (1457, 797)
2026-08-02 00:37:48 [INFO] 右键取出仓库藏宝图 @ (1504, 793)
2026-08-02 00:37:50 [INFO] 右键取出仓库藏宝图 @ (1548, 793)
2026-08-02 00:37:52 [INFO] 右键取出仓库藏宝图 @ (1347, 839)
2026-08-02 00:37:54 [INFO] 右键取出仓库藏宝图 @ (1396, 840)
2026-08-02 00:37:55 [INFO] 右键取出仓库藏宝图 @ (1442, 841)
2026-08-02 00:37:57 [INFO] 右键取出仓库藏宝图 @ (1492, 842)
2026-08-02 00:37:59 [INFO] 右键取出仓库藏宝图 @ (1538, 842)
2026-08-02 00:38:00 [INFO] 右键取出仓库藏宝图 @ (1543, 883)
2026-08-02 00:38:02 [INFO] 右键取出仓库藏宝图 @ (1489, 881)
2026-08-02 00:38:04 [INFO] 右键取出仓库藏宝图 @ (1444, 884)
2026-08-02 00:38:06 [INFO] 右键取出仓库藏宝图 @ (1394, 879)
2026-08-02 00:38:07 [INFO] 右键取出仓库藏宝图 @ (1342, 879)
2026-08-02 00:38:09 [INFO] 已选中仓库[B仓库], 开始取出
2026-08-02 00:38:11 [INFO] 右键取出仓库藏宝图 @ (1362, 744)
2026-08-02 00:38:13 [INFO] 右键取出仓库藏宝图 @ (1406, 744)
2026-08-02 00:38:15 [INFO] 关闭仓库
2026-08-02 00:38:15 [INFO] 流程结束
2026-08-02 00:48:58 [INFO] 开始自动整理, 停止键: F12
2026-08-02 00:48:58 [INFO] 打开仓库 @ (30, 30) + 确认[我要进行仓库操作]
2026-08-02 00:48:58 [INFO] 已选中仓库[A仓库], 开始取出
2026-08-02 00:48:58 [INFO] 右键取出仓库藏宝图 @ (50, 500)
2026-08-02 00:48:58 [INFO] 右键取出仓库藏宝图 @ (150, 500)
2026-08-02 00:48:58 [INFO] 右键取出仓库藏宝图 @ (250, 500)
2026-08-02 00:48:58 [INFO] 仓库[A仓库]本批取出 3 张未知藏宝图
2026-08-02 00:48:58 [INFO] 打开背包(快捷键 alt+e)
2026-08-02 00:48:58 [DEBUG] 点击背包格子 1 @ [150, 800] (right)
2026-08-02 00:48:59 [DEBUG] 点击背包格子 2 @ [450, 800] (right)
2026-08-02 00:49:00 [DEBUG] 点击背包格子 3 @ [750, 800] (right)
2026-08-02 00:49:01 [INFO] 已点击 3/3 个背包格子解封坐标(方式:right)
2026-08-02 00:49:01 [INFO] 关闭背包(ESC)
2026-08-02 00:49:03 [INFO] 坐标[星穹] -> 应存入A仓库
2026-08-02 00:49:03 [INFO] 识别到坐标[星穹]，成功存入A仓库
2026-08-02 00:49:05 [INFO] 坐标[落霞] -> 应存入B仓库
2026-08-02 00:49:05 [INFO] 识别到坐标[落霞]，成功存入B仓库
2026-08-02 00:49:06 [INFO] 坐标[长安] -> 应存入C仓库
2026-08-02 00:49:06 [INFO] 识别到坐标[长安]，成功存入C仓库
2026-08-02 00:49:06 [INFO] 本批次入库完成, 成功 3/3
2026-08-02 00:49:06 [INFO] 已选中仓库[B仓库], 开始取出
2026-08-02 00:49:06 [INFO] 右键取出仓库藏宝图 @ (50, 500)
2026-08-02 00:49:06 [INFO] 右键取出仓库藏宝图 @ (150, 500)
2026-08-02 00:49:06 [INFO] 右键取出仓库藏宝图 @ (250, 500)
2026-08-02 00:49:06 [INFO] 仓库[B仓库]本批取出 3 张未知藏宝图
2026-08-02 00:49:06 [INFO] 打开背包(快捷键 alt+e)
2026-08-02 00:49:06 [DEBUG] 点击背包格子 1 @ [150, 800] (right)
2026-08-02 00:49:07 [DEBUG] 点击背包格子 2 @ [450, 800] (right)
2026-08-02 00:49:08 [DEBUG] 点击背包格子 3 @ [750, 800] (right)
2026-08-02 00:49:09 [INFO] 已点击 3/3 个背包格子解封坐标(方式:right)
2026-08-02 00:49:09 [INFO] 关闭背包(ESC)
2026-08-02 00:49:10 [INFO] 坐标[星穹] -> 应存入A仓库
2026-08-02 00:49:10 [INFO] 识别到坐标[星穹]，成功存入A仓库
2026-08-02 00:49:12 [INFO] 坐标[落霞] -> 应存入B仓库
2026-08-02 00:49:12 [INFO] 识别到坐标[落霞]，成功存入B仓库
2026-08-02 00:49:13 [INFO] 坐标[长安] -> 应存入C仓库
2026-08-02 00:49:13 [INFO] 识别到坐标[长安]，成功存入C仓库
2026-08-02 00:49:13 [INFO] 本批次入库完成, 成功 3/3
2026-08-02 00:49:13 [INFO] 已选中仓库[C仓库], 开始取出
2026-08-02 00:49:13 [INFO] 右键取出仓库藏宝图 @ (50, 500)
2026-08-02 00:49:13 [INFO] 右键取出仓库藏宝图 @ (150, 500)
2026-08-02 00:49:13 [INFO] 右键取出仓库藏宝图 @ (250, 500)
2026-08-02 00:49:13 [INFO] 仓库[C仓库]本批取出 3 张未知藏宝图
2026-08-02 00:49:13 [INFO] 打开背包(快捷键 alt+e)
2026-08-02 00:49:13 [DEBUG] 点击背包格子 1 @ [150, 800] (right)
2026-08-02 00:49:14 [DEBUG] 点击背包格子 2 @ [450, 800] (right)
2026-08-02 00:49:15 [DEBUG] 点击背包格子 3 @ [750, 800] (right)
2026-08-02 00:49:16 [INFO] 已点击 3/3 个背包格子解封坐标(方式:right)
2026-08-02 00:49:16 [INFO] 关闭背包(ESC)
2026-08-02 00:49:17 [INFO] 坐标[星穹] -> 应存入A仓库
2026-08-02 00:49:17 [INFO] 识别到坐标[星穹]，成功存入A仓库
2026-08-02 00:49:19 [INFO] 坐标[落霞] -> 应存入B仓库
2026-08-02 00:49:19 [INFO] 识别到坐标[落霞]，成功存入B仓库
2026-08-02 00:49:20 [INFO] 坐标[长安] -> 应存入C仓库
2026-08-02 00:49:20 [INFO] 识别到坐标[长安]，成功存入C仓库
2026-08-02 00:49:20 [INFO] 本批次入库完成, 成功 3/3
2026-08-02 00:49:20 [INFO] 全部处理完成, 共存入 9 张藏宝图
2026-08-02 00:49:20 [INFO] 关闭仓库
2026-08-02 00:49:20 [INFO] 流程结束
2026-08-02 01:06:08 [INFO] 开始自动整理, 停止键: F12
2026-08-02 01:06:08 [INFO] 打开仓库 @ (30, 30) + 确认[我要进行仓库操作]
2026-08-02 01:06:08 [INFO] 已选中仓库[A仓库], 开始取出
2026-08-02 01:06:08 [INFO] 右键取出仓库藏宝图 @ (50, 500)
2026-08-02 01:06:08 [INFO] 右键取出仓库藏宝图 @ (150, 500)
2026-08-02 01:06:08 [INFO] 右键取出仓库藏宝图 @ (250, 500)
2026-08-02 01:06:08 [INFO] 仓库[A仓库]本批取出 3 张未知藏宝图
2026-08-02 01:06:08 [INFO] 打开背包(快捷键 alt+e)
2026-08-02 01:06:08 [DEBUG] 点击背包格子 1 @ [150, 800] (right)
2026-08-02 01:06:09 [DEBUG] 点击背包格子 2 @ [450, 800] (right)
2026-08-02 01:06:10 [DEBUG] 点击背包格子 3 @ [750, 800] (right)
2026-08-02 01:06:11 [INFO] 已点击 3/3 个背包格子解封坐标(方式:right)
2026-08-02 01:06:11 [INFO] 关闭背包(ESC)
2026-08-02 01:06:13 [INFO] 坐标[星穹] -> 应存入A仓库
2026-08-02 01:06:13 [INFO] 识别到坐标[星穹]，成功存入A仓库
2026-08-02 01:06:15 [INFO] 坐标[落霞] -> 应存入B仓库
2026-08-02 01:06:15 [INFO] 识别到坐标[落霞]，成功存入B仓库
2026-08-02 01:06:16 [INFO] 坐标[长安] -> 应存入C仓库
2026-08-02 01:06:16 [INFO] 识别到坐标[长安]，成功存入C仓库
2026-08-02 01:06:16 [INFO] 本批次入库完成, 成功 3/3
2026-08-02 01:06:16 [INFO] 已选中仓库[B仓库], 开始取出
2026-08-02 01:06:16 [INFO] 右键取出仓库藏宝图 @ (50, 500)
2026-08-02 01:06:16 [INFO] 右键取出仓库藏宝图 @ (150, 500)
2026-08-02 01:06:16 [INFO] 右键取出仓库藏宝图 @ (250, 500)
2026-08-02 01:06:16 [INFO] 仓库[B仓库]本批取出 3 张未知藏宝图
2026-08-02 01:06:16 [INFO] 打开背包(快捷键 alt+e)
2026-08-02 01:06:16 [DEBUG] 点击背包格子 1 @ [150, 800] (right)
2026-08-02 01:06:17 [DEBUG] 点击背包格子 2 @ [450, 800] (right)
2026-08-02 01:06:18 [DEBUG] 点击背包格子 3 @ [750, 800] (right)
2026-08-02 01:06:19 [INFO] 已点击 3/3 个背包格子解封坐标(方式:right)
2026-08-02 01:06:19 [INFO] 关闭背包(ESC)
2026-08-02 01:06:20 [INFO] 坐标[星穹] -> 应存入A仓库
2026-08-02 01:06:20 [INFO] 识别到坐标[星穹]，成功存入A仓库
2026-08-02 01:06:21 [INFO] 坐标[落霞] -> 应存入B仓库
2026-08-02 01:06:21 [INFO] 识别到坐标[落霞]，成功存入B仓库
2026-08-02 01:06:23 [INFO] 坐标[长安] -> 应存入C仓库
2026-08-02 01:06:23 [INFO] 识别到坐标[长安]，成功存入C仓库
2026-08-02 01:06:23 [INFO] 本批次入库完成, 成功 3/3
2026-08-02 01:06:23 [INFO] 已选中仓库[C仓库], 开始取出
2026-08-02 01:06:23 [INFO] 右键取出仓库藏宝图 @ (50, 500)
2026-08-02 01:06:23 [INFO] 右键取出仓库藏宝图 @ (150, 500)
2026-08-02 01:06:23 [INFO] 右键取出仓库藏宝图 @ (250, 500)
2026-08-02 01:06:23 [INFO] 仓库[C仓库]本批取出 3 张未知藏宝图
2026-08-02 01:06:23 [INFO] 打开背包(快捷键 alt+e)
2026-08-02 01:06:23 [DEBUG] 点击背包格子 1 @ [150, 800] (right)
2026-08-02 01:06:24 [DEBUG] 点击背包格子 2 @ [450, 800] (right)
2026-08-02 01:06:25 [DEBUG] 点击背包格子 3 @ [750, 800] (right)
2026-08-02 01:06:25 [INFO] 已点击 3/3 个背包格子解封坐标(方式:right)
2026-08-02 01:06:25 [INFO] 关闭背包(ESC)
2026-08-02 01:06:27 [INFO] 坐标[星穹] -> 应存入A仓库
2026-08-02 01:06:27 [INFO] 识别到坐标[星穹]，成功存入A仓库
2026-08-02 01:06:28 [INFO] 坐标[落霞] -> 应存入B仓库
2026-08-02 01:06:28 [INFO] 识别到坐标[落霞]，成功存入B仓库
2026-08-02 01:06:30 [INFO] 坐标[长安] -> 应存入C仓库
2026-08-02 01:06:30 [INFO] 识别到坐标[长安]，成功存入C仓库
2026-08-02 01:06:30 [INFO] 本批次入库完成, 成功 3/3
2026-08-02 01:06:30 [INFO] 全部处理完成, 共存入 9 张藏宝图
2026-08-02 01:06:30 [INFO] 关闭仓库
2026-08-02 01:06:30 [INFO] 流程结束
2026-08-02 01:07:21 [INFO] 开始自动整理, 停止键: F12
2026-08-02 01:07:21 [INFO] 打开仓库 @ (30, 30) + 确认[我要进行仓库操作]
2026-08-02 01:07:21 [INFO] 已选中仓库[A仓库], 开始取出
2026-08-02 01:07:21 [INFO] 右键取出仓库藏宝图 @ (50, 500)
2026-08-02 01:07:21 [INFO] 右键取出仓库藏宝图 @ (150, 500)
2026-08-02 01:07:21 [INFO] 右键取出仓库藏宝图 @ (250, 500)
2026-08-02 01:07:21 [INFO] 仓库[A仓库]本批取出 3 张未知藏宝图
2026-08-02 01:07:21 [INFO] 打开背包(快捷键 alt+e)
2026-08-02 01:07:21 [DEBUG] 点击背包格子 1 @ [150, 800] (right)
2026-08-02 01:07:22 [DEBUG] 点击背包格子 2 @ [450, 800] (right)
2026-08-02 01:07:23 [DEBUG] 点击背包格子 3 @ [750, 800] (right)
2026-08-02 01:07:24 [INFO] 已点击 3/3 个背包格子解封坐标(方式:right)
2026-08-02 01:07:24 [INFO] 关闭背包(ESC)
2026-08-02 01:07:26 [INFO] 坐标[星穹] -> 应存入A仓库
2026-08-02 01:07:26 [INFO] 识别到坐标[星穹]，成功存入A仓库
2026-08-02 01:07:28 [INFO] 坐标[落霞] -> 应存入B仓库
2026-08-02 01:07:28 [INFO] 识别到坐标[落霞]，成功存入B仓库
2026-08-02 01:07:29 [INFO] 坐标[长安] -> 应存入C仓库
2026-08-02 01:07:29 [INFO] 识别到坐标[长安]，成功存入C仓库
2026-08-02 01:07:29 [INFO] 本批次入库完成, 成功 3/3
2026-08-02 01:07:29 [INFO] 已选中仓库[B仓库], 开始取出
2026-08-02 01:07:29 [INFO] 右键取出仓库藏宝图 @ (50, 500)
2026-08-02 01:07:29 [INFO] 右键取出仓库藏宝图 @ (150, 500)
2026-08-02 01:07:29 [INFO] 右键取出仓库藏宝图 @ (250, 500)
2026-08-02 01:07:29 [INFO] 仓库[B仓库]本批取出 3 张未知藏宝图
2026-08-02 01:07:29 [INFO] 打开背包(快捷键 alt+e)
2026-08-02 01:07:29 [DEBUG] 点击背包格子 1 @ [150, 800] (right)
2026-08-02 01:07:30 [DEBUG] 点击背包格子 2 @ [450, 800] (right)
2026-08-02 01:07:31 [DEBUG] 点击背包格子 3 @ [750, 800] (right)
2026-08-02 01:07:32 [INFO] 已点击 3/3 个背包格子解封坐标(方式:right)
2026-08-02 01:07:32 [INFO] 关闭背包(ESC)
2026-08-02 01:07:33 [INFO] 坐标[星穹] -> 应存入A仓库
2026-08-02 01:07:33 [INFO] 识别到坐标[星穹]，成功存入A仓库
2026-08-02 01:07:35 [INFO] 坐标[落霞] -> 应存入B仓库
2026-08-02 01:07:35 [INFO] 识别到坐标[落霞]，成功存入B仓库
2026-08-02 01:07:36 [INFO] 坐标[长安] -> 应存入C仓库
2026-08-02 01:07:36 [INFO] 识别到坐标[长安]，成功存入C仓库
2026-08-02 01:07:36 [INFO] 本批次入库完成, 成功 3/3
2026-08-02 01:07:36 [INFO] 已选中仓库[C仓库], 开始取出
2026-08-02 01:07:36 [INFO] 右键取出仓库藏宝图 @ (50, 500)
2026-08-02 01:07:36 [INFO] 右键取出仓库藏宝图 @ (150, 500)
2026-08-02 01:07:36 [INFO] 右键取出仓库藏宝图 @ (250, 500)
2026-08-02 01:07:36 [INFO] 仓库[C仓库]本批取出 3 张未知藏宝图
2026-08-02 01:07:36 [INFO] 打开背包(快捷键 alt+e)
2026-08-02 01:07:36 [DEBUG] 点击背包格子 1 @ [150, 800] (right)
2026-08-02 01:07:37 [DEBUG] 点击背包格子 2 @ [450, 800] (right)
2026-08-02 01:07:38 [DEBUG] 点击背包格子 3 @ [750, 800] (right)
2026-08-02 01:07:39 [INFO] 已点击 3/3 个背包格子解封坐标(方式:right)
2026-08-02 01:07:39 [INFO] 关闭背包(ESC)
2026-08-02 01:07:40 [INFO] 坐标[星穹] -> 应存入A仓库
2026-08-02 01:07:40 [INFO] 识别到坐标[星穹]，成功存入A仓库
2026-08-02 01:07:41 [INFO] 坐标[落霞] -> 应存入B仓库
2026-08-02 01:07:41 [INFO] 识别到坐标[落霞]，成功存入B仓库
2026-08-02 01:07:43 [INFO] 坐标[长安] -> 应存入C仓库
2026-08-02 01:07:43 [INFO] 识别到坐标[长安]，成功存入C仓库
2026-08-02 01:07:43 [INFO] 本批次入库完成, 成功 3/3
2026-08-02 01:07:43 [INFO] 全部处理完成, 共存入 9 张藏宝图
2026-08-02 01:07:43 [INFO] 关闭仓库
2026-08-02 01:07:43 [INFO] 流程结束
2026-08-02 01:08:08 [INFO] 开始自动整理, 停止键: F12
2026-08-02 01:08:08 [INFO] 打开仓库 @ (30, 30) + 确认[我要进行仓库操作]
2026-08-02 01:08:08 [INFO] 已选中仓库[A仓库], 开始取出
2026-08-02 01:08:08 [INFO] 右键取出仓库藏宝图 @ (50, 500)
2026-08-02 01:08:08 [INFO] 右键取出仓库藏宝图 @ (150, 500)
2026-08-02 01:08:08 [INFO] 右键取出仓库藏宝图 @ (250, 500)
2026-08-02 01:08:08 [INFO] 仓库[A仓库]本批取出 3 张未知藏宝图
2026-08-02 01:08:08 [INFO] 打开背包(快捷键 alt+e)
2026-08-02 01:08:08 [DEBUG] 点击背包格子 1 @ [150, 800] (right)
2026-08-02 01:08:09 [DEBUG] 点击背包格子 2 @ [450, 800] (right)
2026-08-02 01:08:10 [DEBUG] 点击背包格子 3 @ [750, 800] (right)
2026-08-02 01:08:11 [INFO] 已点击 3/3 个背包格子解封坐标(方式:right)
2026-08-02 01:08:11 [INFO] 关闭背包(ESC)
2026-08-02 01:08:13 [INFO] 坐标[星穹] -> 应存入A仓库
2026-08-02 01:08:13 [INFO] 识别到坐标[星穹]，成功存入A仓库
2026-08-02 01:08:15 [INFO] 坐标[落霞] -> 应存入B仓库
2026-08-02 01:08:15 [INFO] 识别到坐标[落霞]，成功存入B仓库
2026-08-02 01:08:16 [INFO] 坐标[长安] -> 应存入C仓库
2026-08-02 01:08:16 [INFO] 识别到坐标[长安]，成功存入C仓库
2026-08-02 01:08:16 [INFO] 本批次入库完成, 成功 3/3
2026-08-02 01:08:16 [INFO] 已选中仓库[B仓库], 开始取出
2026-08-02 01:08:16 [INFO] 右键取出仓库藏宝图 @ (50, 500)
2026-08-02 01:08:16 [INFO] 右键取出仓库藏宝图 @ (150, 500)
2026-08-02 01:08:16 [INFO] 右键取出仓库藏宝图 @ (250, 500)
2026-08-02 01:08:16 [INFO] 仓库[B仓库]本批取出 3 张未知藏宝图
2026-08-02 01:08:16 [INFO] 打开背包(快捷键 alt+e)
2026-08-02 01:08:16 [DEBUG] 点击背包格子 1 @ [150, 800] (right)
2026-08-02 01:08:17 [DEBUG] 点击背包格子 2 @ [450, 800] (right)
2026-08-02 01:08:18 [DEBUG] 点击背包格子 3 @ [750, 800] (right)
2026-08-02 01:08:19 [INFO] 已点击 3/3 个背包格子解封坐标(方式:right)
2026-08-02 01:08:19 [INFO] 关闭背包(ESC)
2026-08-02 01:08:20 [WARNING] 悬停未识别到坐标, 区域文字: 
2026-08-02 01:08:20 [WARNING] 仓库内位置1 悬停未识别到坐标, 跳过
2026-08-02 01:08:22 [WARNING] 悬停未识别到坐标, 区域文字: 
2026-08-02 01:08:22 [WARNING] 仓库内位置2 悬停未识别到坐标, 跳过
2026-08-02 01:08:23 [WARNING] 悬停未识别到坐标, 区域文字: 
2026-08-02 01:08:23 [WARNING] 仓库内位置3 悬停未识别到坐标, 跳过
2026-08-02 01:08:23 [INFO] 本批次入库完成, 成功 0/3
2026-08-02 01:08:23 [INFO] 已选中仓库[C仓库], 开始取出
2026-08-02 01:08:23 [INFO] 右键取出仓库藏宝图 @ (50, 500)
2026-08-02 01:08:23 [INFO] 右键取出仓库藏宝图 @ (150, 500)
2026-08-02 01:08:23 [INFO] 右键取出仓库藏宝图 @ (250, 500)
2026-08-02 01:08:23 [INFO] 仓库[C仓库]本批取出 3 张未知藏宝图
2026-08-02 01:08:23 [INFO] 打开背包(快捷键 alt+e)
2026-08-02 01:08:23 [DEBUG] 点击背包格子 1 @ [150, 800] (right)
2026-08-02 01:08:24 [DEBUG] 点击背包格子 2 @ [450, 800] (right)
2026-08-02 01:08:25 [DEBUG] 点击背包格子 3 @ [750, 800] (right)
2026-08-02 01:08:26 [INFO] 已点击 3/3 个背包格子解封坐标(方式:right)
2026-08-02 01:08:26 [INFO] 关闭背包(ESC)
2026-08-02 01:08:27 [WARNING] 悬停未识别到坐标, 区域文字: 
2026-08-02 01:08:27 [WARNING] 仓库内位置1 悬停未识别到坐标, 跳过
2026-08-02 01:08:28 [WARNING] 悬停未识别到坐标, 区域文字: 
2026-08-02 01:08:28 [WARNING] 仓库内位置2 悬停未识别到坐标, 跳过
2026-08-02 01:08:30 [WARNING] 悬停未识别到坐标, 区域文字: 
2026-08-02 01:08:30 [WARNING] 仓库内位置3 悬停未识别到坐标, 跳过
2026-08-02 01:08:30 [INFO] 本批次入库完成, 成功 0/3
2026-08-02 01:08:30 [INFO] 全部处理完成, 共存入 3 张藏宝图
2026-08-02 01:08:30 [INFO] 关闭仓库
2026-08-02 01:08:30 [INFO] 流程结束
2026-08-02 01:11:04 [INFO] 开始自动整理, 停止键: F12
2026-08-02 01:11:04 [INFO] 打开仓库 @ (30, 30) + 确认[我要进行仓库操作]
2026-08-02 01:11:04 [INFO] 已选中仓库[A仓库], 开始取出
2026-08-02 01:11:04 [INFO] 右键取出仓库藏宝图 @ (50, 500)
2026-08-02 01:11:04 [INFO] 右键取出仓库藏宝图 @ (150, 500)
2026-08-02 01:11:04 [INFO] 右键取出仓库藏宝图 @ (250, 500)
2026-08-02 01:11:04 [INFO] 仓库[A仓库]本批取出 3 张未知藏宝图
2026-08-02 01:11:04 [INFO] 打开背包(快捷键 alt+e)
2026-08-02 01:11:04 [DEBUG] 点击背包格子 1 @ [150, 800] (right)
2026-08-02 01:11:05 [DEBUG] 点击背包格子 2 @ [450, 800] (right)
2026-08-02 01:11:06 [DEBUG] 点击背包格子 3 @ [750, 800] (right)
2026-08-02 01:11:06 [INFO] 已点击 3/3 个背包格子解封坐标(方式:right)
2026-08-02 01:11:06 [INFO] 关闭背包(ESC)
2026-08-02 01:11:09 [INFO] 坐标[星穹] -> 应存入A仓库
2026-08-02 01:11:09 [INFO] 识别到坐标[星穹]，成功存入A仓库
2026-08-02 01:11:10 [INFO] 坐标[落霞] -> 应存入B仓库
2026-08-02 01:11:10 [INFO] 识别到坐标[落霞]，成功存入B仓库
2026-08-02 01:11:12 [INFO] 坐标[长安] -> 应存入C仓库
2026-08-02 01:11:12 [INFO] 识别到坐标[长安]，成功存入C仓库
2026-08-02 01:11:12 [INFO] 本批次入库完成, 成功 3/3
2026-08-02 01:11:12 [INFO] 已选中仓库[B仓库], 开始取出
2026-08-02 01:11:12 [INFO] 右键取出仓库藏宝图 @ (50, 500)
2026-08-02 01:11:12 [INFO] 右键取出仓库藏宝图 @ (150, 500)
2026-08-02 01:11:12 [INFO] 右键取出仓库藏宝图 @ (250, 500)
2026-08-02 01:11:12 [INFO] 仓库[B仓库]本批取出 3 张未知藏宝图
2026-08-02 01:11:12 [INFO] 打开背包(快捷键 alt+e)
2026-08-02 01:11:12 [DEBUG] 点击背包格子 1 @ [150, 800] (right)
2026-08-02 01:11:13 [DEBUG] 点击背包格子 2 @ [450, 800] (right)
2026-08-02 01:11:14 [DEBUG] 点击背包格子 3 @ [750, 800] (right)
2026-08-02 01:11:14 [INFO] 已点击 3/3 个背包格子解封坐标(方式:right)
2026-08-02 01:11:14 [INFO] 关闭背包(ESC)
2026-08-02 01:11:16 [WARNING] 悬停未识别到坐标, 区域文字: 
2026-08-02 01:11:16 [WARNING] 仓库内位置1 悬停未识别到坐标, 跳过
2026-08-02 01:11:17 [WARNING] 悬停未识别到坐标, 区域文字: 
2026-08-02 01:11:17 [WARNING] 仓库内位置2 悬停未识别到坐标, 跳过
2026-08-02 01:11:19 [WARNING] 悬停未识别到坐标, 区域文字: 
2026-08-02 01:11:19 [WARNING] 仓库内位置3 悬停未识别到坐标, 跳过
2026-08-02 01:11:19 [INFO] 本批次入库完成, 成功 0/3
2026-08-02 01:11:19 [INFO] 已选中仓库[C仓库], 开始取出
2026-08-02 01:11:19 [INFO] 右键取出仓库藏宝图 @ (50, 500)
2026-08-02 01:11:19 [INFO] 右键取出仓库藏宝图 @ (150, 500)
2026-08-02 01:11:19 [INFO] 右键取出仓库藏宝图 @ (250, 500)
2026-08-02 01:11:19 [INFO] 仓库[C仓库]本批取出 3 张未知藏宝图
2026-08-02 01:11:19 [INFO] 打开背包(快捷键 alt+e)
2026-08-02 01:11:19 [DEBUG] 点击背包格子 1 @ [150, 800] (right)
2026-08-02 01:11:20 [DEBUG] 点击背包格子 2 @ [450, 800] (right)
2026-08-02 01:11:20 [DEBUG] 点击背包格子 3 @ [750, 800] (right)
2026-08-02 01:11:21 [INFO] 已点击 3/3 个背包格子解封坐标(方式:right)
2026-08-02 01:11:21 [INFO] 关闭背包(ESC)
2026-08-02 01:11:23 [WARNING] 悬停未识别到坐标, 区域文字: 
2026-08-02 01:11:23 [WARNING] 仓库内位置1 悬停未识别到坐标, 跳过
2026-08-02 01:11:24 [WARNING] 悬停未识别到坐标, 区域文字: 
2026-08-02 01:11:24 [WARNING] 仓库内位置2 悬停未识别到坐标, 跳过
2026-08-02 01:11:25 [WARNING] 悬停未识别到坐标, 区域文字: 
2026-08-02 01:11:25 [WARNING] 仓库内位置3 悬停未识别到坐标, 跳过
2026-08-02 01:11:25 [INFO] 本批次入库完成, 成功 0/3
2026-08-02 01:11:25 [INFO] 全部处理完成, 共存入 3 张藏宝图
2026-08-02 01:11:25 [INFO] 关闭仓库
2026-08-02 01:11:25 [INFO] 流程结束
2026-08-02 01:14:32 [INFO] 开始自动整理, 停止键: F12
2026-08-02 01:14:32 [INFO] 请在游戏内手动打开仓库, 8 秒后开始处理...
2026-08-02 01:14:42 [INFO] 已选中仓库[A仓库], 开始取出
2026-08-02 01:14:43 [INFO] 右键取出仓库藏宝图 @ (1362, 744)
2026-08-02 01:14:45 [INFO] 右键取出仓库藏宝图 @ (1406, 744)
2026-08-02 01:14:47 [INFO] 右键取出仓库藏宝图 @ (1450, 746)
2026-08-02 01:14:49 [INFO] 右键取出仓库藏宝图 @ (1495, 748)
2026-08-02 01:14:50 [INFO] 右键取出仓库藏宝图 @ (1537, 745)
2026-08-02 01:14:52 [INFO] 右键取出仓库藏宝图 @ (1355, 797)
2026-08-02 01:14:54 [INFO] 右键取出仓库藏宝图 @ (1406, 798)
2026-08-02 01:14:55 [INFO] 右键取出仓库藏宝图 @ (1457, 797)
2026-08-02 01:14:57 [INFO] 右键取出仓库藏宝图 @ (1504, 793)
2026-08-02 01:14:59 [INFO] 右键取出仓库藏宝图 @ (1548, 793)
2026-08-02 01:15:01 [INFO] 右键取出仓库藏宝图 @ (1347, 839)
2026-08-02 01:15:02 [INFO] 右键取出仓库藏宝图 @ (1396, 840)
2026-08-02 01:15:04 [INFO] 右键取出仓库藏宝图 @ (1442, 841)
2026-08-02 01:15:06 [INFO] 右键取出仓库藏宝图 @ (1492, 842)
2026-08-02 01:15:08 [INFO] 右键取出仓库藏宝图 @ (1538, 842)
2026-08-02 01:15:09 [INFO] 右键取出仓库藏宝图 @ (1543, 883)
2026-08-02 01:15:11 [INFO] 右键取出仓库藏宝图 @ (1489, 881)
2026-08-02 01:15:13 [INFO] 右键取出仓库藏宝图 @ (1444, 884)
2026-08-02 01:15:15 [INFO] 右键取出仓库藏宝图 @ (1394, 879)
2026-08-02 01:15:16 [INFO] 右键取出仓库藏宝图 @ (1342, 879)
2026-08-02 01:15:16 [INFO] 仓库[A仓库]本批取出 20 张未知藏宝图
2026-08-02 01:15:17 [INFO] 打开背包(快捷键 alt+e)
2026-08-02 01:15:18 [DEBUG] 点击背包格子 1 @ [1594, 714] (right)
2026-08-02 01:15:19 [DEBUG] 点击背包格子 2 @ [1645, 715] (right)
2026-08-02 01:15:21 [DEBUG] 点击背包格子 3 @ [1699, 714] (right)
2026-08-02 01:15:22 [DEBUG] 点击背包格子 4 @ [1746, 716] (right)
2026-08-02 01:15:24 [DEBUG] 点击背包格子 5 @ [1801, 716] (right)
2026-08-02 01:15:25 [DEBUG] 点击背包格子 6 @ [1799, 758] (right)
2026-08-02 01:15:27 [DEBUG] 点击背包格子 7 @ [1745, 754] (right)
2026-08-02 01:15:28 [DEBUG] 点击背包格子 8 @ [1694, 754] (right)
2026-08-02 01:15:30 [DEBUG] 点击背包格子 9 @ [1644, 755] (right)
2026-08-02 01:15:31 [DEBUG] 点击背包格子 10 @ [1585, 756] (right)
2026-08-02 01:15:33 [DEBUG] 点击背包格子 11 @ [1590, 804] (right)
2026-08-02 01:15:34 [DEBUG] 点击背包格子 12 @ [1638, 805] (right)
2026-08-02 01:15:36 [DEBUG] 点击背包格子 13 @ [1688, 804] (right)
2026-08-02 01:15:37 [DEBUG] 点击背包格子 14 @ [1737, 802] (right)
2026-08-02 01:15:39 [DEBUG] 点击背包格子 15 @ [1789, 804] (right)
2026-08-02 01:15:40 [DEBUG] 点击背包格子 16 @ [1785, 848] (right)
2026-08-02 01:15:42 [DEBUG] 点击背包格子 17 @ [1733, 851] (right)
2026-08-02 01:15:44 [DEBUG] 点击背包格子 18 @ [1681, 850] (right)
2026-08-02 01:15:45 [DEBUG] 点击背包格子 19 @ [1631, 850] (right)
2026-08-02 01:15:47 [DEBUG] 点击背包格子 20 @ [1584, 850] (right)
2026-08-02 01:15:47 [INFO] 已点击 20/20 个背包格子解封坐标(方式:right)
2026-08-02 01:15:48 [INFO] 关闭背包(ESC)
2026-08-02 01:15:50 [WARNING] 悬停未识别到坐标, 区域文字: 道具行囊任务
2026-08-02 01:15:50 [WARNING] 仓库内位置1 悬停未识别到坐标, 跳过
2026-08-02 01:15:53 [WARNING] 悬停未识别到坐标, 区域文字: 跨服仓库仓库设置道具行囊数量藏宝图一张记着藏宝地点的地图【类型】狸的藏宝图【坐标】傲来国（104，48）使用起来和藏宝图没什么区别控掘时有一定几率获得5点动
2026-08-02 01:15:53 [WARNING] 仓库内位置2 悬停未识别到坐标, 跳过
2026-08-02 01:15:56 [WARNING] 悬停未识别到坐标, 区域文字: 跨服仓库仓库设置道具行囊数量藏宝图一张记着藏宝地点的地图【类型】普通藏宝图【坐标】麒麟山（93.96）
2026-08-02 01:15:56 [WARNING] 仓库内位置3 悬停未识别到坐标, 跳过
2026-08-02 01:15:58 [WARNING] 悬停未识别到坐标, 区域文字: 跨服仓库仓库设置道具行囊数量藏宝图一张记着藏宝地点的地【类型】普通藏宝图【坐标】狮驼岭（89.8）
2026-08-02 01:15:58 [WARNING] 仓库内位置4 悬停未识别到坐标, 跳过
2026-08-02 01:16:01 [WARNING] 悬停未识别到坐标, 区域文字: 跨服仓库仓库设置道具行囊数量藏宝图一张记着藏宝地点的地【类型】龙的藏宝图【坐标】狮驼岭（25.85）使用起来和藏宝图没什挖掘时有一定几率获
2026-08-02 01:16:01 [WARNING] 仓库内位置5 悬停未识别到坐标, 跳过
2026-08-02 01:16:03 [WARNING] 悬停未识别到坐标, 区域文字: 跨服仓库仓库设置道具行囊数量藏宝图一张记着藏宝地点的地【类型】普通藏宝图
2026-08-02 01:16:03 [WARNING] 仓库内位置6 悬停未识别到坐标, 跳过
2026-08-02 01:16:05 [WARNING] 悬停未识别到坐标, 区域文字: 跨服仓库仓库设置道具行囊数量藏宝图一张记着藏宝地点的地【类型】狸的藏宝图
2026-08-02 01:16:05 [WARNING] 仓库内位置7 悬停未识别到坐标, 跳过
2026-08-02 01:16:07 [WARNING] 悬停未识别到坐标, 区域文字: 跨服仓库仓库设置道具行囊数量藏宝图一张记着藏宝地点的地图【类型】虫的藏宝图
2026-08-02 01:16:07 [WARNING] 仓库内位置8 悬停未识别到坐标, 跳过
2026-08-02 01:16:09 [WARNING] 悬停未识别到坐标, 区域文字: 跨服仓库仓库设置道具行囊数量
2026-08-02 01:16:09 [WARNING] 仓库内位置9 悬停未识别到坐标, 跳过
2026-08-02 01:16:12 [WARNING] 悬停未识别到坐标, 区域文字: 跨服仓库仓库设置道具行囊数量流云素裙相传是织女用天上的流云缝制而成，有非常强的防御力和不
2026-08-02 01:16:12 [WARNING] 仓库内位置10 悬停未识别到坐标, 跳过
2026-08-02 01:16:15 [WARNING] 悬停未识别到坐标, 区域文字: 【类型】狸的藏宝图【坐标】北俱芦洲（169，145）设置使用起来和藏宝图没什么区别挖掘时有一定几率获得5点动物狸的物种线索
2026-08-02 01:16:15 [WARNING] 仓库内位置11 悬停未识别到坐标, 跳过
2026-08-02 01:16:17 [WARNING] 悬停未识别到坐标, 区域文字: 【类型】虫的藏宝图【坐标】傲来国（108：60）使用起来和藏宝图没什么区别挖掘时有一定几率获得5点动物虫的物种线索数量
2026-08-02 01:16:17 [WARNING] 仓库内位置12 悬停未识别到坐标, 跳过
2026-08-02 01:16:20 [WARNING] 悬停未识别到坐标, 区域文字: 【类型】龙的藏宝图【坐标】墨家村（73.78）使用起来和藏宝图没什么区挖掘时有一定几率获得5点族的物种线索数重
2026-08-02 01:16:20 [WARNING] 仓库内位置13 悬停未识别到坐标, 跳过
2026-08-02 01:16:22 [WARNING] 悬停未识别到坐标, 区域文字: 【类型】普通藏宝图【坐标】江南野外（14，1道具行囊数量
2026-08-02 01:16:22 [WARNING] 仓库内位置14 悬停未识别到坐标, 跳过
2026-08-02 01:16:24 [WARNING] 悬停未识别到坐标, 区域文字: 【类型】龟的藏宝图【坐标】建邺城（81.105使用起来和藏宝图没什挖掘时有一定几率获物龟的物种线索数量
2026-08-02 01:16:24 [WARNING] 仓库内位置15 悬停未识别到坐标, 跳过
2026-08-02 01:16:27 [WARNING] 悬停未识别到坐标, 区域文字: 藏宝图一张记着藏宝地点的地【类型】龟的藏宝图【坐标】建邮城（81.105使用起来和藏宝图没什挖掘时有一定几率获物龟的物种线索数量
2026-08-02 01:16:27 [WARNING] 仓库内位置16 悬停未识别到坐标, 跳过
2026-08-02 01:16:29 [WARNING] 悬停未识别到坐标, 区域文字: 藏宝图一张记着藏宝地点的地【类型】普通藏宝图【坐标】江南野外（14,1数量
2026-08-02 01:16:29 [WARNING] 仓库内位置17 悬停未识别到坐标, 跳过
2026-08-02 01:16:32 [WARNING] 悬停未识别到坐标, 区域文字: 藏宝图一张记着藏宝地点的地图【类型】龙的藏宝图【坐标】墨家村（73.78）使用起来和藏宝图没什么区挖掘时有一定几率获得5点族的物种线索数量
2026-08-02 01:16:32 [WARNING] 仓库内位置18 悬停未识别到坐标, 跳过
2026-08-02 01:16:34 [WARNING] 悬停未识别到坐标, 区域文字: 跨服仓库仓库设置道具行囊数量
2026-08-02 01:16:34 [WARNING] 仓库内位置19 悬停未识别到坐标, 跳过
2026-08-02 01:16:36 [WARNING] 悬停未识别到坐标, 区域文字: 藏宝图库设一张记着藏宝地点的地图【类型】狸的藏宝图【坐标】北俱芦洲（169，145）使用起来和藏宝图没什么区别挖掘时有一定几率获得5点动物狸的物种线索数量
2026-08-02 01:16:36 [WARNING] 仓库内位置20 悬停未识别到坐标, 跳过
2026-08-02 01:16:36 [INFO] 本批次入库完成, 成功 0/20
2026-08-02 01:16:38 [INFO] 已选中仓库[B仓库], 开始取出
2026-08-02 01:16:40 [INFO] 右键取出仓库藏宝图 @ (1362, 744)
2026-08-02 01:16:42 [INFO] 右键取出仓库藏宝图 @ (1406, 744)
2026-08-02 01:16:43 [INFO] 右键取出仓库藏宝图 @ (1450, 746)
2026-08-02 01:16:45 [INFO] 关闭仓库
2026-08-02 01:16:45 [INFO] 流程结束
2026-08-02 01:21:20 [INFO] 开始自动整理, 停止键: F12
2026-08-02 01:21:20 [INFO] 打开仓库 @ (30, 30) + 确认[我要进行仓库操作]
2026-08-02 01:21:20 [INFO] 已选中仓库[A仓库], 开始取出
2026-08-02 01:21:20 [INFO] 右键取出仓库藏宝图 @ (50, 500)
2026-08-02 01:21:20 [INFO] 右键取出仓库藏宝图 @ (150, 500)
2026-08-02 01:21:21 [INFO] 右键取出仓库藏宝图 @ (250, 500)
2026-08-02 01:21:21 [INFO] 仓库[A仓库]本批取出 3 张未知藏宝图
2026-08-02 01:21:21 [INFO] 打开背包(快捷键 alt+e)
2026-08-02 01:21:21 [DEBUG] 点击背包格子 1 @ [150, 800] (right)
2026-08-02 01:21:21 [DEBUG] 点击背包格子 2 @ [450, 800] (right)
2026-08-02 01:21:22 [DEBUG] 点击背包格子 3 @ [750, 800] (right)
2026-08-02 01:21:23 [INFO] 已点击 3/3 个背包格子解封坐标(方式:right)
2026-08-02 01:21:23 [INFO] 关闭背包(切换键 alt+e)
2026-08-02 01:21:26 [INFO] 坐标[星穹] -> 应存入A仓库
2026-08-02 01:21:26 [INFO] 识别到坐标[星穹]，成功存入A仓库
2026-08-02 01:21:27 [INFO] 坐标[落霞] -> 应存入B仓库
2026-08-02 01:21:27 [INFO] 识别到坐标[落霞]，成功存入B仓库
2026-08-02 01:21:28 [INFO] 坐标[长安] -> 应存入C仓库
2026-08-02 01:21:28 [INFO] 识别到坐标[长安]，成功存入C仓库
2026-08-02 01:21:28 [INFO] 本批次入库完成, 成功 3/3
2026-08-02 01:21:28 [INFO] 已选中仓库[B仓库], 开始取出
2026-08-02 01:21:28 [INFO] 右键取出仓库藏宝图 @ (50, 500)
2026-08-02 01:21:28 [INFO] 右键取出仓库藏宝图 @ (150, 500)
2026-08-02 01:21:29 [INFO] 右键取出仓库藏宝图 @ (250, 500)
2026-08-02 01:21:29 [INFO] 仓库[B仓库]本批取出 3 张未知藏宝图
2026-08-02 01:21:29 [INFO] 打开背包(快捷键 alt+e)
2026-08-02 01:21:29 [DEBUG] 点击背包格子 1 @ [150, 800] (right)
2026-08-02 01:21:29 [DEBUG] 点击背包格子 2 @ [450, 800] (right)
2026-08-02 01:21:30 [DEBUG] 点击背包格子 3 @ [750, 800] (right)
2026-08-02 01:21:31 [INFO] 已点击 3/3 个背包格子解封坐标(方式:right)
2026-08-02 01:21:31 [INFO] 关闭背包(切换键 alt+e)
2026-08-02 01:21:32 [WARNING] 悬停未识别到坐标, 区域文字: 
2026-08-02 01:21:32 [WARNING] 仓库内位置1 悬停未识别到坐标, 跳过
2026-08-02 01:21:34 [WARNING] 悬停未识别到坐标, 区域文字: 
2026-08-02 01:21:34 [WARNING] 仓库内位置2 悬停未识别到坐标, 跳过
2026-08-02 01:21:35 [WARNING] 悬停未识别到坐标, 区域文字: 
2026-08-02 01:21:35 [WARNING] 仓库内位置3 悬停未识别到坐标, 跳过
2026-08-02 01:21:35 [INFO] 本批次入库完成, 成功 0/3
2026-08-02 01:21:35 [INFO] 已选中仓库[C仓库], 开始取出
2026-08-02 01:21:35 [INFO] 右键取出仓库藏宝图 @ (50, 500)
2026-08-02 01:21:35 [INFO] 右键取出仓库藏宝图 @ (150, 500)
2026-08-02 01:21:35 [INFO] 右键取出仓库藏宝图 @ (250, 500)
2026-08-02 01:21:35 [INFO] 仓库[C仓库]本批取出 3 张未知藏宝图
2026-08-02 01:21:35 [INFO] 打开背包(快捷键 alt+e)
2026-08-02 01:21:35 [DEBUG] 点击背包格子 1 @ [150, 800] (right)
2026-08-02 01:21:36 [DEBUG] 点击背包格子 2 @ [450, 800] (right)
2026-08-02 01:21:37 [DEBUG] 点击背包格子 3 @ [750, 800] (right)
2026-08-02 01:21:38 [INFO] 已点击 3/3 个背包格子解封坐标(方式:right)
2026-08-02 01:21:38 [INFO] 关闭背包(切换键 alt+e)
2026-08-02 01:21:39 [WARNING] 悬停未识别到坐标, 区域文字: 
2026-08-02 01:21:39 [WARNING] 仓库内位置1 悬停未识别到坐标, 跳过
2026-08-02 01:21:41 [WARNING] 悬停未识别到坐标, 区域文字: 
2026-08-02 01:21:41 [WARNING] 仓库内位置2 悬停未识别到坐标, 跳过
2026-08-02 01:21:42 [WARNING] 悬停未识别到坐标, 区域文字: 
2026-08-02 01:21:42 [WARNING] 仓库内位置3 悬停未识别到坐标, 跳过
2026-08-02 01:21:42 [INFO] 本批次入库完成, 成功 0/3
2026-08-02 01:21:42 [INFO] 全部处理完成, 共存入 3 张藏宝图
2026-08-02 01:21:42 [INFO] 关闭仓库
2026-08-02 01:21:42 [INFO] 流程结束
2026-08-02 01:23:34 [INFO] 开始自动整理, 停止键: F12
2026-08-02 01:23:34 [INFO] 打开仓库 @ (30, 30) + 确认[我要进行仓库操作]
2026-08-02 01:23:34 [INFO] 已选中仓库[A仓库], 开始取出
2026-08-02 01:23:34 [INFO] 右键取出仓库藏宝图 @ (50, 500)
2026-08-02 01:23:34 [INFO] 右键取出仓库藏宝图 @ (150, 500)
2026-08-02 01:23:34 [INFO] 右键取出仓库藏宝图 @ (250, 500)
2026-08-02 01:23:34 [INFO] 仓库[A仓库]本批取出 3 张未知藏宝图
2026-08-02 01:23:34 [INFO] 打开背包(快捷键 alt+e)
2026-08-02 01:23:34 [DEBUG] 点击背包格子 1 @ [150, 800] (right)
2026-08-02 01:23:35 [DEBUG] 点击背包格子 2 @ [450, 800] (right)
2026-08-02 01:23:36 [DEBUG] 点击背包格子 3 @ [750, 800] (right)
2026-08-02 01:23:36 [INFO] 已点击 3/3 个背包格子解封坐标(方式:right)
2026-08-02 01:23:36 [INFO] 关闭背包(切换键 alt+e)
2026-08-02 01:23:39 [INFO] 坐标[星穹] -> 应存入A仓库
2026-08-02 01:23:39 [INFO] 识别到坐标[星穹]，成功存入A仓库
2026-08-02 01:23:40 [INFO] 坐标[落霞] -> 应存入B仓库
2026-08-02 01:23:40 [INFO] 识别到坐标[落霞]，成功存入B仓库
2026-08-02 01:23:42 [INFO] 坐标[长安] -> 应存入C仓库
2026-08-02 01:23:42 [INFO] 识别到坐标[长安]，成功存入C仓库
2026-08-02 01:23:42 [INFO] 本批次入库完成, 成功 3/3
2026-08-02 01:23:42 [INFO] 已选中仓库[B仓库], 开始取出
2026-08-02 01:23:42 [INFO] 右键取出仓库藏宝图 @ (50, 500)
2026-08-02 01:23:42 [INFO] 右键取出仓库藏宝图 @ (150, 500)
2026-08-02 01:23:42 [INFO] 右键取出仓库藏宝图 @ (250, 500)
2026-08-02 01:23:42 [INFO] 仓库[B仓库]本批取出 3 张未知藏宝图
2026-08-02 01:23:42 [INFO] 打开背包(快捷键 alt+e)
2026-08-02 01:23:42 [DEBUG] 点击背包格子 1 @ [150, 800] (right)
2026-08-02 01:23:43 [DEBUG] 点击背包格子 2 @ [450, 800] (right)
2026-08-02 01:23:44 [DEBUG] 点击背包格子 3 @ [750, 800] (right)
2026-08-02 01:23:44 [INFO] 已点击 3/3 个背包格子解封坐标(方式:right)
2026-08-02 01:23:44 [INFO] 关闭背包(切换键 alt+e)
2026-08-02 01:23:46 [WARNING] 悬停未识别到坐标, 区域文字: 
2026-08-02 01:23:46 [WARNING] 仓库内位置1 悬停未识别到坐标, 跳过
2026-08-02 01:23:47 [WARNING] 悬停未识别到坐标, 区域文字: 
2026-08-02 01:23:47 [WARNING] 仓库内位置2 悬停未识别到坐标, 跳过
2026-08-02 01:23:49 [WARNING] 悬停未识别到坐标, 区域文字: 
2026-08-02 01:23:49 [WARNING] 仓库内位置3 悬停未识别到坐标, 跳过
2026-08-02 01:23:49 [INFO] 本批次入库完成, 成功 0/3
2026-08-02 01:23:49 [INFO] 已选中仓库[C仓库], 开始取出
2026-08-02 01:23:49 [INFO] 右键取出仓库藏宝图 @ (50, 500)
2026-08-02 01:23:49 [INFO] 右键取出仓库藏宝图 @ (150, 500)
2026-08-02 01:23:49 [INFO] 右键取出仓库藏宝图 @ (250, 500)
2026-08-02 01:23:49 [INFO] 仓库[C仓库]本批取出 3 张未知藏宝图
2026-08-02 01:23:49 [INFO] 打开背包(快捷键 alt+e)
2026-08-02 01:23:49 [DEBUG] 点击背包格子 1 @ [150, 800] (right)
2026-08-02 01:23:50 [DEBUG] 点击背包格子 2 @ [450, 800] (right)
2026-08-02 01:23:50 [DEBUG] 点击背包格子 3 @ [750, 800] (right)
2026-08-02 01:23:51 [INFO] 已点击 3/3 个背包格子解封坐标(方式:right)
2026-08-02 01:23:51 [INFO] 关闭背包(切换键 alt+e)
2026-08-02 01:23:53 [WARNING] 悬停未识别到坐标, 区域文字: 
2026-08-02 01:23:53 [WARNING] 仓库内位置1 悬停未识别到坐标, 跳过
2026-08-02 01:23:54 [WARNING] 悬停未识别到坐标, 区域文字: 
2026-08-02 01:23:54 [WARNING] 仓库内位置2 悬停未识别到坐标, 跳过
2026-08-02 01:23:55 [WARNING] 悬停未识别到坐标, 区域文字: 
2026-08-02 01:23:55 [WARNING] 仓库内位置3 悬停未识别到坐标, 跳过
2026-08-02 01:23:55 [INFO] 本批次入库完成, 成功 0/3
2026-08-02 01:23:55 [INFO] 全部处理完成, 共存入 3 张藏宝图
2026-08-02 01:23:55 [INFO] 关闭仓库
2026-08-02 01:23:55 [INFO] 流程结束
2026-08-02 01:26:54 [INFO] 开始自动整理, 停止键: F12
2026-08-02 01:26:54 [INFO] 请在游戏内手动打开仓库, 8 秒后开始处理...
2026-08-02 01:27:04 [INFO] 已选中仓库[A仓库], 开始取出
2026-08-02 01:27:06 [INFO] 右键取出仓库藏宝图 @ (1362, 744)
2026-08-02 01:27:08 [INFO] 右键取出仓库藏宝图 @ (1406, 744)
2026-08-02 01:27:09 [INFO] 右键取出仓库藏宝图 @ (1450, 746)
2026-08-02 01:27:11 [INFO] 右键取出仓库藏宝图 @ (1495, 748)
2026-08-02 01:27:13 [INFO] 右键取出仓库藏宝图 @ (1537, 745)
2026-08-02 01:27:15 [INFO] 右键取出仓库藏宝图 @ (1355, 797)
2026-08-02 01:27:16 [INFO] 右键取出仓库藏宝图 @ (1406, 798)
2026-08-02 01:27:18 [INFO] 右键取出仓库藏宝图 @ (1457, 797)
2026-08-02 01:27:20 [INFO] 右键取出仓库藏宝图 @ (1504, 793)
2026-08-02 01:27:21 [INFO] 右键取出仓库藏宝图 @ (1548, 793)
2026-08-02 01:27:23 [INFO] 右键取出仓库藏宝图 @ (1347, 839)
2026-08-02 01:27:25 [INFO] 右键取出仓库藏宝图 @ (1396, 840)
2026-08-02 01:27:27 [INFO] 右键取出仓库藏宝图 @ (1442, 841)
2026-08-02 01:27:28 [INFO] 右键取出仓库藏宝图 @ (1492, 842)
2026-08-02 01:27:30 [INFO] 右键取出仓库藏宝图 @ (1538, 842)
2026-08-02 01:27:32 [INFO] 右键取出仓库藏宝图 @ (1543, 883)
2026-08-02 01:27:34 [INFO] 右键取出仓库藏宝图 @ (1489, 881)
2026-08-02 01:27:35 [INFO] 右键取出仓库藏宝图 @ (1444, 884)
2026-08-02 01:27:37 [INFO] 右键取出仓库藏宝图 @ (1394, 879)
2026-08-02 01:27:39 [INFO] 右键取出仓库藏宝图 @ (1342, 879)
2026-08-02 01:27:39 [INFO] 仓库[A仓库]本批取出 20 张未知藏宝图
2026-08-02 01:27:39 [INFO] 打开背包(快捷键 alt+e)
2026-08-02 01:27:40 [DEBUG] 点击背包格子 1 @ [1594, 714] (right)
2026-08-02 01:27:42 [DEBUG] 点击背包格子 2 @ [1645, 715] (right)
2026-08-02 01:27:43 [DEBUG] 点击背包格子 3 @ [1699, 714] (right)
2026-08-02 01:27:45 [DEBUG] 点击背包格子 4 @ [1746, 716] (right)
2026-08-02 01:27:46 [DEBUG] 点击背包格子 5 @ [1801, 716] (right)
2026-08-02 01:27:48 [DEBUG] 点击背包格子 6 @ [1799, 758] (right)
2026-08-02 01:27:49 [DEBUG] 点击背包格子 7 @ [1745, 754] (right)
2026-08-02 01:27:51 [DEBUG] 点击背包格子 8 @ [1694, 754] (right)
2026-08-02 01:27:52 [DEBUG] 点击背包格子 9 @ [1644, 755] (right)
2026-08-02 01:27:54 [DEBUG] 点击背包格子 10 @ [1585, 756] (right)
2026-08-02 01:27:55 [DEBUG] 点击背包格子 11 @ [1590, 804] (right)
2026-08-02 01:27:57 [DEBUG] 点击背包格子 12 @ [1638, 805] (right)
2026-08-02 01:27:58 [DEBUG] 点击背包格子 13 @ [1688, 804] (right)
2026-08-02 01:28:00 [DEBUG] 点击背包格子 14 @ [1737, 802] (right)
2026-08-02 01:28:01 [DEBUG] 点击背包格子 15 @ [1789, 804] (right)
2026-08-02 01:28:03 [DEBUG] 点击背包格子 16 @ [1785, 848] (right)
2026-08-02 01:28:05 [DEBUG] 点击背包格子 17 @ [1733, 851] (right)
2026-08-02 01:28:06 [DEBUG] 点击背包格子 18 @ [1681, 850] (right)
2026-08-02 01:28:08 [DEBUG] 点击背包格子 19 @ [1631, 850] (right)
2026-08-02 01:28:09 [DEBUG] 点击背包格子 20 @ [1584, 850] (right)
2026-08-02 01:28:10 [INFO] 已点击 20/20 个背包格子解封坐标(方式:right)
2026-08-02 01:28:11 [INFO] 关闭背包(快捷键 alt+e)
2026-08-02 01:28:13 [WARNING] 悬停未识别到坐标, 区域文字: 跨服仓库仓库设置道具行囊数量
2026-08-02 01:28:13 [WARNING] 仓库内位置1 悬停未识别到坐标, 跳过
2026-08-02 01:28:15 [WARNING] 悬停未识别到坐标, 区域文字: 跨服仓库仓库设置道具行囊数量
2026-08-02 01:28:15 [WARNING] 仓库内位置2 悬停未识别到坐标, 跳过
2026-08-02 01:28:17 [WARNING] 悬停未识别到坐标, 区域文字: 跨服仓库仓库设置道具行囊数量
2026-08-02 01:28:17 [WARNING] 仓库内位置3 悬停未识别到坐标, 跳过
2026-08-02 01:28:19 [WARNING] 悬停未识别到坐标, 区域文字: 跨服仓库仓库设置道具行囊数量
2026-08-02 01:28:19 [WARNING] 仓库内位置4 悬停未识别到坐标, 跳过
2026-08-02 01:28:21 [WARNING] 悬停未识别到坐标, 区域文字: 跨服仓库仓库设置道具行囊数量
2026-08-02 01:28:21 [WARNING] 仓库内位置5 悬停未识别到坐标, 跳过
2026-08-02 01:28:23 [WARNING] 悬停未识别到坐标, 区域文字: 跨服仓库仓库设置道具行囊数量藏宝图一张记着藏宝地点的地米型普通藏宝图
2026-08-02 01:28:23 [WARNING] 仓库内位置6 悬停未识别到坐标, 跳过
2026-08-02 01:28:26 [WARNING] 悬停未识别到坐标, 区域文字: 跨服仓库仓库设置道具行囊数量藏宝图一张记着藏宝地点的地【类型】狸的藏宝图
2026-08-02 01:28:26 [WARNING] 仓库内位置7 悬停未识别到坐标, 跳过
2026-08-02 01:28:28 [WARNING] 悬停未识别到坐标, 区域文字: 跨服仓库仓库设置道具行囊数量藏宝图一张记着藏宝地点的地图
2026-08-02 01:28:28 [WARNING] 仓库内位置8 悬停未识别到坐标, 跳过
2026-08-02 01:28:30 [WARNING] 悬停未识别到坐标, 区域文字: 跨服仓库仓库设置道具行囊数量
2026-08-02 01:28:30 [WARNING] 仓库内位置9 悬停未识别到坐标, 跳过
2026-08-02 01:28:32 [WARNING] 悬停未识别到坐标, 区域文字: 跨服仓库仓库设置道具行囊数量
2026-08-02 01:28:32 [WARNING] 仓库内位置10 悬停未识别到坐标, 跳过
2026-08-02 01:28:34 [INFO] 坐标[墨家村] -> 应存入A仓库
2026-08-02 01:28:38 [INFO] 已选中仓库[A仓库]并右键道具栏 (1638, 828) 存入
2026-08-02 01:28:38 [INFO] 识别到坐标[墨家村]，成功存入A仓库
2026-08-02 01:28:40 [INFO] 坐标[狮驼岭] -> 应存入C仓库
2026-08-02 01:28:44 [INFO] 已选中仓库[C仓库]并右键道具栏 (1689, 822) 存入
2026-08-02 01:28:44 [INFO] 识别到坐标[狮驼岭]，成功存入C仓库
2026-08-02 01:28:46 [INFO] 坐标[长寿郊外] -> 应存入B仓库
2026-08-02 01:28:50 [INFO] 已选中仓库[B仓库]并右键道具栏 (1731, 823) 存入
2026-08-02 01:28:50 [INFO] 识别到坐标[长寿郊外]，成功存入B仓库
2026-08-02 01:28:52 [INFO] 坐标[建邺城] -> 应存入B仓库
2026-08-02 01:28:55 [INFO] 已选中仓库[B仓库]并右键道具栏 (1776, 824) 存入
2026-08-02 01:28:55 [INFO] 识别到坐标[建邺城]，成功存入B仓库
2026-08-02 01:28:58 [INFO] 坐标[朱紫国] -> 应存入C仓库
2026-08-02 01:29:01 [INFO] 已选中仓库[C仓库]并右键道具栏 (1822, 824) 存入
2026-08-02 01:29:01 [INFO] 识别到坐标[朱紫国]，成功存入C仓库
2026-08-02 01:29:03 [WARNING] 悬停未识别到坐标, 区域文字: 跨服仓库仓库设置道具行囊数量
2026-08-02 01:29:03 [WARNING] 仓库内位置16 悬停未识别到坐标, 跳过
2026-08-02 01:29:05 [WARNING] 悬停未识别到坐标, 区域文字: 跨服仓库仓库设置道具行囊数量
2026-08-02 01:29:05 [WARNING] 仓库内位置17 悬停未识别到坐标, 跳过
2026-08-02 01:29:07 [WARNING] 悬停未识别到坐标, 区域文字: 跨服仓库仓库设置道具行囊数量
2026-08-02 01:29:07 [WARNING] 仓库内位置18 悬停未识别到坐标, 跳过
2026-08-02 01:29:09 [WARNING] 悬停未识别到坐标, 区域文字: 跨服仓库仓库设置道具行囊数量
2026-08-02 01:29:09 [WARNING] 仓库内位置19 悬停未识别到坐标, 跳过
2026-08-02 01:29:12 [INFO] 坐标[傲来国] -> 应存入A仓库
2026-08-02 01:29:15 [INFO] 已选中仓库[A仓库]并右键道具栏 (1642, 867) 存入
2026-08-02 01:29:15 [INFO] 识别到坐标[傲来国]，成功存入A仓库
2026-08-02 01:29:15 [INFO] 本批次入库完成, 成功 6/20
2026-08-02 01:29:17 [INFO] 已选中仓库[B仓库], 开始取出
2026-08-02 01:29:19 [INFO] 右键取出仓库藏宝图 @ (1362, 744)
2026-08-02 01:29:20 [INFO] 右键取出仓库藏宝图 @ (1406, 744)
2026-08-02 01:29:22 [INFO] 右键取出仓库藏宝图 @ (1450, 746)
2026-08-02 01:29:24 [INFO] 关闭仓库
2026-08-02 01:29:24 [INFO] 流程结束
2026-08-02 01:46:43 [INFO] 开始自动整理, 停止键: F12
2026-08-02 01:46:44 [INFO] 打开仓库 @ (30, 30) + 确认[我要进行仓库操作]
2026-08-02 01:46:44 [INFO] 已选中仓库[A仓库], 开始取出
2026-08-02 01:46:44 [INFO] 右键取出仓库藏宝图 @ (50, 500)
2026-08-02 01:46:44 [INFO] 右键取出仓库藏宝图 @ (150, 500)
2026-08-02 01:46:44 [INFO] 右键取出仓库藏宝图 @ (250, 500)
2026-08-02 01:46:44 [INFO] 仓库[A仓库]本批取出 3 张未知藏宝图
2026-08-02 01:46:44 [INFO] 打开背包(快捷键 alt+e)
2026-08-02 01:46:44 [DEBUG] 点击背包格子 1 @ [150, 800] (right)
2026-08-02 01:46:45 [DEBUG] 点击背包格子 2 @ [450, 800] (right)
2026-08-02 01:46:45 [DEBUG] 点击背包格子 3 @ [750, 800] (right)
2026-08-02 01:46:46 [INFO] 已点击 3/3 个背包格子解封坐标(方式:right)
2026-08-02 01:46:46 [INFO] 关闭背包(切换键 alt+e)
2026-08-02 01:46:49 [INFO] 坐标[星穹] -> 应存入A仓库
2026-08-02 01:46:49 [INFO] 识别到坐标[星穹]，成功存入A仓库
2026-08-02 01:46:50 [INFO] 坐标[落霞] -> 应存入B仓库
2026-08-02 01:46:50 [INFO] 识别到坐标[落霞]，成功存入B仓库
2026-08-02 01:46:52 [INFO] 坐标[长安] -> 应存入C仓库
2026-08-02 01:46:52 [INFO] 识别到坐标[长安]，成功存入C仓库
2026-08-02 01:46:52 [INFO] 本批次入库完成, 成功 3/3
2026-08-02 01:46:52 [INFO] 已选中仓库[B仓库], 开始取出
2026-08-02 01:46:52 [INFO] 右键取出仓库藏宝图 @ (50, 500)
2026-08-02 01:46:52 [INFO] 右键取出仓库藏宝图 @ (150, 500)
2026-08-02 01:46:52 [INFO] 右键取出仓库藏宝图 @ (250, 500)
2026-08-02 01:46:52 [INFO] 仓库[B仓库]本批取出 3 张未知藏宝图
2026-08-02 01:46:52 [INFO] 打开背包(快捷键 alt+e)
2026-08-02 01:46:52 [DEBUG] 点击背包格子 1 @ [150, 800] (right)
2026-08-02 01:46:53 [DEBUG] 点击背包格子 2 @ [450, 800] (right)
2026-08-02 01:46:53 [DEBUG] 点击背包格子 3 @ [750, 800] (right)
2026-08-02 01:46:54 [INFO] 已点击 3/3 个背包格子解封坐标(方式:right)
2026-08-02 01:46:54 [INFO] 关闭背包(切换键 alt+e)
2026-08-02 01:46:56 [WARNING] 悬停第 1/2 次未识别到地点, 区域文字: 
2026-08-02 01:46:57 [WARNING] 悬停第 2/2 次未识别到地点, 区域文字: 
2026-08-02 01:46:58 [WARNING] 仓库内位置1 悬停未识别到坐标, 跳过
2026-08-02 01:46:59 [WARNING] 悬停第 1/2 次未识别到地点, 区域文字: 
2026-08-02 01:47:01 [WARNING] 悬停第 2/2 次未识别到地点, 区域文字: 
2026-08-02 01:47:01 [WARNING] 仓库内位置2 悬停未识别到坐标, 跳过
2026-08-02 01:47:02 [WARNING] 悬停第 1/2 次未识别到地点, 区域文字: 
2026-08-02 01:47:04 [WARNING] 悬停第 2/2 次未识别到地点, 区域文字: 
2026-08-02 01:47:04 [WARNING] 仓库内位置3 悬停未识别到坐标, 跳过
2026-08-02 01:47:04 [INFO] 本批次入库完成, 成功 0/3
2026-08-02 01:47:04 [INFO] 已选中仓库[C仓库], 开始取出
2026-08-02 01:47:04 [INFO] 右键取出仓库藏宝图 @ (50, 500)
2026-08-02 01:47:04 [INFO] 右键取出仓库藏宝图 @ (150, 500)
2026-08-02 01:47:04 [INFO] 右键取出仓库藏宝图 @ (250, 500)
2026-08-02 01:47:04 [INFO] 仓库[C仓库]本批取出 3 张未知藏宝图
2026-08-02 01:47:04 [INFO] 打开背包(快捷键 alt+e)
2026-08-02 01:47:04 [DEBUG] 点击背包格子 1 @ [150, 800] (right)
2026-08-02 01:47:05 [DEBUG] 点击背包格子 2 @ [450, 800] (right)
2026-08-02 01:47:06 [DEBUG] 点击背包格子 3 @ [750, 800] (right)
2026-08-02 01:47:07 [INFO] 已点击 3/3 个背包格子解封坐标(方式:right)
2026-08-02 01:47:07 [INFO] 关闭背包(切换键 alt+e)
2026-08-02 01:47:08 [WARNING] 悬停第 1/2 次未识别到地点, 区域文字: 
2026-08-02 01:47:10 [WARNING] 悬停第 2/2 次未识别到地点, 区域文字: 
2026-08-02 01:47:10 [WARNING] 仓库内位置1 悬停未识别到坐标, 跳过
2026-08-02 01:47:11 [WARNING] 悬停第 1/2 次未识别到地点, 区域文字: 
2026-08-02 01:47:13 [WARNING] 悬停第 2/2 次未识别到地点, 区域文字: 
2026-08-02 01:47:13 [WARNING] 仓库内位置2 悬停未识别到坐标, 跳过
2026-08-02 01:47:15 [WARNING] 悬停第 1/2 次未识别到地点, 区域文字: 
2026-08-02 01:47:16 [WARNING] 悬停第 2/2 次未识别到地点, 区域文字: 
2026-08-02 01:47:17 [WARNING] 仓库内位置3 悬停未识别到坐标, 跳过
2026-08-02 01:47:17 [INFO] 本批次入库完成, 成功 0/3
2026-08-02 01:47:17 [INFO] 全部处理完成, 共存入 3 张藏宝图
2026-08-02 01:47:17 [INFO] 关闭仓库
2026-08-02 01:47:17 [INFO] 流程结束
2026-08-02 01:51:08 [INFO] 开始自动整理, 停止键: F12
2026-08-02 01:51:08 [INFO] 请在游戏内手动打开仓库, 8 秒后开始处理...
2026-08-02 01:51:18 [INFO] 已选中仓库[A仓库], 开始取出
2026-08-02 01:51:19 [INFO] 右键取出仓库藏宝图 @ (1279, 674)
2026-08-02 01:51:21 [INFO] 右键取出仓库藏宝图 @ (1326, 670)
2026-08-02 01:51:23 [INFO] 右键取出仓库藏宝图 @ (1379, 672)
2026-08-02 01:51:25 [INFO] 右键取出仓库藏宝图 @ (1426, 671)
2026-08-02 01:51:26 [INFO] 右键取出仓库藏宝图 @ (1471, 673)
2026-08-02 01:51:28 [INFO] 右键取出仓库藏宝图 @ (1474, 721)
2026-08-02 01:51:30 [INFO] 右键取出仓库藏宝图 @ (1424, 721)
2026-08-02 01:51:31 [INFO] 右键取出仓库藏宝图 @ (1377, 719)
2026-08-02 01:51:33 [INFO] 右键取出仓库藏宝图 @ (1328, 720)
2026-08-02 01:51:35 [INFO] 右键取出仓库藏宝图 @ (1285, 719)
2026-08-02 01:51:37 [INFO] 右键取出仓库藏宝图 @ (1283, 772)
2026-08-02 01:51:38 [INFO] 右键取出仓库藏宝图 @ (1333, 772)
2026-08-02 01:51:40 [INFO] 右键取出仓库藏宝图 @ (1378, 774)
2026-08-02 01:51:42 [INFO] 右键取出仓库藏宝图 @ (1422, 773)
2026-08-02 01:51:44 [INFO] 右键取出仓库藏宝图 @ (1468, 771)
2026-08-02 01:51:45 [INFO] 右键取出仓库藏宝图 @ (1466, 823)
2026-08-02 01:51:47 [INFO] 右键取出仓库藏宝图 @ (1421, 823)
2026-08-02 01:51:49 [INFO] 右键取出仓库藏宝图 @ (1373, 822)
2026-08-02 01:51:50 [INFO] 右键取出仓库藏宝图 @ (1327, 823)
2026-08-02 01:51:52 [INFO] 右键取出仓库藏宝图 @ (1280, 823)
2026-08-02 01:51:52 [INFO] 仓库[A仓库]本批取出 20 张未知藏宝图
2026-08-02 01:51:53 [INFO] 打开背包(快捷键 alt+e)
2026-08-02 01:51:54 [DEBUG] 点击背包格子 1 @ [1512, 644] (right)
2026-08-02 01:51:55 [DEBUG] 点击背包格子 2 @ [1558, 647] (right)
2026-08-02 01:51:57 [DEBUG] 点击背包格子 3 @ [1602, 647] (right)
2026-08-02 01:51:58 [DEBUG] 点击背包格子 4 @ [1646, 648] (right)
2026-08-02 01:52:00 [DEBUG] 点击背包格子 5 @ [1691, 649] (right)
2026-08-02 01:52:01 [DEBUG] 点击背包格子 6 @ [1692, 692] (right)
2026-08-02 01:52:03 [DEBUG] 点击背包格子 7 @ [1646, 691] (right)
2026-08-02 01:52:04 [DEBUG] 点击背包格子 8 @ [1601, 690] (right)
2026-08-02 01:52:06 [DEBUG] 点击背包格子 9 @ [1555, 693] (right)
2026-08-02 01:52:07 [DEBUG] 点击背包格子 10 @ [1506, 690] (right)
2026-08-02 01:52:09 [DEBUG] 点击背包格子 11 @ [1506, 744] (right)
2026-08-02 01:52:10 [DEBUG] 点击背包格子 12 @ [1552, 743] (right)
2026-08-02 01:52:12 [DEBUG] 点击背包格子 13 @ [1596, 745] (right)
2026-08-02 01:52:13 [DEBUG] 点击背包格子 14 @ [1639, 745] (right)
2026-08-02 01:52:15 [DEBUG] 点击背包格子 15 @ [1687, 742] (right)
2026-08-02 01:52:16 [DEBUG] 点击背包格子 16 @ [1683, 791] (right)
2026-08-02 01:52:18 [DEBUG] 点击背包格子 17 @ [1640, 787] (right)
2026-08-02 01:52:19 [DEBUG] 点击背包格子 18 @ [1597, 791] (right)
2026-08-02 01:52:21 [DEBUG] 点击背包格子 19 @ [1547, 788] (right)
2026-08-02 01:52:22 [DEBUG] 点击背包格子 20 @ [1503, 789] (right)
2026-08-02 01:52:23 [INFO] 已点击 20/20 个背包格子解封坐标(方式:right)
2026-08-02 01:52:24 [INFO] 关闭背包(快捷键 alt+e)
2026-08-02 01:52:26 [WARNING] 悬停第 1/3 次未识别到地点, 区域文字: 道具行囊鼠标右击道具可快速转移
2026-08-02 01:52:30 [WARNING] 悬停第 2/3 次未识别到地点, 区域文字: 道具行囊鼠标右击道具可快速转移
2026-08-02 01:52:34 [WARNING] 悬停第 3/3 次未识别到地点, 区域文字: 道具行囊鼠标右击道具可快速转移
2026-08-02 01:52:35 [WARNING] 仓库内位置1 悬停未识别到坐标, 跳过
2026-08-02 01:52:37 [WARNING] 悬停第 1/3 次未识别到地点, 区域文字: 道具行囊鼠标右击道具可快速转移
2026-08-02 01:52:42 [WARNING] 悬停第 2/3 次未识别到地点, 区域文字: 藏宝图张记着藏宝地点的地图名击道奥可快速转移【类型】普通藏宝图
2026-08-02 01:52:46 [WARNING] 悬停第 3/3 次未识别到地点, 区域文字: 道具行囊鼠标右击道具可快速转移
2026-08-02 01:52:47 [WARNING] 仓库内位置2 悬停未识别到坐标, 跳过
2026-08-02 01:52:49 [WARNING] 悬停第 1/3 次未识别到地点, 区域文字: 道具行囊鼠标右击道具可快速转移
2026-08-02 01:52:52 [INFO] 关闭仓库
2026-08-02 01:52:52 [INFO] 流程结束
2026-08-02 01:58:19 [INFO] 开始自动整理, 停止键: F12
2026-08-02 01:58:19 [INFO] 请在游戏内手动打开仓库, 8 秒后开始处理...
2026-08-02 01:58:29 [INFO] 已选中仓库[A仓库], 开始取出
2026-08-02 01:58:31 [INFO] 右键取出仓库藏宝图 @ (1279, 674)
2026-08-02 01:58:33 [INFO] 右键取出仓库藏宝图 @ (1326, 670)
2026-08-02 01:58:34 [INFO] 右键取出仓库藏宝图 @ (1379, 672)
2026-08-02 01:58:36 [INFO] 右键取出仓库藏宝图 @ (1426, 671)
2026-08-02 01:58:38 [INFO] 右键取出仓库藏宝图 @ (1471, 673)
2026-08-02 01:58:39 [INFO] 右键取出仓库藏宝图 @ (1474, 721)
2026-08-02 01:58:41 [INFO] 右键取出仓库藏宝图 @ (1424, 721)
2026-08-02 01:58:43 [INFO] 右键取出仓库藏宝图 @ (1377, 719)
2026-08-02 01:58:45 [INFO] 右键取出仓库藏宝图 @ (1328, 720)
2026-08-02 01:58:46 [INFO] 右键取出仓库藏宝图 @ (1285, 719)
2026-08-02 01:58:48 [INFO] 右键取出仓库藏宝图 @ (1283, 772)
2026-08-02 01:58:50 [INFO] 右键取出仓库藏宝图 @ (1333, 772)
2026-08-02 01:58:51 [INFO] 右键取出仓库藏宝图 @ (1378, 774)
2026-08-02 01:58:53 [INFO] 右键取出仓库藏宝图 @ (1422, 773)
2026-08-02 01:58:55 [INFO] 右键取出仓库藏宝图 @ (1468, 771)
2026-08-02 01:58:57 [INFO] 右键取出仓库藏宝图 @ (1466, 823)
2026-08-02 01:58:58 [INFO] 右键取出仓库藏宝图 @ (1421, 823)
2026-08-02 01:59:00 [INFO] 右键取出仓库藏宝图 @ (1373, 822)
2026-08-02 01:59:02 [INFO] 右键取出仓库藏宝图 @ (1327, 823)
2026-08-02 01:59:04 [INFO] 右键取出仓库藏宝图 @ (1280, 823)
2026-08-02 01:59:04 [INFO] 仓库[A仓库]本批取出 20 张未知藏宝图
2026-08-02 01:59:04 [INFO] 打开背包(快捷键 alt+e)
2026-08-02 01:59:05 [DEBUG] 点击背包格子 1 @ [1512, 644] (right)
2026-08-02 01:59:06 [DEBUG] 点击背包格子 2 @ [1558, 647] (right)
2026-08-02 01:59:08 [DEBUG] 点击背包格子 3 @ [1602, 647] (right)
2026-08-02 01:59:09 [DEBUG] 点击背包格子 4 @ [1646, 648] (right)
2026-08-02 01:59:11 [DEBUG] 点击背包格子 5 @ [1691, 649] (right)
2026-08-02 01:59:13 [DEBUG] 点击背包格子 6 @ [1692, 692] (right)
2026-08-02 01:59:14 [DEBUG] 点击背包格子 7 @ [1646, 691] (right)
2026-08-02 01:59:16 [DEBUG] 点击背包格子 8 @ [1601, 690] (right)
2026-08-02 01:59:17 [DEBUG] 点击背包格子 9 @ [1555, 693] (right)
2026-08-02 01:59:19 [DEBUG] 点击背包格子 10 @ [1506, 690] (right)
2026-08-02 01:59:20 [DEBUG] 点击背包格子 11 @ [1506, 744] (right)
2026-08-02 01:59:22 [DEBUG] 点击背包格子 12 @ [1552, 743] (right)
2026-08-02 01:59:23 [DEBUG] 点击背包格子 13 @ [1596, 745] (right)
2026-08-02 01:59:25 [DEBUG] 点击背包格子 14 @ [1639, 745] (right)
2026-08-02 01:59:26 [DEBUG] 点击背包格子 15 @ [1687, 742] (right)
2026-08-02 01:59:28 [DEBUG] 点击背包格子 16 @ [1683, 791] (right)
2026-08-02 01:59:29 [DEBUG] 点击背包格子 17 @ [1640, 787] (right)
2026-08-02 01:59:31 [DEBUG] 点击背包格子 18 @ [1597, 791] (right)
2026-08-02 01:59:32 [DEBUG] 点击背包格子 19 @ [1547, 788] (right)
2026-08-02 01:59:34 [DEBUG] 点击背包格子 20 @ [1503, 789] (right)
2026-08-02 01:59:35 [INFO] 已点击 20/20 个背包格子解封坐标(方式:right)
2026-08-02 01:59:35 [INFO] 关闭背包(快捷键 alt+e)
2026-08-02 01:59:38 [INFO] 坐标[麒麟山] -> 应存入A仓库
2026-08-02 01:59:42 [INFO] 已选中仓库[A仓库]并右键道具栏 (1565, 682) 存入
2026-08-02 01:59:42 [INFO] 识别到坐标[麒麟山]，成功存入A仓库
2026-08-02 01:59:44 [INFO] 坐标[狮驼岭] -> 应存入C仓库
2026-08-02 01:59:48 [INFO] 已选中仓库[C仓库]并右键道具栏 (1610, 684) 存入
2026-08-02 01:59:48 [INFO] 识别到坐标[狮驼岭]，成功存入C仓库
2026-08-02 01:59:50 [INFO] 坐标[麒麟山] -> 应存入A仓库
2026-08-02 01:59:54 [INFO] 已选中仓库[A仓库]并右键道具栏 (1656, 684) 存入
2026-08-02 01:59:54 [INFO] 识别到坐标[麒麟山]，成功存入A仓库
2026-08-02 01:59:56 [INFO] 坐标[傲来国] -> 应存入A仓库
2026-08-02 02:00:00 [INFO] 已选中仓库[A仓库]并右键道具栏 (1698, 685) 存入
2026-08-02 02:00:00 [INFO] 识别到坐标[傲来国]，成功存入A仓库
2026-08-02 02:00:03 [INFO] 坐标[麒麟山] -> 应存入A仓库
2026-08-02 02:00:06 [INFO] 已选中仓库[A仓库]并右键道具栏 (1745, 684) 存入
2026-08-02 02:00:06 [INFO] 识别到坐标[麒麟山]，成功存入A仓库
2026-08-02 02:00:08 [INFO] 坐标[墨家村] -> 应存入A仓库
2026-08-02 02:00:12 [INFO] 已选中仓库[A仓库]并右键道具栏 (1750, 725) 存入
2026-08-02 02:00:12 [INFO] 识别到坐标[墨家村]，成功存入A仓库
2026-08-02 02:00:14 [INFO] 坐标[朱紫国] -> 应存入C仓库
2026-08-02 02:00:18 [INFO] 已选中仓库[C仓库]并右键道具栏 (1702, 725) 存入
2026-08-02 02:00:18 [INFO] 识别到坐标[朱紫国]，成功存入C仓库
2026-08-02 02:00:20 [INFO] 坐标[墨家村] -> 应存入A仓库
2026-08-02 02:00:24 [INFO] 已选中仓库[A仓库]并右键道具栏 (1656, 728) 存入
2026-08-02 02:00:24 [INFO] 识别到坐标[墨家村]，成功存入A仓库
2026-08-02 02:00:27 [INFO] 坐标[麒麟山] -> 应存入A仓库
2026-08-02 02:00:30 [INFO] 已选中仓库[A仓库]并右键道具栏 (1604, 725) 存入
2026-08-02 02:00:30 [INFO] 识别到坐标[麒麟山]，成功存入A仓库
2026-08-02 02:00:32 [INFO] 坐标[傲来国] -> 应存入A仓库
2026-08-02 02:00:36 [INFO] 已选中仓库[A仓库]并右键道具栏 (1560, 725) 存入
2026-08-02 02:00:36 [INFO] 识别到坐标[傲来国]，成功存入A仓库
2026-08-02 02:00:38 [INFO] 坐标[朱紫国] -> 应存入C仓库
2026-08-02 02:00:42 [INFO] 已选中仓库[C仓库]并右键道具栏 (1560, 768) 存入
2026-08-02 02:00:42 [INFO] 识别到坐标[朱紫国]，成功存入C仓库
2026-08-02 02:00:43 [INFO] 关闭仓库
2026-08-02 02:00:43 [INFO] 流程结束
2026-08-02 02:06:24 [INFO] 开始自动整理, 停止键: F12
2026-08-02 02:06:24 [INFO] 打开仓库 @ (30, 30) + 确认[我要进行仓库操作]
2026-08-02 02:06:24 [INFO] 已选中仓库[A仓库], 开始取出
2026-08-02 02:06:24 [INFO] 右键取出仓库藏宝图 @ (50, 500)
2026-08-02 02:06:24 [INFO] 右键取出仓库藏宝图 @ (150, 500)
2026-08-02 02:06:24 [INFO] 右键取出仓库藏宝图 @ (250, 500)
2026-08-02 02:06:24 [INFO] 仓库[A仓库]本批取出 3 张未知藏宝图
2026-08-02 02:06:24 [INFO] 打开背包(快捷键 alt+e)
2026-08-02 02:06:24 [DEBUG] 点击背包格子 1 @ [150, 800] (right)
2026-08-02 02:06:25 [DEBUG] 点击背包格子 2 @ [450, 800] (right)
2026-08-02 02:06:26 [DEBUG] 点击背包格子 3 @ [750, 800] (right)
2026-08-02 02:06:27 [INFO] 已点击 3/3 个背包格子解封坐标(方式:right)
2026-08-02 02:06:27 [INFO] 关闭背包(快捷键 alt+e)
2026-08-02 02:06:29 [INFO] 坐标[星穹] -> 应存入A仓库
2026-08-02 02:06:29 [INFO] 识别到坐标[星穹]，成功存入A仓库
2026-08-02 02:06:31 [INFO] 坐标[落霞] -> 应存入B仓库
2026-08-02 02:06:31 [INFO] 识别到坐标[落霞]，成功存入B仓库
2026-08-02 02:06:32 [INFO] 坐标[长安] -> 应存入C仓库
2026-08-02 02:06:32 [INFO] 识别到坐标[长安]，成功存入C仓库
2026-08-02 02:06:32 [INFO] 本批次入库完成, 成功 3/3
2026-08-02 02:06:32 [INFO] 已选中仓库[B仓库], 开始取出
2026-08-02 02:06:32 [INFO] 右键取出仓库藏宝图 @ (50, 500)
2026-08-02 02:06:32 [INFO] 右键取出仓库藏宝图 @ (150, 500)
2026-08-02 02:06:32 [INFO] 右键取出仓库藏宝图 @ (250, 500)
2026-08-02 02:06:32 [INFO] 仓库[B仓库]本批取出 3 张未知藏宝图
2026-08-02 02:06:32 [INFO] 打开背包(快捷键 alt+e)
2026-08-02 02:06:32 [DEBUG] 点击背包格子 1 @ [150, 800] (right)
2026-08-02 02:06:33 [DEBUG] 点击背包格子 2 @ [450, 800] (right)
2026-08-02 02:06:34 [DEBUG] 点击背包格子 3 @ [750, 800] (right)
2026-08-02 02:06:35 [INFO] 已点击 3/3 个背包格子解封坐标(方式:right)
2026-08-02 02:06:35 [INFO] 关闭背包(快捷键 alt+e)
2026-08-02 02:06:36 [WARNING] 悬停第 1/2 次未识别到地点, 区域文字: 
2026-08-02 02:06:38 [WARNING] 悬停第 2/2 次未识别到地点, 区域文字: 
2026-08-02 02:06:38 [WARNING] 仓库内位置1 悬停未识别到坐标, 跳过
2026-08-02 02:06:39 [WARNING] 悬停第 1/2 次未识别到地点, 区域文字: 
2026-08-02 02:06:41 [WARNING] 悬停第 2/2 次未识别到地点, 区域文字: 
2026-08-02 02:06:41 [WARNING] 仓库内位置2 悬停未识别到坐标, 跳过
2026-08-02 02:06:43 [WARNING] 悬停第 1/2 次未识别到地点, 区域文字: 
2026-08-02 02:06:45 [WARNING] 悬停第 2/2 次未识别到地点, 区域文字: 
2026-08-02 02:06:45 [WARNING] 仓库内位置3 悬停未识别到坐标, 跳过
2026-08-02 02:06:45 [INFO] 本批次入库完成, 成功 0/3
2026-08-02 02:06:45 [INFO] 已选中仓库[C仓库], 开始取出
2026-08-02 02:06:45 [INFO] 右键取出仓库藏宝图 @ (50, 500)
2026-08-02 02:06:45 [INFO] 右键取出仓库藏宝图 @ (150, 500)
2026-08-02 02:06:45 [INFO] 右键取出仓库藏宝图 @ (250, 500)
2026-08-02 02:06:45 [INFO] 仓库[C仓库]本批取出 3 张未知藏宝图
2026-08-02 02:06:45 [INFO] 打开背包(快捷键 alt+e)
2026-08-02 02:06:45 [DEBUG] 点击背包格子 1 @ [150, 800] (right)
2026-08-02 02:06:46 [DEBUG] 点击背包格子 2 @ [450, 800] (right)
2026-08-02 02:06:47 [DEBUG] 点击背包格子 3 @ [750, 800] (right)
2026-08-02 02:06:47 [INFO] 已点击 3/3 个背包格子解封坐标(方式:right)
2026-08-02 02:06:47 [INFO] 关闭背包(快捷键 alt+e)
2026-08-02 02:06:49 [WARNING] 悬停第 1/2 次未识别到地点, 区域文字: 
2026-08-02 02:06:50 [WARNING] 悬停第 2/2 次未识别到地点, 区域文字: 
2026-08-02 02:06:51 [WARNING] 仓库内位置1 悬停未识别到坐标, 跳过
2026-08-02 02:06:52 [WARNING] 悬停第 1/2 次未识别到地点, 区域文字: 
2026-08-02 02:06:54 [WARNING] 悬停第 2/2 次未识别到地点, 区域文字: 
2026-08-02 02:06:54 [WARNING] 仓库内位置2 悬停未识别到坐标, 跳过
2026-08-02 02:06:55 [WARNING] 悬停第 1/2 次未识别到地点, 区域文字: 
2026-08-02 02:06:57 [WARNING] 悬停第 2/2 次未识别到地点, 区域文字: 
2026-08-02 02:06:57 [WARNING] 仓库内位置3 悬停未识别到坐标, 跳过
2026-08-02 02:06:57 [INFO] 本批次入库完成, 成功 0/3
2026-08-02 02:06:57 [INFO] 全部处理完成, 共存入 3 张藏宝图
2026-08-02 02:06:57 [INFO] 关闭仓库
2026-08-02 02:06:57 [INFO] 流程结束
2026-08-02 02:08:40 [INFO] 开始自动整理, 停止键: F12
2026-08-02 02:08:40 [INFO] 打开仓库 @ (30, 30) + 确认[我要进行仓库操作]
2026-08-02 02:08:40 [INFO] 已选中仓库[A仓库], 开始取出
2026-08-02 02:08:41 [INFO] 右键取出仓库藏宝图 @ (50, 500)
2026-08-02 02:08:41 [INFO] 右键取出仓库藏宝图 @ (150, 500)
2026-08-02 02:08:41 [INFO] 右键取出仓库藏宝图 @ (250, 500)
2026-08-02 02:08:41 [INFO] 仓库[A仓库]本批取出 3 张未知藏宝图
2026-08-02 02:08:41 [INFO] 打开背包(快捷键 alt+e)
2026-08-02 02:08:41 [DEBUG] 点击背包格子 1 @ [150, 800] (right)
2026-08-02 02:08:41 [DEBUG] 点击背包格子 2 @ [450, 800] (right)
2026-08-02 02:08:42 [DEBUG] 点击背包格子 3 @ [750, 800] (right)
2026-08-02 02:08:43 [INFO] 已点击 3/3 个背包格子解封坐标(方式:right)
2026-08-02 02:08:43 [INFO] 关闭背包(快捷键 alt+e)
2026-08-02 02:08:46 [INFO] 坐标[星穹] -> 应存入A仓库
2026-08-02 02:08:46 [INFO] 识别到坐标[星穹]，成功存入A仓库
2026-08-02 02:08:47 [INFO] 坐标[落霞] -> 应存入B仓库
2026-08-02 02:08:47 [INFO] 识别到坐标[落霞]，成功存入B仓库
2026-08-02 02:08:48 [INFO] 坐标[长安] -> 应存入C仓库
2026-08-02 02:08:48 [INFO] 识别到坐标[长安]，成功存入C仓库
2026-08-02 02:08:48 [INFO] 本批次入库完成, 成功 3/3
2026-08-02 02:08:48 [INFO] 已选中仓库[B仓库], 开始取出
2026-08-02 02:08:48 [INFO] 右键取出仓库藏宝图 @ (50, 500)
2026-08-02 02:08:49 [INFO] 右键取出仓库藏宝图 @ (150, 500)
2026-08-02 02:08:49 [INFO] 右键取出仓库藏宝图 @ (250, 500)
2026-08-02 02:08:49 [INFO] 仓库[B仓库]本批取出 3 张未知藏宝图
2026-08-02 02:08:49 [INFO] 打开背包(快捷键 alt+e)
2026-08-02 02:08:49 [DEBUG] 点击背包格子 1 @ [150, 800] (right)
2026-08-02 02:08:49 [DEBUG] 点击背包格子 2 @ [450, 800] (right)
2026-08-02 02:08:50 [DEBUG] 点击背包格子 3 @ [750, 800] (right)
2026-08-02 02:08:51 [INFO] 已点击 3/3 个背包格子解封坐标(方式:right)
2026-08-02 02:08:51 [INFO] 关闭背包(快捷键 alt+e)
2026-08-02 02:08:52 [WARNING] 悬停第 1/2 次未识别到地点, 区域文字: 
2026-08-02 02:08:54 [WARNING] 悬停第 2/2 次未识别到地点, 区域文字: 
2026-08-02 02:08:54 [WARNING] 仓库内位置1 悬停未识别到坐标, 跳过
2026-08-02 02:08:56 [WARNING] 悬停第 1/2 次未识别到地点, 区域文字: 
2026-08-02 02:08:57 [WARNING] 悬停第 2/2 次未识别到地点, 区域文字: 
2026-08-02 02:08:58 [WARNING] 仓库内位置2 悬停未识别到坐标, 跳过
2026-08-02 02:08:59 [WARNING] 悬停第 1/2 次未识别到地点, 区域文字: 
2026-08-02 02:09:01 [WARNING] 悬停第 2/2 次未识别到地点, 区域文字: 
2026-08-02 02:09:01 [WARNING] 仓库内位置3 悬停未识别到坐标, 跳过
2026-08-02 02:09:01 [INFO] 本批次入库完成, 成功 0/3
2026-08-02 02:09:01 [INFO] 已选中仓库[C仓库], 开始取出
2026-08-02 02:09:01 [INFO] 右键取出仓库藏宝图 @ (50, 500)
2026-08-02 02:09:01 [INFO] 右键取出仓库藏宝图 @ (150, 500)
2026-08-02 02:09:01 [INFO] 右键取出仓库藏宝图 @ (250, 500)
2026-08-02 02:09:01 [INFO] 仓库[C仓库]本批取出 3 张未知藏宝图
2026-08-02 02:09:01 [INFO] 打开背包(快捷键 alt+e)
2026-08-02 02:09:01 [DEBUG] 点击背包格子 1 @ [150, 800] (right)
2026-08-02 02:09:02 [DEBUG] 点击背包格子 2 @ [450, 800] (right)
2026-08-02 02:09:03 [DEBUG] 点击背包格子 3 @ [750, 800] (right)
2026-08-02 02:09:03 [INFO] 已点击 3/3 个背包格子解封坐标(方式:right)
2026-08-02 02:09:03 [INFO] 关闭背包(快捷键 alt+e)
2026-08-02 02:09:05 [WARNING] 悬停第 1/2 次未识别到地点, 区域文字: 
2026-08-02 02:09:07 [WARNING] 悬停第 2/2 次未识别到地点, 区域文字: 
2026-08-02 02:09:07 [WARNING] 仓库内位置1 悬停未识别到坐标, 跳过
2026-08-02 02:09:08 [WARNING] 悬停第 1/2 次未识别到地点, 区域文字: 
2026-08-02 02:09:10 [WARNING] 悬停第 2/2 次未识别到地点, 区域文字: 
2026-08-02 02:09:10 [WARNING] 仓库内位置2 悬停未识别到坐标, 跳过
2026-08-02 02:09:11 [WARNING] 悬停第 1/2 次未识别到地点, 区域文字: 
2026-08-02 02:09:13 [WARNING] 悬停第 2/2 次未识别到地点, 区域文字: 
2026-08-02 02:09:13 [WARNING] 仓库内位置3 悬停未识别到坐标, 跳过
2026-08-02 02:09:13 [INFO] 本批次入库完成, 成功 0/3
2026-08-02 02:09:13 [INFO] 全部处理完成, 共存入 3 张藏宝图
2026-08-02 02:09:13 [INFO] 关闭仓库
2026-08-02 02:09:13 [INFO] 流程结束
2026-08-02 02:10:24 [INFO] 开始自动整理, 停止键: F12
2026-08-02 02:10:24 [INFO] 打开仓库 @ (30, 30) + 确认[我要进行仓库操作]
2026-08-02 02:10:24 [INFO] 已选中仓库[A仓库], 开始取出
2026-08-02 02:10:24 [INFO] 右键取出仓库藏宝图 @ (50, 500)
2026-08-02 02:10:24 [INFO] 右键取出仓库藏宝图 @ (150, 500)
2026-08-02 02:10:24 [INFO] 右键取出仓库藏宝图 @ (250, 500)
2026-08-02 02:10:24 [INFO] 仓库[A仓库]本批取出 3 张未知藏宝图
2026-08-02 02:10:24 [INFO] 打开背包(快捷键 alt+e)
2026-08-02 02:10:24 [DEBUG] 点击背包格子 1 @ [150, 800] (right)
2026-08-02 02:10:25 [DEBUG] 点击背包格子 2 @ [450, 800] (right)
2026-08-02 02:10:25 [DEBUG] 点击背包格子 3 @ [750, 800] (right)
2026-08-02 02:10:26 [INFO] 已点击 3/3 个背包格子解封坐标(方式:right)
2026-08-02 02:10:26 [INFO] 关闭背包(快捷键 alt+e)
2026-08-02 02:10:29 [INFO] 坐标[星穹] -> 应存入A仓库
2026-08-02 02:10:29 [INFO] 识别到坐标[星穹]，成功存入A仓库
2026-08-02 02:10:30 [INFO] 坐标[落霞] -> 应存入B仓库
2026-08-02 02:10:30 [INFO] 识别到坐标[落霞]，成功存入B仓库
2026-08-02 02:10:32 [INFO] 坐标[长安] -> 应存入C仓库
2026-08-02 02:10:32 [INFO] 识别到坐标[长安]，成功存入C仓库
2026-08-02 02:10:32 [INFO] 本批次入库完成, 成功 3/3
2026-08-02 02:10:32 [INFO] 已选中仓库[B仓库], 开始取出
2026-08-02 02:10:32 [INFO] 右键取出仓库藏宝图 @ (50, 500)
2026-08-02 02:10:32 [INFO] 右键取出仓库藏宝图 @ (150, 500)
2026-08-02 02:10:32 [INFO] 右键取出仓库藏宝图 @ (250, 500)
2026-08-02 02:10:32 [INFO] 仓库[B仓库]本批取出 3 张未知藏宝图
2026-08-02 02:10:32 [INFO] 打开背包(快捷键 alt+e)
2026-08-02 02:10:32 [DEBUG] 点击背包格子 1 @ [150, 800] (right)
2026-08-02 02:10:33 [DEBUG] 点击背包格子 2 @ [450, 800] (right)
2026-08-02 02:10:33 [DEBUG] 点击背包格子 3 @ [750, 800] (right)
2026-08-02 02:10:34 [INFO] 已点击 3/3 个背包格子解封坐标(方式:right)
2026-08-02 02:10:34 [INFO] 关闭背包(快捷键 alt+e)
2026-08-02 02:10:36 [WARNING] 悬停第 1/2 次未识别到地点, 区域文字: 
2026-08-02 02:10:37 [WARNING] 悬停第 2/2 次未识别到地点, 区域文字: 
2026-08-02 02:10:38 [WARNING] 仓库内位置1 悬停未识别到坐标, 跳过
2026-08-02 02:10:39 [WARNING] 悬停第 1/2 次未识别到地点, 区域文字: 
2026-08-02 02:10:41 [WARNING] 悬停第 2/2 次未识别到地点, 区域文字: 
2026-08-02 02:10:41 [WARNING] 仓库内位置2 悬停未识别到坐标, 跳过
2026-08-02 02:10:42 [WARNING] 悬停第 1/2 次未识别到地点, 区域文字: 
2026-08-02 02:10:44 [WARNING] 悬停第 2/2 次未识别到地点, 区域文字: 
2026-08-02 02:10:44 [WARNING] 仓库内位置3 悬停未识别到坐标, 跳过
2026-08-02 02:10:44 [INFO] 本批次入库完成, 成功 0/3
2026-08-02 02:10:44 [INFO] 已选中仓库[C仓库], 开始取出
2026-08-02 02:10:44 [INFO] 右键取出仓库藏宝图 @ (50, 500)
2026-08-02 02:10:44 [INFO] 右键取出仓库藏宝图 @ (150, 500)
2026-08-02 02:10:44 [INFO] 右键取出仓库藏宝图 @ (250, 500)
2026-08-02 02:10:44 [INFO] 仓库[C仓库]本批取出 3 张未知藏宝图
2026-08-02 02:10:44 [INFO] 打开背包(快捷键 alt+e)
2026-08-02 02:10:44 [DEBUG] 点击背包格子 1 @ [150, 800] (right)
2026-08-02 02:10:45 [DEBUG] 点击背包格子 2 @ [450, 800] (right)
2026-08-02 02:10:46 [DEBUG] 点击背包格子 3 @ [750, 800] (right)
2026-08-02 02:10:47 [INFO] 已点击 3/3 个背包格子解封坐标(方式:right)
2026-08-02 02:10:47 [INFO] 关闭背包(快捷键 alt+e)
2026-08-02 02:10:48 [WARNING] 悬停第 1/2 次未识别到地点, 区域文字: 
2026-08-02 02:10:50 [WARNING] 悬停第 2/2 次未识别到地点, 区域文字: 
2026-08-02 02:10:50 [WARNING] 仓库内位置1 悬停未识别到坐标, 跳过
2026-08-02 02:10:52 [WARNING] 悬停第 1/2 次未识别到地点, 区域文字: 
2026-08-02 02:10:53 [WARNING] 悬停第 2/2 次未识别到地点, 区域文字: 
2026-08-02 02:10:54 [WARNING] 仓库内位置2 悬停未识别到坐标, 跳过
2026-08-02 02:10:55 [WARNING] 悬停第 1/2 次未识别到地点, 区域文字: 
2026-08-02 02:10:57 [WARNING] 悬停第 2/2 次未识别到地点, 区域文字: 
2026-08-02 02:10:57 [WARNING] 仓库内位置3 悬停未识别到坐标, 跳过
2026-08-02 02:10:57 [INFO] 本批次入库完成, 成功 0/3
2026-08-02 02:10:57 [INFO] 全部处理完成, 共存入 3 张藏宝图
2026-08-02 02:10:57 [INFO] 流程结束
2026-08-02 02:12:16 [INFO] 开始自动整理, 停止键: F12
2026-08-02 02:12:16 [INFO] 请在游戏内手动打开仓库, 8 秒后开始处理...
2026-08-02 02:12:27 [INFO] 已选中仓库[A仓库], 开始取出
2026-08-02 02:12:29 [INFO] 右键取出仓库藏宝图 @ (1279, 674)
2026-08-02 02:12:32 [INFO] 右键取出仓库藏宝图 @ (1326, 670)
2026-08-02 02:12:34 [INFO] 右键取出仓库藏宝图 @ (1379, 672)
2026-08-02 02:12:37 [INFO] 右键取出仓库藏宝图 @ (1426, 671)
2026-08-02 02:12:40 [INFO] 右键取出仓库藏宝图 @ (1471, 673)
2026-08-02 02:12:42 [INFO] 右键取出仓库藏宝图 @ (1474, 721)
2026-08-02 02:12:45 [INFO] 右键取出仓库藏宝图 @ (1424, 721)
2026-08-02 02:12:48 [INFO] 右键取出仓库藏宝图 @ (1377, 719)
2026-08-02 02:12:50 [INFO] 右键取出仓库藏宝图 @ (1328, 720)
2026-08-02 02:12:53 [INFO] 右键取出仓库藏宝图 @ (1285, 719)
2026-08-02 02:12:56 [INFO] 右键取出仓库藏宝图 @ (1283, 772)
2026-08-02 02:12:58 [INFO] 右键取出仓库藏宝图 @ (1333, 772)
2026-08-02 02:13:01 [INFO] 右键取出仓库藏宝图 @ (1378, 774)
2026-08-02 02:13:03 [INFO] 右键取出仓库藏宝图 @ (1422, 773)
2026-08-02 02:13:06 [INFO] 右键取出仓库藏宝图 @ (1468, 771)
2026-08-02 02:13:09 [INFO] 右键取出仓库藏宝图 @ (1466, 823)
2026-08-02 02:13:11 [INFO] 右键取出仓库藏宝图 @ (1421, 823)
2026-08-02 02:13:14 [INFO] 右键取出仓库藏宝图 @ (1373, 822)
2026-08-02 02:13:17 [INFO] 右键取出仓库藏宝图 @ (1327, 823)
2026-08-02 02:13:19 [INFO] 右键取出仓库藏宝图 @ (1280, 823)
2026-08-02 02:13:19 [INFO] 仓库[A仓库]本批取出 20 张未知藏宝图
2026-08-02 02:13:23 [INFO] 打开背包(快捷键 alt+e)
2026-08-02 02:13:25 [DEBUG] 点击背包格子 1 @ [1512, 644] (right)
2026-08-02 02:13:27 [DEBUG] 点击背包格子 2 @ [1558, 647] (right)
2026-08-02 02:13:30 [DEBUG] 点击背包格子 3 @ [1602, 647] (right)
2026-08-02 02:13:32 [DEBUG] 点击背包格子 4 @ [1646, 648] (right)
2026-08-02 02:13:35 [DEBUG] 点击背包格子 5 @ [1691, 649] (right)
2026-08-02 02:13:37 [DEBUG] 点击背包格子 6 @ [1692, 692] (right)
2026-08-02 02:13:38 [INFO] 流程结束
2026-08-02 02:13:52 [INFO] 开始自动整理, 停止键: F12
2026-08-02 02:13:52 [INFO] 请在游戏内手动打开仓库, 8 秒后开始处理...
2026-08-02 02:14:02 [INFO] 已选中仓库[A仓库], 开始取出
2026-08-02 02:14:05 [INFO] 右键取出仓库藏宝图 @ (1279, 674)
2026-08-02 02:14:08 [INFO] 右键取出仓库藏宝图 @ (1326, 670)
2026-08-02 02:14:10 [INFO] 右键取出仓库藏宝图 @ (1379, 672)
2026-08-02 02:14:13 [INFO] 右键取出仓库藏宝图 @ (1426, 671)
2026-08-02 02:14:15 [INFO] 右键取出仓库藏宝图 @ (1471, 673)
2026-08-02 02:14:18 [INFO] 右键取出仓库藏宝图 @ (1474, 721)
2026-08-02 02:14:21 [INFO] 右键取出仓库藏宝图 @ (1424, 721)
2026-08-02 02:14:23 [INFO] 右键取出仓库藏宝图 @ (1377, 719)
2026-08-02 02:14:26 [INFO] 右键取出仓库藏宝图 @ (1328, 720)
2026-08-02 02:14:29 [INFO] 右键取出仓库藏宝图 @ (1285, 719)
2026-08-02 02:14:31 [INFO] 右键取出仓库藏宝图 @ (1283, 772)
2026-08-02 02:14:34 [INFO] 右键取出仓库藏宝图 @ (1333, 772)
2026-08-02 02:14:37 [INFO] 右键取出仓库藏宝图 @ (1378, 774)
2026-08-02 02:14:39 [INFO] 右键取出仓库藏宝图 @ (1422, 773)
2026-08-02 02:14:42 [INFO] 右键取出仓库藏宝图 @ (1468, 771)
2026-08-02 02:14:45 [INFO] 右键取出仓库藏宝图 @ (1466, 823)
2026-08-02 02:14:47 [INFO] 右键取出仓库藏宝图 @ (1421, 823)
2026-08-02 02:14:50 [INFO] 右键取出仓库藏宝图 @ (1373, 822)
2026-08-02 02:14:52 [INFO] 右键取出仓库藏宝图 @ (1327, 823)
2026-08-02 02:14:55 [INFO] 右键取出仓库藏宝图 @ (1280, 823)
2026-08-02 02:14:55 [INFO] 仓库[A仓库]本批取出 20 张未知藏宝图
2026-08-02 02:14:58 [INFO] 打开背包(快捷键 alt+e)
2026-08-02 02:15:01 [DEBUG] 点击背包格子 1 @ [1512, 644] (right)
2026-08-02 02:15:03 [DEBUG] 点击背包格子 2 @ [1558, 647] (right)
2026-08-02 02:15:05 [DEBUG] 点击背包格子 3 @ [1602, 647] (right)
2026-08-02 02:15:08 [DEBUG] 点击背包格子 4 @ [1646, 648] (right)
2026-08-02 02:15:10 [DEBUG] 点击背包格子 5 @ [1691, 649] (right)
2026-08-02 02:15:13 [DEBUG] 点击背包格子 6 @ [1692, 692] (right)
2026-08-02 02:15:15 [DEBUG] 点击背包格子 7 @ [1646, 691] (right)
2026-08-02 02:15:18 [DEBUG] 点击背包格子 8 @ [1601, 690] (right)
2026-08-02 02:15:20 [DEBUG] 点击背包格子 9 @ [1555, 693] (right)
2026-08-02 02:15:23 [DEBUG] 点击背包格子 10 @ [1506, 690] (right)
2026-08-02 02:15:25 [DEBUG] 点击背包格子 11 @ [1506, 744] (right)
2026-08-02 02:15:27 [DEBUG] 点击背包格子 12 @ [1552, 743] (right)
2026-08-02 02:15:30 [DEBUG] 点击背包格子 13 @ [1596, 745] (right)
2026-08-02 02:15:32 [DEBUG] 点击背包格子 14 @ [1639, 745] (right)
2026-08-02 02:15:35 [DEBUG] 点击背包格子 15 @ [1687, 742] (right)
2026-08-02 02:15:37 [DEBUG] 点击背包格子 16 @ [1683, 791] (right)
2026-08-02 02:15:40 [DEBUG] 点击背包格子 17 @ [1640, 787] (right)
2026-08-02 02:15:42 [DEBUG] 点击背包格子 18 @ [1597, 791] (right)
2026-08-02 02:15:44 [DEBUG] 点击背包格子 19 @ [1547, 788] (right)
2026-08-02 02:15:47 [DEBUG] 点击背包格子 20 @ [1503, 789] (right)
2026-08-02 02:15:48 [INFO] 已点击 20/20 个背包格子解封坐标(方式:right)
2026-08-02 02:15:51 [INFO] 关闭背包(快捷键 alt+e)
2026-08-02 02:15:54 [INFO] 坐标[麒麟山] -> 应存入A仓库
2026-08-02 02:16:00 [INFO] 已选中仓库[A仓库]并右键道具栏 (1565, 682) 存入
2026-08-02 02:16:00 [INFO] 识别到坐标[麒麟山]，成功存入A仓库
2026-08-02 02:16:02 [WARNING] 悬停第 1/3 次未识别到地点, 区域文字: 道具行囊鼠标右击道具可快速转移
2026-08-02 02:16:06 [WARNING] 悬停第 2/3 次未识别到地点, 区域文字: 道具行囊鼠标右击道具可快速转移
2026-08-02 02:16:10 [WARNING] 悬停第 3/3 次未识别到地点, 区域文字: 道具行囊鼠标右击道具可快速转移
2026-08-02 02:16:11 [WARNING] 仓库内位置2 悬停未识别到坐标, 跳过
2026-08-02 02:16:13 [WARNING] 悬停第 1/3 次未识别到地点, 区域文字: 道具行囊鼠标右击道具可快速转移
2026-08-02 02:16:17 [WARNING] 悬停第 2/3 次未识别到地点, 区域文字: 道具行囊鼠标右击道具可快速转移
2026-08-02 02:16:21 [WARNING] 悬停第 3/3 次未识别到地点, 区域文字: 道具行囊鼠标右击道具可快速转移
2026-08-02 02:16:22 [WARNING] 仓库内位置3 悬停未识别到坐标, 跳过
2026-08-02 02:16:25 [INFO] 坐标[女儿村] -> 应存入B仓库
2026-08-02 02:16:30 [INFO] 已选中仓库[B仓库]并右键道具栏 (1698, 685) 存入
2026-08-02 02:16:30 [INFO] 识别到坐标[女儿村]，成功存入B仓库
2026-08-02 02:16:33 [INFO] 坐标[麒麟山] -> 应存入A仓库
2026-08-02 02:16:38 [INFO] 已选中仓库[A仓库]并右键道具栏 (1745, 684) 存入
2026-08-02 02:16:38 [INFO] 识别到坐标[麒麟山]，成功存入A仓库
2026-08-02 02:16:40 [INFO] 坐标[江南野外] -> 应存入A仓库
2026-08-02 02:16:46 [INFO] 已选中仓库[A仓库]并右键道具栏 (1750, 725) 存入
2026-08-02 02:16:46 [INFO] 识别到坐标[江南野外]，成功存入A仓库
2026-08-02 02:16:48 [INFO] 坐标[傲来国] -> 应存入A仓库
2026-08-02 02:16:53 [INFO] 已选中仓库[A仓库]并右键道具栏 (1702, 725) 存入
2026-08-02 02:16:53 [INFO] 识别到坐标[傲来国]，成功存入A仓库
2026-08-02 02:16:56 [INFO] 坐标[建邺城] -> 应存入B仓库
2026-08-02 02:17:01 [INFO] 已选中仓库[B仓库]并右键道具栏 (1656, 728) 存入
2026-08-02 02:17:01 [INFO] 识别到坐标[建邺城]，成功存入B仓库
2026-08-02 02:17:04 [WARNING] 悬停第 1/3 次未识别到地点, 区域文字: 藏宝图一张记着藏宝地点的地图。【类型】普通藏宝图手街设进【坐标】建邮城（255，29）行囊鼠标右击道具可快速转移
2026-08-02 02:17:08 [WARNING] 悬停第 2/3 次未识别到地点, 区域文字: 藏宝图一张记着藏宝地点的地图。【类型】普通藏宝图【坐标】建邮城（255，29)行囊鼠标右击道具可快速转移
2026-08-02 02:17:12 [WARNING] 悬停第 3/3 次未识别到地点, 区域文字: 藏宝图一张记着藏宝地点的地图。【类型】普通藏宝图手街设进【坐标】建邮城（255，29）行囊鼠标右击道具可快速转移
2026-08-02 02:17:13 [WARNING] 仓库内位置9 悬停未识别到坐标, 跳过
2026-08-02 02:17:16 [INFO] 坐标[墨家村] -> 应存入A仓库
2026-08-02 02:17:21 [INFO] 已选中仓库[A仓库]并右键道具栏 (1560, 725) 存入
2026-08-02 02:17:21 [INFO] 识别到坐标[墨家村]，成功存入A仓库
2026-08-02 02:17:23 [WARNING] 悬停第 1/3 次未识别到地点, 区域文字: 宝图长记着藏宝地点的地图类型】普通藏宝图鼠标右击道具可快速转移
2026-08-02 02:17:27 [WARNING] 悬停第 2/3 次未识别到地点, 区域文字: 宝图长记着藏宝地点的地图类型】普通藏宝图鼠标右击道具可快速转移
2026-08-02 02:17:32 [WARNING] 悬停第 3/3 次未识别到地点, 区域文字: 宝图长记着藏宝地点的地图类型】普通藏宝图鼠标右击道具可快速转移
2026-08-02 02:17:33 [WARNING] 仓库内位置11 悬停未识别到坐标, 跳过
2026-08-02 02:17:35 [WARNING] 悬停第 1/3 次未识别到地点, 区域文字: 藏宝图一张记着藏宝地点的地图可快速转移【类型】龙的藏宝图
2026-08-02 02:17:39 [WARNING] 悬停第 2/3 次未识别到地点, 区域文字: 藏宝图一张记着藏宝地点的地图可快速转移【类型】龙的藏宝图
2026-08-02 02:17:43 [WARNING] 悬停第 3/3 次未识别到地点, 区域文字: 藏宝图一张记着藏宝地点的地图可快速转移【类型】龙的藏宝图
2026-08-02 02:17:44 [WARNING] 仓库内位置12 悬停未识别到坐标, 跳过
2026-08-02 02:17:46 [WARNING] 悬停第 1/3 次未识别到地点, 区域文字: 藏宝图一张记着藏宝地点的地图【类型】狸的藏宝图
2026-08-02 02:17:50 [WARNING] 悬停第 2/3 次未识别到地点, 区域文字: 藏宝图一张记着藏宝地点的地图【类型】狸的藏宝图
2026-08-02 02:17:54 [WARNING] 悬停第 3/3 次未识别到地点, 区域文字: 藏宝图一张记着藏宝地点的地图【类型】狸的藏宝图
2026-08-02 02:17:55 [WARNING] 仓库内位置13 悬停未识别到坐标, 跳过
2026-08-02 02:17:57 [WARNING] 悬停第 1/3 次未识别到地点, 区域文字: 藏宝图一张记着藏宝地点的地图道【类型】普通藏宝图
2026-08-02 02:18:01 [WARNING] 悬停第 2/3 次未识别到地点, 区域文字: 藏宝图一张记着藏宝地点的地图道【类型】普通藏宝图
2026-08-02 02:18:05 [WARNING] 悬停第 3/3 次未识别到地点, 区域文字: 藏宝图一张记着藏宝地点的地图道【类型】普通藏宝图
2026-08-02 02:18:07 [WARNING] 仓库内位置14 悬停未识别到坐标, 跳过
2026-08-02 02:18:09 [WARNING] 悬停第 1/3 次未识别到地点, 区域文字: 藏宝图一张记着藏宝地点的地道具【类型】狸的藏宝图
2026-08-02 02:18:13 [WARNING] 悬停第 2/3 次未识别到地点, 区域文字: 藏宝图一张记着藏宝地点的地道具【类型】狸的藏宝图
2026-08-02 02:18:17 [WARNING] 悬停第 3/3 次未识别到地点, 区域文字: 藏宝图手机一张记着藏宝地点的地道具【类型】狸的藏宝图
2026-08-02 02:18:18 [WARNING] 仓库内位置15 悬停未识别到坐标, 跳过
2026-08-02 02:18:20 [WARNING] 悬停第 1/3 次未识别到地点, 区域文字: 手衔设道具行囊鼠标右击道具可快速转移
2026-08-02 02:18:24 [WARNING] 悬停第 2/3 次未识别到地点, 区域文字: 道具行囊鼠标右击道具可快速转移
2026-08-02 02:18:29 [WARNING] 悬停第 3/3 次未识别到地点, 区域文字: 沙冰道具行囊鼠标右击道具可快速转移
2026-08-02 02:18:30 [WARNING] 仓库内位置16 悬停未识别到坐标, 跳过
2026-08-02 02:18:32 [WARNING] 悬停第 1/3 次未识别到地点, 区域文字: 道具行囊鼠标右击道具可快速转移
2026-08-02 02:18:36 [WARNING] 悬停第 2/3 次未识别到地点, 区域文字: 手衔设道具行囊鼠标右击道具可快速转移
2026-08-02 02:18:40 [WARNING] 悬停第 3/3 次未识别到地点, 区域文字: 手衔设道具行囊鼠标右击道具可快速转移
2026-08-02 02:18:41 [WARNING] 仓库内位置17 悬停未识别到坐标, 跳过
2026-08-02 02:18:44 [INFO] 坐标[朱紫国] -> 应存入C仓库
2026-08-02 02:18:49 [INFO] 已选中仓库[C仓库]并右键道具栏 (1647, 813) 存入
2026-08-02 02:18:49 [INFO] 识别到坐标[朱紫国]，成功存入C仓库
2026-08-02 02:18:51 [INFO] 坐标[墨家村] -> 应存入A仓库
2026-08-02 02:18:56 [INFO] 已选中仓库[A仓库]并右键道具栏 (1607, 814) 存入
2026-08-02 02:18:56 [INFO] 识别到坐标[墨家村]，成功存入A仓库
2026-08-02 02:18:59 [WARNING] 悬停第 1/3 次未识别到地点, 区域文字: 类型龟的藏宝图坐标】建邮城（81.105）用起来和藏宝图没什么区别挖掘时有一定几率获得5点动龟的物种线索道具行囊鼠标右击道具可快速转移
2026-08-02 02:19:04 [INFO] 坐标[建邺城] -> 应存入B仓库
2026-08-02 02:19:09 [INFO] 已选中仓库[B仓库]并右键道具栏 (1560, 814) 存入
2026-08-02 02:19:09 [INFO] 识别到坐标[建邺城]，成功存入B仓库
2026-08-02 02:19:09 [INFO] 本批次入库完成, 成功 10/20
2026-08-02 02:19:12 [INFO] 已选中仓库[B仓库], 开始取出
2026-08-02 02:19:14 [INFO] 流程结束
2026-08-02 02:22:49 [INFO] 开始自动整理, 停止键: F12
2026-08-02 02:22:49 [INFO] 打开仓库 @ (30, 30) + 确认[我要进行仓库操作]
2026-08-02 02:22:49 [INFO] 已选中仓库[A仓库], 开始取出
2026-08-02 02:22:49 [INFO] 右键取出仓库藏宝图 @ (50, 500)
2026-08-02 02:22:49 [INFO] 右键取出仓库藏宝图 @ (150, 500)
2026-08-02 02:22:49 [INFO] 右键取出仓库藏宝图 @ (250, 500)
2026-08-02 02:22:49 [INFO] 仓库[A仓库]本批取出 3 张未知藏宝图
2026-08-02 02:22:49 [INFO] 打开背包(快捷键 alt+e)
2026-08-02 02:22:49 [DEBUG] 点击背包格子 1 @ [150, 800] (right)
2026-08-02 02:22:50 [DEBUG] 点击背包格子 2 @ [450, 800] (right)
2026-08-02 02:22:50 [DEBUG] 点击背包格子 3 @ [750, 800] (right)
2026-08-02 02:22:51 [INFO] 已点击 3/3 个背包格子解封坐标(方式:right)
2026-08-02 02:22:51 [INFO] 关闭背包(快捷键 alt+e)
2026-08-02 02:22:54 [INFO] 坐标[星穹] -> 应存入A仓库
2026-08-02 02:22:54 [INFO] 识别到坐标[星穹]，成功存入A仓库
2026-08-02 02:22:55 [INFO] 坐标[落霞] -> 应存入B仓库
2026-08-02 02:22:55 [INFO] 识别到坐标[落霞]，成功存入B仓库
2026-08-02 02:22:57 [INFO] 坐标[长安] -> 应存入C仓库
2026-08-02 02:22:57 [INFO] 识别到坐标[长安]，成功存入C仓库
2026-08-02 02:22:57 [INFO] 本批次入库完成, 成功 3/3
2026-08-02 02:22:57 [INFO] 已选中仓库[B仓库], 开始取出
2026-08-02 02:22:57 [INFO] 右键取出仓库藏宝图 @ (50, 500)
2026-08-02 02:22:57 [INFO] 右键取出仓库藏宝图 @ (150, 500)
2026-08-02 02:22:57 [INFO] 右键取出仓库藏宝图 @ (250, 500)
2026-08-02 02:22:57 [INFO] 仓库[B仓库]本批取出 3 张未知藏宝图
2026-08-02 02:22:57 [INFO] 打开背包(快捷键 alt+e)
2026-08-02 02:22:57 [DEBUG] 点击背包格子 1 @ [150, 800] (right)
2026-08-02 02:22:58 [DEBUG] 点击背包格子 2 @ [450, 800] (right)
2026-08-02 02:22:59 [DEBUG] 点击背包格子 3 @ [750, 800] (right)
2026-08-02 02:22:59 [INFO] 已点击 3/3 个背包格子解封坐标(方式:right)
2026-08-02 02:22:59 [INFO] 关闭背包(快捷键 alt+e)
2026-08-02 02:23:01 [WARNING] 悬停第 1/2 次未识别到地点, 区域文字: 
2026-08-02 02:23:03 [WARNING] 悬停第 2/2 次未识别到地点, 区域文字: 
2026-08-02 02:23:03 [WARNING] 仓库内位置1 悬停未识别到坐标, 跳过
2026-08-02 02:23:04 [WARNING] 悬停第 1/2 次未识别到地点, 区域文字: 
2026-08-02 02:23:06 [WARNING] 悬停第 2/2 次未识别到地点, 区域文字: 
2026-08-02 02:23:06 [WARNING] 仓库内位置2 悬停未识别到坐标, 跳过
2026-08-02 02:23:07 [WARNING] 悬停第 1/2 次未识别到地点, 区域文字: 
2026-08-02 02:23:09 [WARNING] 悬停第 2/2 次未识别到地点, 区域文字: 
2026-08-02 02:23:09 [WARNING] 仓库内位置3 悬停未识别到坐标, 跳过
2026-08-02 02:23:09 [INFO] 本批次入库完成, 成功 0/3
2026-08-02 02:23:09 [INFO] 已选中仓库[C仓库], 开始取出
2026-08-02 02:23:10 [INFO] 右键取出仓库藏宝图 @ (50, 500)
2026-08-02 02:23:10 [INFO] 右键取出仓库藏宝图 @ (150, 500)
2026-08-02 02:23:10 [INFO] 右键取出仓库藏宝图 @ (250, 500)
2026-08-02 02:23:10 [INFO] 仓库[C仓库]本批取出 3 张未知藏宝图
2026-08-02 02:23:10 [INFO] 打开背包(快捷键 alt+e)
2026-08-02 02:23:10 [DEBUG] 点击背包格子 1 @ [150, 800] (right)
2026-08-02 02:23:10 [DEBUG] 点击背包格子 2 @ [450, 800] (right)
2026-08-02 02:23:11 [DEBUG] 点击背包格子 3 @ [750, 800] (right)
2026-08-02 02:23:12 [INFO] 已点击 3/3 个背包格子解封坐标(方式:right)
2026-08-02 02:23:12 [INFO] 关闭背包(快捷键 alt+e)
2026-08-02 02:23:13 [WARNING] 悬停第 1/2 次未识别到地点, 区域文字: 
2026-08-02 02:23:15 [WARNING] 悬停第 2/2 次未识别到地点, 区域文字: 
2026-08-02 02:23:15 [WARNING] 仓库内位置1 悬停未识别到坐标, 跳过
2026-08-02 02:23:17 [WARNING] 悬停第 1/2 次未识别到地点, 区域文字: 
2026-08-02 02:23:19 [WARNING] 悬停第 2/2 次未识别到地点, 区域文字: 
2026-08-02 02:23:19 [WARNING] 仓库内位置2 悬停未识别到坐标, 跳过
2026-08-02 02:23:20 [WARNING] 悬停第 1/2 次未识别到地点, 区域文字: 
2026-08-02 02:23:22 [WARNING] 悬停第 2/2 次未识别到地点, 区域文字: 
2026-08-02 02:23:22 [WARNING] 仓库内位置3 悬停未识别到坐标, 跳过
2026-08-02 02:23:22 [INFO] 本批次入库完成, 成功 0/3
2026-08-02 02:23:22 [INFO] 全部处理完成, 共存入 3 张藏宝图
2026-08-02 02:23:22 [INFO] 流程结束
2026-08-02 02:23:51 [INFO] 开始自动整理, 停止键: F12
2026-08-02 02:23:51 [INFO] 打开仓库 @ (30, 30) + 确认[我要进行仓库操作]
2026-08-02 02:23:51 [INFO] 已选中仓库[A仓库], 开始取出
2026-08-02 02:23:51 [INFO] 右键取出仓库藏宝图 @ (50, 500)
2026-08-02 02:23:51 [INFO] 右键取出仓库藏宝图 @ (150, 500)
2026-08-02 02:23:51 [INFO] 右键取出仓库藏宝图 @ (250, 500)
2026-08-02 02:23:51 [INFO] 仓库[A仓库]本批取出 3 张未知藏宝图
2026-08-02 02:23:51 [INFO] 打开背包(快捷键 alt+e)
2026-08-02 02:23:51 [DEBUG] 点击背包格子 1 @ [150, 800] (right)
2026-08-02 02:23:52 [DEBUG] 点击背包格子 2 @ [450, 800] (right)
2026-08-02 02:23:53 [DEBUG] 点击背包格子 3 @ [750, 800] (right)
2026-08-02 02:23:54 [INFO] 已点击 3/3 个背包格子解封坐标(方式:right)
2026-08-02 02:23:54 [INFO] 关闭背包(快捷键 alt+e)
2026-08-02 02:23:56 [INFO] 坐标[星穹] -> 应存入A仓库
2026-08-02 02:23:56 [INFO] 识别到坐标[星穹]，成功存入A仓库
2026-08-02 02:23:58 [INFO] 坐标[落霞] -> 应存入B仓库
2026-08-02 02:23:58 [INFO] 识别到坐标[落霞]，成功存入B仓库
2026-08-02 02:23:59 [INFO] 坐标[长安] -> 应存入C仓库
2026-08-02 02:23:59 [INFO] 识别到坐标[长安]，成功存入C仓库
2026-08-02 02:23:59 [INFO] 本批次入库完成, 成功 3/3
2026-08-02 02:23:59 [INFO] 已选中仓库[B仓库], 开始取出
2026-08-02 02:23:59 [INFO] 右键取出仓库藏宝图 @ (50, 500)
2026-08-02 02:23:59 [INFO] 右键取出仓库藏宝图 @ (150, 500)
2026-08-02 02:23:59 [INFO] 右键取出仓库藏宝图 @ (250, 500)
2026-08-02 02:23:59 [INFO] 仓库[B仓库]本批取出 3 张未知藏宝图
2026-08-02 02:23:59 [INFO] 打开背包(快捷键 alt+e)
2026-08-02 02:23:59 [DEBUG] 点击背包格子 1 @ [150, 800] (right)
2026-08-02 02:24:00 [DEBUG] 点击背包格子 2 @ [450, 800] (right)
2026-08-02 02:24:01 [DEBUG] 点击背包格子 3 @ [750, 800] (right)
2026-08-02 02:24:02 [INFO] 已点击 3/3 个背包格子解封坐标(方式:right)
2026-08-02 02:24:02 [INFO] 关闭背包(快捷键 alt+e)
2026-08-02 02:24:03 [WARNING] 悬停第 1/2 次未识别到地点, 区域文字: 
2026-08-02 02:24:05 [WARNING] 悬停第 2/2 次未识别到地点, 区域文字: 
2026-08-02 02:24:05 [WARNING] 仓库内位置1 悬停未识别到坐标, 跳过
2026-08-02 02:24:06 [WARNING] 悬停第 1/2 次未识别到地点, 区域文字: 
2026-08-02 02:24:08 [WARNING] 悬停第 2/2 次未识别到地点, 区域文字: 
2026-08-02 02:24:08 [WARNING] 仓库内位置2 悬停未识别到坐标, 跳过
2026-08-02 02:24:09 [WARNING] 悬停第 1/2 次未识别到地点, 区域文字: 
2026-08-02 02:24:11 [WARNING] 悬停第 2/2 次未识别到地点, 区域文字: 
2026-08-02 02:24:11 [WARNING] 仓库内位置3 悬停未识别到坐标, 跳过
2026-08-02 02:24:11 [INFO] 本批次入库完成, 成功 0/3
2026-08-02 02:24:11 [INFO] 已选中仓库[C仓库], 开始取出
2026-08-02 02:24:11 [INFO] 右键取出仓库藏宝图 @ (50, 500)
2026-08-02 02:24:11 [INFO] 右键取出仓库藏宝图 @ (150, 500)
2026-08-02 02:24:11 [INFO] 右键取出仓库藏宝图 @ (250, 500)
2026-08-02 02:24:11 [INFO] 仓库[C仓库]本批取出 3 张未知藏宝图
2026-08-02 02:24:11 [INFO] 打开背包(快捷键 alt+e)
2026-08-02 02:24:11 [DEBUG] 点击背包格子 1 @ [150, 800] (right)
2026-08-02 02:24:12 [DEBUG] 点击背包格子 2 @ [450, 800] (right)
2026-08-02 02:24:13 [DEBUG] 点击背包格子 3 @ [750, 800] (right)
2026-08-02 02:24:14 [INFO] 已点击 3/3 个背包格子解封坐标(方式:right)
2026-08-02 02:24:14 [INFO] 关闭背包(快捷键 alt+e)
2026-08-02 02:24:15 [WARNING] 悬停第 1/2 次未识别到地点, 区域文字: 
2026-08-02 02:24:17 [WARNING] 悬停第 2/2 次未识别到地点, 区域文字: 
2026-08-02 02:24:17 [WARNING] 仓库内位置1 悬停未识别到坐标, 跳过
2026-08-02 02:24:18 [WARNING] 悬停第 1/2 次未识别到地点, 区域文字: 
2026-08-02 02:24:20 [WARNING] 悬停第 2/2 次未识别到地点, 区域文字: 
2026-08-02 02:24:20 [WARNING] 仓库内位置2 悬停未识别到坐标, 跳过
2026-08-02 02:24:21 [WARNING] 悬停第 1/2 次未识别到地点, 区域文字: 
2026-08-02 02:24:23 [WARNING] 悬停第 2/2 次未识别到地点, 区域文字: 
2026-08-02 02:24:23 [WARNING] 仓库内位置3 悬停未识别到坐标, 跳过
2026-08-02 02:24:23 [INFO] 本批次入库完成, 成功 0/3
2026-08-02 02:24:23 [INFO] 全部处理完成, 共存入 3 张藏宝图
2026-08-02 02:24:23 [INFO] 流程结束
2026-08-02 02:25:23 [INFO] 开始自动整理, 停止键: F12
2026-08-02 02:25:23 [INFO] 请在游戏内手动打开仓库, 8 秒后开始处理...
2026-08-02 02:25:33 [INFO] 已选中仓库[A仓库], 开始取出
2026-08-02 02:25:36 [INFO] 右键取出仓库藏宝图 @ (1279, 674)
2026-08-02 02:25:39 [INFO] 右键取出仓库藏宝图 @ (1326, 670)
2026-08-02 02:25:42 [INFO] 右键取出仓库藏宝图 @ (1379, 672)
2026-08-02 02:25:44 [INFO] 右键取出仓库藏宝图 @ (1426, 671)
2026-08-02 02:25:47 [INFO] 右键取出仓库藏宝图 @ (1471, 673)
2026-08-02 02:25:50 [INFO] 右键取出仓库藏宝图 @ (1474, 721)
2026-08-02 02:25:53 [INFO] 右键取出仓库藏宝图 @ (1424, 721)
2026-08-02 02:25:55 [INFO] 右键取出仓库藏宝图 @ (1377, 719)
2026-08-02 02:25:58 [INFO] 右键取出仓库藏宝图 @ (1328, 720)
2026-08-02 02:26:01 [INFO] 右键取出仓库藏宝图 @ (1285, 719)
2026-08-02 02:26:04 [INFO] 右键取出仓库藏宝图 @ (1283, 772)
2026-08-02 02:26:06 [INFO] 右键取出仓库藏宝图 @ (1333, 772)
2026-08-02 02:26:09 [INFO] 右键取出仓库藏宝图 @ (1378, 774)
2026-08-02 02:26:12 [INFO] 右键取出仓库藏宝图 @ (1422, 773)
2026-08-02 02:26:15 [INFO] 右键取出仓库藏宝图 @ (1468, 771)
2026-08-02 02:26:17 [INFO] 右键取出仓库藏宝图 @ (1466, 823)
2026-08-02 02:26:20 [INFO] 右键取出仓库藏宝图 @ (1421, 823)
2026-08-02 02:26:23 [INFO] 右键取出仓库藏宝图 @ (1373, 822)
2026-08-02 02:26:26 [INFO] 右键取出仓库藏宝图 @ (1327, 823)
2026-08-02 02:26:28 [INFO] 右键取出仓库藏宝图 @ (1280, 823)
2026-08-02 02:26:28 [INFO] 仓库[A仓库]本批取出 20 张未知藏宝图
2026-08-02 02:26:32 [INFO] 打开背包(快捷键 alt+e)
2026-08-02 02:26:34 [DEBUG] 点击背包格子 1 @ [1512, 644] (right)
2026-08-02 02:26:37 [DEBUG] 点击背包格子 2 @ [1558, 647] (right)
2026-08-02 02:26:39 [DEBUG] 点击背包格子 3 @ [1602, 647] (right)
2026-08-02 02:26:42 [DEBUG] 点击背包格子 4 @ [1646, 648] (right)
2026-08-02 02:26:44 [DEBUG] 点击背包格子 5 @ [1691, 649] (right)
2026-08-02 02:26:47 [DEBUG] 点击背包格子 6 @ [1692, 692] (right)
2026-08-02 02:26:49 [DEBUG] 点击背包格子 7 @ [1646, 691] (right)
2026-08-02 02:26:52 [DEBUG] 点击背包格子 8 @ [1601, 690] (right)
2026-08-02 02:26:54 [DEBUG] 点击背包格子 9 @ [1555, 693] (right)
2026-08-02 02:26:57 [DEBUG] 点击背包格子 10 @ [1506, 690] (right)
2026-08-02 02:26:59 [DEBUG] 点击背包格子 11 @ [1506, 744] (right)
2026-08-02 02:27:02 [DEBUG] 点击背包格子 12 @ [1552, 743] (right)
2026-08-02 02:27:04 [DEBUG] 点击背包格子 13 @ [1596, 745] (right)
2026-08-02 02:27:07 [DEBUG] 点击背包格子 14 @ [1639, 745] (right)
2026-08-02 02:27:10 [DEBUG] 点击背包格子 15 @ [1687, 742] (right)
2026-08-02 02:27:12 [DEBUG] 点击背包格子 16 @ [1683, 791] (right)
2026-08-02 02:27:15 [DEBUG] 点击背包格子 17 @ [1640, 787] (right)
2026-08-02 02:27:17 [DEBUG] 点击背包格子 18 @ [1597, 791] (right)
2026-08-02 02:27:20 [DEBUG] 点击背包格子 19 @ [1547, 788] (right)
2026-08-02 02:27:22 [DEBUG] 点击背包格子 20 @ [1503, 789] (right)
2026-08-02 02:27:23 [INFO] 已点击 20/20 个背包格子解封坐标(方式:right)
2026-08-02 02:27:26 [INFO] 关闭背包(快捷键 alt+e)
2026-08-02 02:27:30 [INFO] 坐标[大唐国境] -> 应存入B仓库
2026-08-02 02:27:35 [INFO] 已选中仓库[B仓库]并右键道具栏 (1565, 682) 存入
2026-08-02 02:27:35 [INFO] 识别到坐标[大唐国境]，成功存入B仓库
2026-08-02 02:27:38 [INFO] 坐标[傲来国] -> 应存入A仓库
2026-08-02 02:27:44 [INFO] 已选中仓库[A仓库]并右键道具栏 (1610, 684) 存入
2026-08-02 02:27:44 [INFO] 识别到坐标[傲来国]，成功存入A仓库
2026-08-02 02:27:46 [INFO] 坐标[麒麟山] -> 应存入A仓库
2026-08-02 02:27:52 [INFO] 已选中仓库[A仓库]并右键道具栏 (1656, 684) 存入
2026-08-02 02:27:52 [INFO] 识别到坐标[麒麟山]，成功存入A仓库
2026-08-02 02:27:55 [INFO] 坐标[长寿郊外] -> 应存入B仓库
2026-08-02 02:28:00 [INFO] 已选中仓库[B仓库]并右键道具栏 (1698, 685) 存入
2026-08-02 02:28:00 [INFO] 识别到坐标[长寿郊外]，成功存入B仓库
2026-08-02 02:28:03 [INFO] 坐标[傲来国] -> 应存入A仓库
2026-08-02 02:28:08 [INFO] 已选中仓库[A仓库]并右键道具栏 (1745, 684) 存入
2026-08-02 02:28:08 [INFO] 识别到坐标[傲来国]，成功存入A仓库
2026-08-02 02:28:11 [INFO] 坐标[江南野外] -> 应存入A仓库
2026-08-02 02:28:16 [INFO] 已选中仓库[A仓库]并右键道具栏 (1750, 725) 存入
2026-08-02 02:28:16 [INFO] 识别到坐标[江南野外]，成功存入A仓库
2026-08-02 02:28:19 [INFO] 坐标[墨家村] -> 应存入A仓库
2026-08-02 02:28:25 [INFO] 已选中仓库[A仓库]并右键道具栏 (1702, 725) 存入
2026-08-02 02:28:25 [INFO] 识别到坐标[墨家村]，成功存入A仓库
2026-08-02 02:28:27 [INFO] 坐标[狮驼岭] -> 应存入C仓库
2026-08-02 02:28:32 [INFO] 已选中仓库[C仓库]并右键道具栏 (1656, 728) 存入
2026-08-02 02:28:32 [INFO] 识别到坐标[狮驼岭]，成功存入C仓库
2026-08-02 02:28:35 [INFO] 坐标[狮驼岭] -> 应存入C仓库
2026-08-02 02:28:40 [INFO] 已选中仓库[C仓库]并右键道具栏 (1604, 725) 存入
2026-08-02 02:28:40 [INFO] 识别到坐标[狮驼岭]，成功存入C仓库
2026-08-02 02:28:43 [INFO] 坐标[墨家村] -> 应存入A仓库
2026-08-02 02:28:49 [INFO] 已选中仓库[A仓库]并右键道具栏 (1560, 725) 存入
2026-08-02 02:28:49 [INFO] 识别到坐标[墨家村]，成功存入A仓库
2026-08-02 02:28:51 [INFO] 坐标[北俱芦洲] -> 应存入A仓库
2026-08-02 02:28:57 [INFO] 已选中仓库[A仓库]并右键道具栏 (1560, 768) 存入
2026-08-02 02:28:57 [INFO] 识别到坐标[北俱芦洲]，成功存入A仓库
2026-08-02 02:28:59 [WARNING] 悬停第 1/2 次未识别到地点, 区域文字: 藏宝图张记着藏宝地点的地图。可快速转移【类型】狸的藏宝图
2026-08-02 02:29:03 [WARNING] 悬停第 2/2 次未识别到地点, 区域文字: 藏宝图张记着藏宝地点的地图。可快速转移【类型】狸的藏宝图
2026-08-02 02:29:04 [WARNING] 仓库内位置12 悬停未识别到坐标, 跳过
2026-08-02 02:29:07 [WARNING] 悬停第 1/2 次未识别到地点, 区域文字: 藏宝图一张记着藏宝地点的地图移米型普通藏宝图
2026-08-02 02:29:11 [WARNING] 悬停第 2/2 次未识别到地点, 区域文字: 藏宝图一张记着藏宝地点的地图【类型】普通藏宝图快速转移
2026-08-02 02:29:12 [WARNING] 仓库内位置13 悬停未识别到坐标, 跳过
2026-08-02 02:29:15 [INFO] 坐标[朱紫国] -> 应存入C仓库
2026-08-02 02:29:20 [INFO] 已选中仓库[C仓库]并右键道具栏 (1697, 766) 存入
2026-08-02 02:29:20 [INFO] 识别到坐标[朱紫国]，成功存入C仓库
2026-08-02 02:29:23 [WARNING] 悬停第 1/2 次未识别到地点, 区域文字: 藏宝图道具张记着藏宝地点的地【类型普通藏宝图
2026-08-02 02:29:27 [WARNING] 悬停第 2/2 次未识别到地点, 区域文字: 藏宝图道具张记着藏宝地点的地【类型普通藏宝图
2026-08-02 02:29:28 [WARNING] 仓库内位置15 悬停未识别到坐标, 跳过
2026-08-02 02:29:30 [INFO] 坐标[麒麟山] -> 应存入A仓库
2026-08-02 02:29:36 [INFO] 已选中仓库[A仓库]并右键道具栏 (1743, 812) 存入
2026-08-02 02:29:36 [INFO] 识别到坐标[麒麟山]，成功存入A仓库
2026-08-02 02:29:39 [INFO] 坐标[女儿村] -> 应存入B仓库
2026-08-02 02:29:44 [INFO] 已选中仓库[B仓库]并右键道具栏 (1694, 810) 存入
2026-08-02 02:29:44 [INFO] 识别到坐标[女儿村]，成功存入B仓库
2026-08-02 02:29:47 [WARNING] 悬停第 1/2 次未识别到地点, 区域文字: 【类型】龟的藏宝图【坐标】建邮城（81，105）使用起来和藏宝图没什么区别挖掘时有一定几率获得5点动物龟的物种线索接道具行囊鼠标右击道具可快速转移
2026-08-02 02:29:51 [WARNING] 悬停第 2/2 次未识别到地点, 区域文字: 【类型】龟的藏宝图【坐标】建邮城（81，105）使用起来和藏宝图没什么区别挖掘时有一定几率获得5点动物龟的物种线索接道具行囊鼠标右击道具可快速转移
2026-08-02 02:29:52 [WARNING] 仓库内位置18 悬停未识别到坐标, 跳过
2026-08-02 02:29:54 [INFO] 坐标[麒麟山] -> 应存入A仓库
2026-08-02 02:30:00 [INFO] 已选中仓库[A仓库]并右键道具栏 (1607, 814) 存入
2026-08-02 02:30:00 [INFO] 识别到坐标[麒麟山]，成功存入A仓库
2026-08-02 02:30:02 [INFO] 坐标[朱紫国] -> 应存入C仓库
2026-08-02 02:30:08 [INFO] 已选中仓库[C仓库]并右键道具栏 (1560, 814) 存入
2026-08-02 02:30:08 [INFO] 识别到坐标[朱紫国]，成功存入C仓库
2026-08-02 02:30:08 [INFO] 本批次入库完成, 成功 16/20
2026-08-02 02:30:10 [INFO] 已选中仓库[B仓库], 开始取出
2026-08-02 02:30:13 [INFO] 右键取出仓库藏宝图 @ (1279, 674)
2026-08-02 02:30:16 [INFO] 右键取出仓库藏宝图 @ (1326, 670)
2026-08-02 02:30:19 [INFO] 右键取出仓库藏宝图 @ (1379, 672)
2026-08-02 02:30:21 [INFO] 右键取出仓库藏宝图 @ (1426, 671)
2026-08-02 02:30:24 [INFO] 流程结束
2026-08-02 02:35:30 [INFO] 开始自动整理, 停止键: F12
2026-08-02 02:35:30 [INFO] 打开仓库 @ (30, 30) + 确认[我要进行仓库操作]
2026-08-02 02:35:31 [INFO] 已选中仓库[A仓库], 开始取出
2026-08-02 02:35:31 [INFO] 右键取出仓库藏宝图 @ (50, 500)
2026-08-02 02:35:31 [INFO] 右键取出仓库藏宝图 @ (150, 500)
2026-08-02 02:35:31 [INFO] 右键取出仓库藏宝图 @ (250, 500)
2026-08-02 02:35:31 [INFO] 仓库[A仓库]本批取出 3 张未知藏宝图
2026-08-02 02:35:31 [INFO] 打开背包(快捷键 alt+e)
2026-08-02 02:35:31 [DEBUG] 点击背包格子 1 @ [150, 800] (right)
2026-08-02 02:35:32 [DEBUG] 点击背包格子 2 @ [450, 800] (right)
2026-08-02 02:35:32 [DEBUG] 点击背包格子 3 @ [750, 800] (right)
2026-08-02 02:35:33 [INFO] 已点击 3/3 个背包格子解封坐标(方式:right)
2026-08-02 02:35:33 [INFO] 关闭背包(快捷键 alt+e)
2026-08-02 02:35:36 [INFO] 坐标[星穹] -> 应存入A仓库
2026-08-02 02:35:36 [INFO] 识别到坐标[星穹]，成功存入A仓库
2026-08-02 02:35:37 [INFO] 坐标[落霞] -> 应存入B仓库
2026-08-02 02:35:37 [INFO] 识别到坐标[落霞]，成功存入B仓库
2026-08-02 02:35:39 [INFO] 坐标[长安] -> 应存入C仓库
2026-08-02 02:35:39 [INFO] 识别到坐标[长安]，成功存入C仓库
2026-08-02 02:35:39 [INFO] 本批次入库完成, 成功 3/3
2026-08-02 02:35:39 [INFO] 已选中仓库[B仓库], 开始取出
2026-08-02 02:35:39 [INFO] 右键取出仓库藏宝图 @ (50, 500)
2026-08-02 02:35:39 [INFO] 右键取出仓库藏宝图 @ (150, 500)
2026-08-02 02:35:39 [INFO] 右键取出仓库藏宝图 @ (250, 500)
2026-08-02 02:35:39 [INFO] 仓库[B仓库]本批取出 3 张未知藏宝图
2026-08-02 02:35:39 [INFO] 打开背包(快捷键 alt+e)
2026-08-02 02:35:39 [DEBUG] 点击背包格子 1 @ [150, 800] (right)
2026-08-02 02:35:40 [DEBUG] 点击背包格子 2 @ [450, 800] (right)
2026-08-02 02:35:40 [DEBUG] 点击背包格子 3 @ [750, 800] (right)
2026-08-02 02:35:41 [INFO] 已点击 3/3 个背包格子解封坐标(方式:right)
2026-08-02 02:35:41 [INFO] 关闭背包(快捷键 alt+e)
2026-08-02 02:35:43 [WARNING] 悬停第 1/2 次未识别到地点, 区域文字: 
2026-08-02 02:35:44 [WARNING] 悬停第 2/2 次未识别到地点, 区域文字: 
2026-08-02 02:35:44 [WARNING] 仓库内位置1 悬停未识别到坐标, 跳过
2026-08-02 02:35:46 [WARNING] 悬停第 1/2 次未识别到地点, 区域文字: 
2026-08-02 02:35:48 [WARNING] 悬停第 2/2 次未识别到地点, 区域文字: 
2026-08-02 02:35:48 [WARNING] 仓库内位置2 悬停未识别到坐标, 跳过
2026-08-02 02:35:49 [WARNING] 悬停第 1/2 次未识别到地点, 区域文字: 
2026-08-02 02:35:51 [WARNING] 悬停第 2/2 次未识别到地点, 区域文字: 
2026-08-02 02:35:51 [WARNING] 仓库内位置3 悬停未识别到坐标, 跳过
2026-08-02 02:35:51 [INFO] 本批次入库完成, 成功 0/3
2026-08-02 02:35:51 [INFO] 已选中仓库[C仓库], 开始取出
2026-08-02 02:35:51 [INFO] 右键取出仓库藏宝图 @ (50, 500)
2026-08-02 02:35:51 [INFO] 右键取出仓库藏宝图 @ (150, 500)
2026-08-02 02:35:51 [INFO] 右键取出仓库藏宝图 @ (250, 500)
2026-08-02 02:35:51 [INFO] 仓库[C仓库]本批取出 3 张未知藏宝图
2026-08-02 02:35:51 [INFO] 打开背包(快捷键 alt+e)
2026-08-02 02:35:51 [DEBUG] 点击背包格子 1 @ [150, 800] (right)
2026-08-02 02:35:52 [DEBUG] 点击背包格子 2 @ [450, 800] (right)
2026-08-02 02:35:53 [DEBUG] 点击背包格子 3 @ [750, 800] (right)
2026-08-02 02:35:54 [INFO] 已点击 3/3 个背包格子解封坐标(方式:right)
2026-08-02 02:35:54 [INFO] 关闭背包(快捷键 alt+e)
2026-08-02 02:35:55 [WARNING] 悬停第 1/2 次未识别到地点, 区域文字: 
2026-08-02 02:35:57 [WARNING] 悬停第 2/2 次未识别到地点, 区域文字: 
2026-08-02 02:35:57 [WARNING] 仓库内位置1 悬停未识别到坐标, 跳过
2026-08-02 02:35:58 [WARNING] 悬停第 1/2 次未识别到地点, 区域文字: 
2026-08-02 02:36:00 [WARNING] 悬停第 2/2 次未识别到地点, 区域文字: 
2026-08-02 02:36:00 [WARNING] 仓库内位置2 悬停未识别到坐标, 跳过
2026-08-02 02:36:02 [WARNING] 悬停第 1/2 次未识别到地点, 区域文字: 
2026-08-02 02:36:03 [WARNING] 悬停第 2/2 次未识别到地点, 区域文字: 
2026-08-02 02:36:04 [WARNING] 仓库内位置3 悬停未识别到坐标, 跳过
2026-08-02 02:36:04 [INFO] 本批次入库完成, 成功 0/3
2026-08-02 02:36:04 [INFO] 全部处理完成, 共存入 3 张藏宝图
2026-08-02 02:36:04 [INFO] 流程结束
2026-08-02 02:37:33 [INFO] 开始自动整理, 停止键: F12
2026-08-02 02:37:33 [INFO] 打开仓库 @ (30, 30) + 确认[我要进行仓库操作]
2026-08-02 02:37:33 [INFO] 已选中仓库[A仓库], 开始取出
2026-08-02 02:37:33 [INFO] 右键取出仓库藏宝图 @ (50, 500)
2026-08-02 02:37:34 [INFO] 右键取出仓库藏宝图 @ (150, 500)
2026-08-02 02:37:34 [INFO] 右键取出仓库藏宝图 @ (250, 500)
2026-08-02 02:37:34 [INFO] 仓库[A仓库]本批取出 3 张未知藏宝图
2026-08-02 02:37:34 [INFO] 打开背包(快捷键 alt+e)
2026-08-02 02:37:34 [DEBUG] 点击背包格子 1 @ [150, 800] (right)
2026-08-02 02:37:34 [DEBUG] 点击背包格子 2 @ [450, 800] (right)
2026-08-02 02:37:35 [DEBUG] 点击背包格子 3 @ [750, 800] (right)
2026-08-02 02:37:36 [INFO] 已点击 3/3 个背包格子解封坐标(方式:right)
2026-08-02 02:37:36 [INFO] 关闭背包(快捷键 alt+e)
2026-08-02 02:37:39 [INFO] 坐标[星穹] -> 应存入A仓库 (第 1 次)
2026-08-02 02:37:40 [WARNING] 悬停第 1/2 次未识别到地点, 区域文字: 
2026-08-02 02:37:42 [WARNING] 悬停第 2/2 次未识别到地点, 区域文字: 
2026-08-02 02:37:42 [INFO] 识别到坐标[星穹]，成功存入A仓库
2026-08-02 02:37:43 [INFO] 坐标[落霞] -> 应存入B仓库 (第 1 次)
2026-08-02 02:37:45 [WARNING] 悬停第 1/2 次未识别到地点, 区域文字: 
2026-08-02 02:37:46 [WARNING] 悬停第 2/2 次未识别到地点, 区域文字: 
2026-08-02 02:37:47 [INFO] 识别到坐标[落霞]，成功存入B仓库
2026-08-02 02:37:48 [INFO] 坐标[长安] -> 应存入C仓库 (第 1 次)
2026-08-02 02:37:49 [WARNING] 悬停第 1/2 次未识别到地点, 区域文字: 
2026-08-02 02:37:51 [WARNING] 悬停第 2/2 次未识别到地点, 区域文字: 
2026-08-02 02:37:51 [INFO] 识别到坐标[长安]，成功存入C仓库
2026-08-02 02:37:51 [INFO] 本批次入库完成, 成功 3/3
2026-08-02 02:37:51 [INFO] 已选中仓库[B仓库], 开始取出
2026-08-02 02:37:51 [INFO] 右键取出仓库藏宝图 @ (50, 500)
2026-08-02 02:37:51 [INFO] 右键取出仓库藏宝图 @ (150, 500)
2026-08-02 02:37:51 [INFO] 右键取出仓库藏宝图 @ (250, 500)
2026-08-02 02:37:51 [INFO] 仓库[B仓库]本批取出 3 张未知藏宝图
2026-08-02 02:37:51 [INFO] 打开背包(快捷键 alt+e)
2026-08-02 02:37:51 [DEBUG] 点击背包格子 1 @ [150, 800] (right)
2026-08-02 02:37:52 [DEBUG] 点击背包格子 2 @ [450, 800] (right)
2026-08-02 02:37:53 [DEBUG] 点击背包格子 3 @ [750, 800] (right)
2026-08-02 02:37:54 [INFO] 已点击 3/3 个背包格子解封坐标(方式:right)
2026-08-02 02:37:54 [INFO] 关闭背包(快捷键 alt+e)
2026-08-02 02:37:55 [WARNING] 悬停第 1/2 次未识别到地点, 区域文字: 
2026-08-02 02:37:57 [WARNING] 悬停第 2/2 次未识别到地点, 区域文字: 
2026-08-02 02:37:57 [WARNING] 仓库内位置1 悬停未识别到坐标, 跳过
2026-08-02 02:37:58 [WARNING] 悬停第 1/2 次未识别到地点, 区域文字: 
2026-08-02 02:38:00 [WARNING] 悬停第 2/2 次未识别到地点, 区域文字: 
2026-08-02 02:38:00 [WARNING] 仓库内位置2 悬停未识别到坐标, 跳过
2026-08-02 02:38:02 [WARNING] 悬停第 1/2 次未识别到地点, 区域文字: 
2026-08-02 02:38:03 [WARNING] 悬停第 2/2 次未识别到地点, 区域文字: 
2026-08-02 02:38:04 [WARNING] 仓库内位置3 悬停未识别到坐标, 跳过
2026-08-02 02:38:04 [INFO] 本批次入库完成, 成功 0/3
2026-08-02 02:38:04 [INFO] 已选中仓库[C仓库], 开始取出
2026-08-02 02:38:04 [INFO] 右键取出仓库藏宝图 @ (50, 500)
2026-08-02 02:38:04 [INFO] 右键取出仓库藏宝图 @ (150, 500)
2026-08-02 02:38:04 [INFO] 右键取出仓库藏宝图 @ (250, 500)
2026-08-02 02:38:04 [INFO] 仓库[C仓库]本批取出 3 张未知藏宝图
2026-08-02 02:38:04 [INFO] 打开背包(快捷键 alt+e)
2026-08-02 02:38:04 [DEBUG] 点击背包格子 1 @ [150, 800] (right)
2026-08-02 02:38:05 [DEBUG] 点击背包格子 2 @ [450, 800] (right)
2026-08-02 02:38:05 [DEBUG] 点击背包格子 3 @ [750, 800] (right)
2026-08-02 02:38:06 [INFO] 已点击 3/3 个背包格子解封坐标(方式:right)
2026-08-02 02:38:06 [INFO] 关闭背包(快捷键 alt+e)
2026-08-02 02:38:08 [WARNING] 悬停第 1/2 次未识别到地点, 区域文字: 
2026-08-02 02:38:09 [WARNING] 悬停第 2/2 次未识别到地点, 区域文字: 
2026-08-02 02:38:09 [WARNING] 仓库内位置1 悬停未识别到坐标, 跳过
2026-08-02 02:38:11 [WARNING] 悬停第 1/2 次未识别到地点, 区域文字: 
2026-08-02 02:38:13 [WARNING] 悬停第 2/2 次未识别到地点, 区域文字: 
2026-08-02 02:38:13 [WARNING] 仓库内位置2 悬停未识别到坐标, 跳过
2026-08-02 02:38:14 [WARNING] 悬停第 1/2 次未识别到地点, 区域文字: 
2026-08-02 02:38:16 [WARNING] 悬停第 2/2 次未识别到地点, 区域文字: 
2026-08-02 02:38:16 [WARNING] 仓库内位置3 悬停未识别到坐标, 跳过
2026-08-02 02:38:16 [INFO] 本批次入库完成, 成功 0/3
2026-08-02 02:38:16 [INFO] 全部处理完成, 共存入 3 张藏宝图
2026-08-02 02:38:16 [INFO] 流程结束
2026-08-02 02:43:42 [INFO] 开始自动整理, 停止键: F12
2026-08-02 02:43:43 [INFO] 打开仓库 @ (30, 30) + 确认[我要进行仓库操作]
2026-08-02 02:43:43 [INFO] 已选中仓库[A仓库], 开始取出
2026-08-02 02:43:43 [INFO] 右键取出仓库藏宝图 @ (50, 500)
2026-08-02 02:43:43 [INFO] 右键取出仓库藏宝图 @ (150, 500)
2026-08-02 02:43:43 [INFO] 右键取出仓库藏宝图 @ (250, 500)
2026-08-02 02:43:43 [INFO] 仓库[A仓库]本批取出 3 张未知藏宝图
2026-08-02 02:43:43 [INFO] 打开背包(快捷键 alt+e)
2026-08-02 02:43:43 [DEBUG] 点击背包格子 1 @ [150, 800] (right)
2026-08-02 02:43:44 [DEBUG] 点击背包格子 2 @ [450, 800] (right)
2026-08-02 02:43:44 [DEBUG] 点击背包格子 3 @ [750, 800] (right)
2026-08-02 02:43:45 [INFO] 已点击 3/3 个背包格子解封坐标(方式:right)
2026-08-02 02:43:45 [INFO] 关闭背包(快捷键 alt+e)
2026-08-02 02:43:48 [INFO] 坐标[星穹] -> 应存入A仓库 (第 1 次)
2026-08-02 02:43:49 [WARNING] 悬停第 1/2 次未识别到地点, 区域文字: 
2026-08-02 02:43:51 [WARNING] 悬停第 2/2 次未识别到地点, 区域文字: 
2026-08-02 02:43:51 [INFO] 识别到坐标[星穹]，成功存入A仓库
2026-08-02 02:43:53 [INFO] 坐标[落霞] -> 应存入B仓库 (第 1 次)
2026-08-02 02:43:54 [WARNING] 悬停第 1/2 次未识别到地点, 区域文字: 
2026-08-02 02:43:56 [WARNING] 悬停第 2/2 次未识别到地点, 区域文字: 
2026-08-02 02:43:56 [INFO] 识别到坐标[落霞]，成功存入B仓库
2026-08-02 02:43:58 [INFO] 坐标[长安] -> 应存入C仓库 (第 1 次)
2026-08-02 02:43:59 [WARNING] 悬停第 1/2 次未识别到地点, 区域文字: 
2026-08-02 02:44:01 [WARNING] 悬停第 2/2 次未识别到地点, 区域文字: 
2026-08-02 02:44:01 [INFO] 识别到坐标[长安]，成功存入C仓库
2026-08-02 02:44:01 [INFO] 本批次入库完成, 成功 3/3
2026-08-02 02:44:01 [INFO] 已选中仓库[B仓库], 开始取出
2026-08-02 02:44:01 [INFO] 右键取出仓库藏宝图 @ (50, 500)
2026-08-02 02:44:01 [INFO] 右键取出仓库藏宝图 @ (150, 500)
2026-08-02 02:44:01 [INFO] 右键取出仓库藏宝图 @ (250, 500)
2026-08-02 02:44:01 [INFO] 仓库[B仓库]本批取出 3 张未知藏宝图
2026-08-02 02:44:01 [INFO] 打开背包(快捷键 alt+e)
2026-08-02 02:44:01 [DEBUG] 点击背包格子 1 @ [150, 800] (right)
2026-08-02 02:44:02 [DEBUG] 点击背包格子 2 @ [450, 800] (right)
2026-08-02 02:44:03 [DEBUG] 点击背包格子 3 @ [750, 800] (right)
2026-08-02 02:44:04 [INFO] 已点击 3/3 个背包格子解封坐标(方式:right)
2026-08-02 02:44:04 [INFO] 关闭背包(快捷键 alt+e)
2026-08-02 02:44:05 [WARNING] 悬停第 1/2 次未识别到地点, 区域文字: 
2026-08-02 02:44:07 [WARNING] 悬停第 2/2 次未识别到地点, 区域文字: 
2026-08-02 02:44:07 [WARNING] 仓库内位置1 悬停未识别到坐标, 跳过
2026-08-02 02:44:08 [WARNING] 悬停第 1/2 次未识别到地点, 区域文字: 
2026-08-02 02:44:10 [WARNING] 悬停第 2/2 次未识别到地点, 区域文字: 
2026-08-02 02:44:10 [WARNING] 仓库内位置2 悬停未识别到坐标, 跳过
2026-08-02 02:44:12 [WARNING] 悬停第 1/2 次未识别到地点, 区域文字: 
2026-08-02 02:44:14 [WARNING] 悬停第 2/2 次未识别到地点, 区域文字: 
2026-08-02 02:44:14 [WARNING] 仓库内位置3 悬停未识别到坐标, 跳过
2026-08-02 02:44:14 [INFO] 本批次入库完成, 成功 0/3
2026-08-02 02:44:14 [INFO] 已选中仓库[C仓库], 开始取出
2026-08-02 02:44:14 [INFO] 右键取出仓库藏宝图 @ (50, 500)
2026-08-02 02:44:14 [INFO] 右键取出仓库藏宝图 @ (150, 500)
2026-08-02 02:44:14 [INFO] 右键取出仓库藏宝图 @ (250, 500)
2026-08-02 02:44:14 [INFO] 仓库[C仓库]本批取出 3 张未知藏宝图
2026-08-02 02:44:14 [INFO] 打开背包(快捷键 alt+e)
2026-08-02 02:44:14 [DEBUG] 点击背包格子 1 @ [150, 800] (right)
2026-08-02 02:44:15 [DEBUG] 点击背包格子 2 @ [450, 800] (right)
2026-08-02 02:44:16 [DEBUG] 点击背包格子 3 @ [750, 800] (right)
2026-08-02 02:44:16 [INFO] 已点击 3/3 个背包格子解封坐标(方式:right)
2026-08-02 02:44:16 [INFO] 关闭背包(快捷键 alt+e)
2026-08-02 02:44:18 [WARNING] 悬停第 1/2 次未识别到地点, 区域文字: 
2026-08-02 02:44:20 [WARNING] 悬停第 2/2 次未识别到地点, 区域文字: 
2026-08-02 02:44:20 [WARNING] 仓库内位置1 悬停未识别到坐标, 跳过
2026-08-02 02:44:21 [WARNING] 悬停第 1/2 次未识别到地点, 区域文字: 
2026-08-02 02:44:23 [WARNING] 悬停第 2/2 次未识别到地点, 区域文字: 
2026-08-02 02:44:23 [WARNING] 仓库内位置2 悬停未识别到坐标, 跳过
2026-08-02 02:44:24 [WARNING] 悬停第 1/2 次未识别到地点, 区域文字: 
2026-08-02 02:44:26 [WARNING] 悬停第 2/2 次未识别到地点, 区域文字: 
2026-08-02 02:44:26 [WARNING] 仓库内位置3 悬停未识别到坐标, 跳过
2026-08-02 02:44:26 [INFO] 本批次入库完成, 成功 0/3
2026-08-02 02:44:26 [INFO] 全部处理完成, 共存入 3 张藏宝图
2026-08-02 02:44:26 [INFO] 流程结束
2026-08-02 02:46:01 [INFO] 请在游戏内打开仓库并放入已解封宝图, 8 秒后开始测试存放...
2026-08-02 02:46:12 [INFO] 坐标[麒麟山] -> 应存入A仓库 (第 1 次)
2026-08-02 02:46:17 [INFO] 已选中仓库[A仓库]并右键道具栏 (1565, 684) 存入
2026-08-02 02:46:20 [WARNING] 悬停第 1/2 次未识别到地点, 区域文字: 手机道具行囊鼠标右击道具可快速转移
2026-08-02 02:46:24 [WARNING] 悬停第 2/2 次未识别到地点, 区域文字: 手机道具行囊鼠标右击道具可快速转移
2026-08-02 02:46:25 [INFO] 识别到坐标[麒麟山]，成功存入A仓库
2026-08-02 02:46:27 [INFO] 坐标[墨家村] -> 应存入A仓库 (第 1 次)
2026-08-02 02:46:33 [INFO] 已选中仓库[A仓库]并右键道具栏 (1610, 684) 存入
2026-08-02 02:46:35 [WARNING] 悬停第 1/2 次未识别到地点, 区域文字: 手街机道具行囊鼠标右击道具可快速转移
2026-08-02 02:46:39 [WARNING] 悬停第 2/2 次未识别到地点, 区域文字: 手衡机道具行囊鼠标右击道具可快速转移
2026-08-02 02:46:40 [INFO] 识别到坐标[墨家村]，成功存入A仓库
2026-08-02 02:46:43 [INFO] 坐标[长寿郊外] -> 应存入B仓库 (第 1 次)
2026-08-02 02:46:49 [INFO] 已选中仓库[B仓库]并右键道具栏 (1655, 684) 存入
2026-08-02 02:46:51 [WARNING] 悬停第 1/2 次未识别到地点, 区域文字: 手机道具行囊鼠标右击道具可快速转移
2026-08-02 02:46:55 [WARNING] 悬停第 2/2 次未识别到地点, 区域文字: 手机道具行囊鼠标右击道具可快速转移
2026-08-02 02:46:56 [INFO] 识别到坐标[长寿郊外]，成功存入B仓库
2026-08-02 02:46:58 [INFO] 坐标[江南野外] -> 应存入A仓库 (第 1 次)
2026-08-02 02:47:04 [INFO] 已选中仓库[A仓库]并右键道具栏 (1700, 684) 存入
2026-08-02 02:47:06 [WARNING] 悬停第 1/2 次未识别到地点, 区域文字: 手机道具行囊鼠标右击道具可快速转移
2026-08-02 02:47:10 [WARNING] 悬停第 2/2 次未识别到地点, 区域文字: 手衔设道具行囊鼠标右击道具可快速转移
2026-08-02 02:47:11 [INFO] 识别到坐标[江南野外]，成功存入A仓库
2026-08-02 02:47:14 [INFO] 坐标[江南野外] -> 应存入A仓库 (第 1 次)
2026-08-02 02:47:19 [INFO] 已选中仓库[A仓库]并右键道具栏 (1745, 684) 存入
2026-08-02 02:47:21 [WARNING] 悬停第 1/2 次未识别到地点, 区域文字: 手机干道具行囊鼠标右击道具可快速转移
2026-08-02 02:47:25 [WARNING] 悬停第 2/2 次未识别到地点, 区域文字: 手机道具行囊鼠标右击道具可快速转移
2026-08-02 02:47:26 [INFO] 识别到坐标[江南野外]，成功存入A仓库
2026-08-02 02:47:29 [INFO] 坐标[朱紫国] -> 应存入C仓库 (第 1 次)
2026-08-02 02:47:34 [INFO] 已选中仓库[C仓库]并右键道具栏 (1750, 726) 存入
2026-08-02 02:47:36 [WARNING] 悬停第 1/2 次未识别到地点, 区域文字: 手机道具行囊鼠标右击道具可快速转移
2026-08-02 02:47:41 [WARNING] 第 1 次右键存入未生效(仍识别到[朱紫国]), 重试
2026-08-02 02:47:42 [INFO] 坐标[朱紫国] -> 应存入C仓库 (第 2 次)
2026-08-02 02:47:47 [INFO] 已选中仓库[C仓库]并右键道具栏 (1750, 726) 存入
2026-08-02 02:47:49 [WARNING] 悬停第 1/2 次未识别到地点, 区域文字: 道具行囊鼠标右击道具可快速转移帮众
2026-08-02 02:47:53 [WARNING] 悬停第 2/2 次未识别到地点, 区域文字: 道具行囊鼠标右击道具可快速转移
2026-08-02 02:47:54 [INFO] 识别到坐标[朱紫国]，成功存入C仓库
2026-08-02 02:47:57 [INFO] 坐标[狮驼岭] -> 应存入C仓库 (第 1 次)
2026-08-02 02:48:02 [INFO] 已选中仓库[C仓库]并右键道具栏 (1702, 726) 存入
2026-08-02 02:48:04 [WARNING] 悬停第 1/2 次未识别到地点, 区域文字: 道具行囊鼠标右击道具可快速转移帮众
2026-08-02 02:48:08 [WARNING] 悬停第 2/2 次未识别到地点, 区域文字: 手机道具行囊鼠标右击道具可快速转移
2026-08-02 02:48:09 [INFO] 识别到坐标[狮驼岭]，成功存入C仓库
2026-08-02 02:48:12 [INFO] 坐标[女儿村] -> 应存入B仓库 (第 1 次)
2026-08-02 02:48:17 [INFO] 已选中仓库[B仓库]并右键道具栏 (1654, 726) 存入
2026-08-02 02:48:20 [WARNING] 悬停第 1/2 次未识别到地点, 区域文字: 道具行囊鼠标右击道具可快速转移帮众
2026-08-02 02:48:24 [WARNING] 悬停第 2/2 次未识别到地点, 区域文字: 道具行囊鼠标右击道具可快速转移帮众
2026-08-02 02:48:25 [INFO] 识别到坐标[女儿村]，成功存入B仓库
2026-08-02 02:48:27 [INFO] 坐标[朱紫国] -> 应存入C仓库 (第 1 次)
2026-08-02 02:48:33 [INFO] 已选中仓库[C仓库]并右键道具栏 (1606, 726) 存入
2026-08-02 02:48:35 [WARNING] 悬停第 1/2 次未识别到地点, 区域文字: 道具行囊鼠标右击道具可快速转移帮众
2026-08-02 02:48:39 [WARNING] 悬停第 2/2 次未识别到地点, 区域文字: 道具行囊鼠标右击道具可快速转移帮众
2026-08-02 02:48:40 [INFO] 识别到坐标[朱紫国]，成功存入C仓库
2026-08-02 02:48:42 [INFO] 坐标[大唐国境] -> 应存入B仓库 (第 1 次)
2026-08-02 02:48:48 [INFO] 已选中仓库[B仓库]并右键道具栏 (1558, 726) 存入
2026-08-02 02:48:50 [WARNING] 悬停第 1/2 次未识别到地点, 区域文字: 道具行囊鼠标右击道具可快速转移帮众
2026-08-02 02:48:54 [WARNING] 悬停第 2/2 次未识别到地点, 区域文字: 道具行囊鼠标右击道具可快速转移帮众
2026-08-02 02:48:55 [INFO] 识别到坐标[大唐国境]，成功存入B仓库
2026-08-02 02:48:57 [WARNING] 悬停第 1/2 次未识别到地点, 区域文字: 藏宝图一张记着藏宝地点的地图。具可快速转移【类型蛙的藏宝图
2026-08-02 02:49:01 [WARNING] 悬停第 2/2 次未识别到地点, 区域文字: 藏宝图一张记着藏宝地点的地图。具可快速转移【类型蛙的藏宝图
2026-08-02 02:49:02 [WARNING] 仓库内位置11 悬停未识别到坐标, 跳过
2026-08-02 02:49:04 [WARNING] 悬停第 1/2 次未识别到地点, 区域文字: 藏宝图一张记着藏宝地点的地图点转移【类型】虫的藏宝图
2026-08-02 02:49:08 [INFO] 坐标[傲来国] -> 应存入A仓库 (第 1 次)
2026-08-02 02:49:14 [INFO] 已选中仓库[A仓库]并右键道具栏 (1606, 769) 存入
2026-08-02 02:49:16 [WARNING] 悬停第 1/2 次未识别到地点, 区域文字: 道具行囊鼠标右击道具可快速转移
2026-08-02 02:49:20 [WARNING] 悬停第 2/2 次未识别到地点, 区域文字: 藏宝图一张记着藏宝地点的地图。传移衔【类型中的藏宝图
2026-08-02 02:49:21 [INFO] 识别到坐标[傲来国]，成功存入A仓库
2026-08-02 02:49:24 [WARNING] 悬停第 1/2 次未识别到地点, 区域文字: 藏宝图一张记着藏宝地点的地图【类型狸的藏宝图
2026-08-02 02:49:28 [WARNING] 悬停第 2/2 次未识别到地点, 区域文字: 藏宝图一张记着藏宝地点的地图【类型狸的藏宝图
2026-08-02 02:49:29 [WARNING] 仓库内位置13 悬停未识别到坐标, 跳过
2026-08-02 02:49:31 [WARNING] 悬停第 1/2 次未识别到地点, 区域文字: 藏宝图道具-5张记着藏宝地点的地图类型狸的藏宝图
2026-08-02 02:49:35 [WARNING] 悬停第 2/2 次未识别到地点, 区域文字: 藏宝图道具-5张记着藏宝地点的地图类型狸的藏宝图
2026-08-02 02:49:36 [WARNING] 仓库内位置14 悬停未识别到坐标, 跳过
2026-08-02 02:49:38 [WARNING] 悬停第 1/2 次未识别到地点, 区域文字: 藏宝图道具张记着藏宝地点的地【类型虫的藏宝图
2026-08-02 02:49:42 [WARNING] 悬停第 2/2 次未识别到地点, 区域文字: 藏宝图道具张记着藏宝地点的地【类型虫的藏宝图
2026-08-02 02:49:43 [WARNING] 仓库内位置15 悬停未识别到坐标, 跳过
2026-08-02 02:49:46 [INFO] 坐标[狮驼岭] -> 应存入C仓库 (第 1 次)
2026-08-02 02:49:52 [INFO] 已选中仓库[C仓库]并右键道具栏 (1742, 813) 存入
2026-08-02 02:49:54 [WARNING] 悬停第 1/2 次未识别到地点, 区域文字: 道具行囊鼠标右击道具可快速转移
2026-08-02 02:49:58 [WARNING] 悬停第 2/2 次未识别到地点, 区域文字: 道具行囊鼠标右击道具可快速转移
2026-08-02 02:49:59 [INFO] 识别到坐标[狮驼岭]，成功存入C仓库
2026-08-02 02:50:02 [INFO] 坐标[墨家村] -> 应存入A仓库 (第 1 次)
2026-08-02 02:50:07 [INFO] 已选中仓库[A仓库]并右键道具栏 (1696, 813) 存入
2026-08-02 02:50:09 [WARNING] 悬停第 1/2 次未识别到地点, 区域文字: 道具行囊鼠标右击道具可快速转移
2026-08-02 02:50:13 [WARNING] 悬停第 2/2 次未识别到地点, 区域文字: 道具行囊鼠标右击道具可快速转移
2026-08-02 02:50:14 [INFO] 识别到坐标[墨家村]，成功存入A仓库
2026-08-02 02:50:17 [INFO] 坐标[傲来国] -> 应存入A仓库 (第 1 次)
2026-08-02 02:50:22 [INFO] 已选中仓库[A仓库]并右键道具栏 (1650, 813) 存入
2026-08-02 02:50:24 [WARNING] 悬停第 1/2 次未识别到地点, 区域文字: 道具行囊鼠标右击道具可快速转移
2026-08-02 02:50:28 [WARNING] 悬停第 2/2 次未识别到地点, 区域文字: 道具行囊鼠标右击道具可快速转移
2026-08-02 02:50:29 [INFO] 识别到坐标[傲来国]，成功存入A仓库
2026-08-02 02:50:32 [INFO] 坐标[麒麟山] -> 应存入A仓库 (第 1 次)
2026-08-02 02:50:37 [INFO] 已选中仓库[A仓库]并右键道具栏 (1604, 813) 存入
2026-08-02 02:50:39 [WARNING] 悬停第 1/2 次未识别到地点, 区域文字: 道具行囊鼠标右击道具可快速转移
2026-08-02 02:50:43 [WARNING] 悬停第 2/2 次未识别到地点, 区域文字: 道具行囊鼠标右击道具可快速转移
2026-08-02 02:50:44 [INFO] 识别到坐标[麒麟山]，成功存入A仓库
2026-08-02 02:50:47 [INFO] 坐标[建邺城] -> 应存入B仓库 (第 1 次)
2026-08-02 02:50:53 [INFO] 已选中仓库[B仓库]并右键道具栏 (1558, 813) 存入
2026-08-02 02:50:55 [WARNING] 悬停第 1/2 次未识别到地点, 区域文字: 道具行囊鼠标右击道具可快速转移
2026-08-02 02:50:59 [WARNING] 悬停第 2/2 次未识别到地点, 区域文字: 道具行囊鼠标右击道具可快速转移
2026-08-02 02:51:00 [INFO] 识别到坐标[建邺城]，成功存入B仓库
2026-08-02 02:51:00 [INFO] 本批次入库完成, 成功 16/20
2026-08-02 02:51:00 [INFO] 测试存放完成, 成功 16 张
2026-08-02 02:53:44 [INFO] 开始自动整理, 停止键: F12
2026-08-02 02:53:44 [INFO] 打开仓库 @ (30, 30) + 确认[我要进行仓库操作]
2026-08-02 02:53:44 [INFO] 已选中仓库[A仓库], 开始取出
2026-08-02 02:53:44 [INFO] 右键取出仓库藏宝图 @ (50, 500)
2026-08-02 02:53:44 [INFO] 右键取出仓库藏宝图 @ (150, 500)
2026-08-02 02:53:45 [INFO] 右键取出仓库藏宝图 @ (250, 500)
2026-08-02 02:53:45 [INFO] 仓库[A仓库]本批取出 3 张未知藏宝图
2026-08-02 02:53:45 [INFO] 打开背包(快捷键 alt+e)
2026-08-02 02:53:45 [DEBUG] 点击背包格子 1 @ [150, 800] (right)
2026-08-02 02:53:45 [DEBUG] 点击背包格子 2 @ [450, 800] (right)
2026-08-02 02:53:46 [DEBUG] 点击背包格子 3 @ [750, 800] (right)
2026-08-02 02:53:47 [INFO] 已点击 3/3 个背包格子解封坐标(方式:right)
2026-08-02 02:53:47 [INFO] 关闭背包(快捷键 alt+e)
2026-08-02 02:53:50 [INFO] 坐标[星穹] -> 应存入A仓库
2026-08-02 02:53:50 [INFO] 识别到坐标[星穹]，成功存入A仓库
2026-08-02 02:53:51 [INFO] 坐标[落霞] -> 应存入B仓库
2026-08-02 02:53:51 [INFO] 识别到坐标[落霞]，成功存入B仓库
2026-08-02 02:53:52 [INFO] 坐标[长安] -> 应存入C仓库
2026-08-02 02:53:52 [INFO] 识别到坐标[长安]，成功存入C仓库
2026-08-02 02:53:52 [INFO] 本批次入库完成, 成功 3/3
2026-08-02 02:53:53 [INFO] 已选中仓库[B仓库], 开始取出
2026-08-02 02:53:53 [INFO] 右键取出仓库藏宝图 @ (50, 500)
2026-08-02 02:53:53 [INFO] 右键取出仓库藏宝图 @ (150, 500)
2026-08-02 02:53:53 [INFO] 右键取出仓库藏宝图 @ (250, 500)
2026-08-02 02:53:53 [INFO] 仓库[B仓库]本批取出 3 张未知藏宝图
2026-08-02 02:53:53 [INFO] 打开背包(快捷键 alt+e)
2026-08-02 02:53:53 [DEBUG] 点击背包格子 1 @ [150, 800] (right)
2026-08-02 02:53:54 [DEBUG] 点击背包格子 2 @ [450, 800] (right)
2026-08-02 02:53:54 [DEBUG] 点击背包格子 3 @ [750, 800] (right)
2026-08-02 02:53:55 [INFO] 已点击 3/3 个背包格子解封坐标(方式:right)
2026-08-02 02:53:55 [INFO] 关闭背包(快捷键 alt+e)
2026-08-02 02:53:57 [WARNING] 悬停第 1/2 次未识别到地点, 区域文字: 
2026-08-02 02:53:58 [WARNING] 悬停第 2/2 次未识别到地点, 区域文字: 
2026-08-02 02:53:59 [WARNING] 仓库内位置1 悬停未识别到坐标, 跳过
2026-08-02 02:54:00 [WARNING] 悬停第 1/2 次未识别到地点, 区域文字: 
2026-08-02 02:54:02 [WARNING] 悬停第 2/2 次未识别到地点, 区域文字: 
2026-08-02 02:54:02 [WARNING] 仓库内位置2 悬停未识别到坐标, 跳过
2026-08-02 02:54:03 [WARNING] 悬停第 1/2 次未识别到地点, 区域文字: 
2026-08-02 02:54:05 [WARNING] 悬停第 2/2 次未识别到地点, 区域文字: 
2026-08-02 02:54:05 [WARNING] 仓库内位置3 悬停未识别到坐标, 跳过
2026-08-02 02:54:05 [INFO] 本批次入库完成, 成功 0/3
2026-08-02 02:54:05 [INFO] 已选中仓库[C仓库], 开始取出
2026-08-02 02:54:05 [INFO] 右键取出仓库藏宝图 @ (50, 500)
2026-08-02 02:54:06 [INFO] 右键取出仓库藏宝图 @ (150, 500)
2026-08-02 02:54:06 [INFO] 右键取出仓库藏宝图 @ (250, 500)
2026-08-02 02:54:06 [INFO] 仓库[C仓库]本批取出 3 张未知藏宝图
2026-08-02 02:54:06 [INFO] 打开背包(快捷键 alt+e)
2026-08-02 02:54:06 [DEBUG] 点击背包格子 1 @ [150, 800] (right)
2026-08-02 02:54:06 [DEBUG] 点击背包格子 2 @ [450, 800] (right)
2026-08-02 02:54:07 [DEBUG] 点击背包格子 3 @ [750, 800] (right)
2026-08-02 02:54:08 [INFO] 已点击 3/3 个背包格子解封坐标(方式:right)
2026-08-02 02:54:08 [INFO] 关闭背包(快捷键 alt+e)
2026-08-02 02:54:09 [WARNING] 悬停第 1/2 次未识别到地点, 区域文字: 
2026-08-02 02:54:11 [WARNING] 悬停第 2/2 次未识别到地点, 区域文字: 
2026-08-02 02:54:11 [WARNING] 仓库内位置1 悬停未识别到坐标, 跳过
2026-08-02 02:54:13 [WARNING] 悬停第 1/2 次未识别到地点, 区域文字: 
2026-08-02 02:54:15 [WARNING] 悬停第 2/2 次未识别到地点, 区域文字: 
2026-08-02 02:54:15 [WARNING] 仓库内位置2 悬停未识别到坐标, 跳过
2026-08-02 02:54:16 [WARNING] 悬停第 1/2 次未识别到地点, 区域文字: 
2026-08-02 02:54:18 [WARNING] 悬停第 2/2 次未识别到地点, 区域文字: 
2026-08-02 02:54:18 [WARNING] 仓库内位置3 悬停未识别到坐标, 跳过
2026-08-02 02:54:18 [INFO] 本批次入库完成, 成功 0/3
2026-08-02 02:54:18 [INFO] 全部处理完成, 共存入 3 张藏宝图
2026-08-02 02:54:18 [INFO] 流程结束
2026-08-02 02:56:04 [INFO] 开始自动整理, 停止键: F12
2026-08-02 02:56:04 [INFO] 请在游戏内手动打开仓库, 8 秒后开始处理...
2026-08-02 02:56:14 [INFO] 已选中仓库[A仓库], 开始取出
2026-08-02 02:56:15 [INFO] 右键取出仓库藏宝图 @ (1280, 672)
2026-08-02 02:56:16 [INFO] 右键取出仓库藏宝图 @ (1328, 672)
2026-08-02 02:56:18 [INFO] 右键取出仓库藏宝图 @ (1376, 672)
2026-08-02 02:56:19 [INFO] 右键取出仓库藏宝图 @ (1424, 672)
2026-08-02 02:56:21 [INFO] 右键取出仓库藏宝图 @ (1472, 672)
2026-08-02 02:56:22 [INFO] 右键取出仓库藏宝图 @ (1472, 720)
2026-08-02 02:56:24 [INFO] 右键取出仓库藏宝图 @ (1425, 720)
2026-08-02 02:56:25 [INFO] 右键取出仓库藏宝图 @ (1378, 720)
2026-08-02 02:56:26 [INFO] 右键取出仓库藏宝图 @ (1331, 720)
2026-08-02 02:56:28 [INFO] 右键取出仓库藏宝图 @ (1284, 720)
2026-08-02 02:56:29 [INFO] 右键取出仓库藏宝图 @ (1285, 772)
2026-08-02 02:56:31 [INFO] 右键取出仓库藏宝图 @ (1331, 772)
2026-08-02 02:56:31 [INFO] 流程结束
2026-08-02 03:17:53 [INFO] 开始自动整理, 停止键: F12
2026-08-02 03:17:53 [INFO] 打开仓库 @ (30, 30) + 确认[我要进行仓库操作]
2026-08-02 03:17:53 [INFO] 已选中仓库[A仓库], 开始取出
2026-08-02 03:17:53 [INFO] 右键取出仓库藏宝图 @ (50, 500)
2026-08-02 03:17:53 [INFO] 右键取出仓库藏宝图 @ (150, 500)
2026-08-02 03:17:53 [INFO] 右键取出仓库藏宝图 @ (250, 500)
2026-08-02 03:17:53 [INFO] 仓库[A仓库]本批取出 3 张未知藏宝图
2026-08-02 03:17:53 [INFO] 打开背包(快捷键 alt+e)
2026-08-02 03:17:53 [DEBUG] 点击背包格子 1 @ [150, 800] (right)
2026-08-02 03:17:54 [DEBUG] 点击背包格子 2 @ [450, 800] (right)
2026-08-02 03:17:55 [DEBUG] 点击背包格子 3 @ [750, 800] (right)
2026-08-02 03:17:55 [INFO] 已点击 3/3 个背包格子解封坐标(方式:right)
2026-08-02 03:17:55 [INFO] 关闭背包(快捷键 alt+e)
2026-08-02 03:17:58 [INFO] 坐标[星穹] -> 应存入A仓库
2026-08-02 03:17:58 [INFO] 识别到坐标[星穹]，成功存入A仓库
2026-08-02 03:17:59 [INFO] 坐标[落霞] -> 应存入B仓库
2026-08-02 03:17:59 [INFO] 识别到坐标[落霞]，成功存入B仓库
2026-08-02 03:18:01 [INFO] 坐标[长安] -> 应存入C仓库
2026-08-02 03:18:01 [INFO] 识别到坐标[长安]，成功存入C仓库
2026-08-02 03:18:01 [INFO] 本批次入库完成, 成功 3/3
2026-08-02 03:18:01 [INFO] 已选中仓库[B仓库], 开始取出
2026-08-02 03:18:01 [INFO] 右键取出仓库藏宝图 @ (50, 500)
2026-08-02 03:18:01 [INFO] 右键取出仓库藏宝图 @ (150, 500)
2026-08-02 03:18:01 [INFO] 右键取出仓库藏宝图 @ (250, 500)
2026-08-02 03:18:01 [INFO] 仓库[B仓库]本批取出 3 张未知藏宝图
2026-08-02 03:18:01 [INFO] 打开背包(快捷键 alt+e)
2026-08-02 03:18:01 [DEBUG] 点击背包格子 1 @ [150, 800] (right)
2026-08-02 03:18:02 [DEBUG] 点击背包格子 2 @ [450, 800] (right)
2026-08-02 03:18:03 [DEBUG] 点击背包格子 3 @ [750, 800] (right)
2026-08-02 03:18:03 [INFO] 已点击 3/3 个背包格子解封坐标(方式:right)
2026-08-02 03:18:03 [INFO] 关闭背包(快捷键 alt+e)
2026-08-02 03:18:05 [WARNING] 悬停第 1/2 次未识别到地点, 区域文字: 
2026-08-02 03:18:07 [WARNING] 悬停第 2/2 次未识别到地点, 区域文字: 
2026-08-02 03:18:07 [WARNING] 仓库内位置1 悬停未识别到坐标, 跳过
2026-08-02 03:18:08 [WARNING] 悬停第 1/2 次未识别到地点, 区域文字: 
2026-08-02 03:18:10 [WARNING] 悬停第 2/2 次未识别到地点, 区域文字: 
2026-08-02 03:18:10 [WARNING] 仓库内位置2 悬停未识别到坐标, 跳过
2026-08-02 03:18:11 [WARNING] 悬停第 1/2 次未识别到地点, 区域文字: 
2026-08-02 03:18:13 [WARNING] 悬停第 2/2 次未识别到地点, 区域文字: 
2026-08-02 03:18:13 [WARNING] 仓库内位置3 悬停未识别到坐标, 跳过
2026-08-02 03:18:13 [INFO] 本批次入库完成, 成功 0/3
2026-08-02 03:18:13 [INFO] 已选中仓库[C仓库], 开始取出
2026-08-02 03:18:13 [INFO] 右键取出仓库藏宝图 @ (50, 500)
2026-08-02 03:18:13 [INFO] 右键取出仓库藏宝图 @ (150, 500)
2026-08-02 03:18:14 [INFO] 右键取出仓库藏宝图 @ (250, 500)
2026-08-02 03:18:14 [INFO] 仓库[C仓库]本批取出 3 张未知藏宝图
2026-08-02 03:18:14 [INFO] 打开背包(快捷键 alt+e)
2026-08-02 03:18:14 [DEBUG] 点击背包格子 1 @ [150, 800] (right)
2026-08-02 03:18:14 [DEBUG] 点击背包格子 2 @ [450, 800] (right)
2026-08-02 03:18:15 [DEBUG] 点击背包格子 3 @ [750, 800] (right)
2026-08-02 03:18:16 [INFO] 已点击 3/3 个背包格子解封坐标(方式:right)
2026-08-02 03:18:16 [INFO] 关闭背包(快捷键 alt+e)
2026-08-02 03:18:17 [WARNING] 悬停第 1/2 次未识别到地点, 区域文字: 
2026-08-02 03:18:19 [WARNING] 悬停第 2/2 次未识别到地点, 区域文字: 
2026-08-02 03:18:19 [WARNING] 仓库内位置1 悬停未识别到坐标, 跳过
2026-08-02 03:18:21 [WARNING] 悬停第 1/2 次未识别到地点, 区域文字: 
2026-08-02 03:18:22 [WARNING] 悬停第 2/2 次未识别到地点, 区域文字: 
2026-08-02 03:18:23 [WARNING] 仓库内位置2 悬停未识别到坐标, 跳过
2026-08-02 03:18:24 [WARNING] 悬停第 1/2 次未识别到地点, 区域文字: 
2026-08-02 03:18:26 [WARNING] 悬停第 2/2 次未识别到地点, 区域文字: 
2026-08-02 03:18:26 [WARNING] 仓库内位置3 悬停未识别到坐标, 跳过
2026-08-02 03:18:26 [INFO] 本批次入库完成, 成功 0/3
2026-08-02 03:18:26 [INFO] 全部处理完成, 共存入 3 张藏宝图
2026-08-02 03:18:26 [INFO] 流程结束
2026-08-02 03:18:51 [INFO] 开始自动整理, 停止键: F12
2026-08-02 03:18:51 [INFO] 请在游戏内手动打开仓库, 8 秒后开始处理...
2026-08-02 03:19:00 [DEBUG] 点击 (1301, 912) 方式=left
2026-08-02 03:19:00 [INFO] 已选中仓库[A仓库], 开始取出
2026-08-02 03:19:01 [DEBUG] 点击 (1280, 672) 方式=right
2026-08-02 03:19:02 [INFO] 右键取出仓库藏宝图 @ (1280, 672)
2026-08-02 03:19:03 [DEBUG] 点击 (1328, 672) 方式=right
2026-08-02 03:19:03 [INFO] 右键取出仓库藏宝图 @ (1328, 672)
2026-08-02 03:19:04 [DEBUG] 点击 (1376, 672) 方式=right
2026-08-02 03:19:05 [INFO] 右键取出仓库藏宝图 @ (1376, 672)
2026-08-02 03:19:06 [DEBUG] 点击 (1424, 672) 方式=right
2026-08-02 03:19:06 [INFO] 右键取出仓库藏宝图 @ (1424, 672)
2026-08-02 03:19:07 [DEBUG] 点击 (1472, 672) 方式=right
2026-08-02 03:19:08 [INFO] 右键取出仓库藏宝图 @ (1472, 672)
2026-08-02 03:19:08 [DEBUG] 点击 (1472, 720) 方式=right
2026-08-02 03:19:09 [INFO] 右键取出仓库藏宝图 @ (1472, 720)
2026-08-02 03:19:10 [DEBUG] 点击 (1425, 720) 方式=right
2026-08-02 03:19:10 [INFO] 右键取出仓库藏宝图 @ (1425, 720)
2026-08-02 03:19:11 [DEBUG] 点击 (1378, 720) 方式=right
2026-08-02 03:19:12 [INFO] 右键取出仓库藏宝图 @ (1378, 720)
2026-08-02 03:19:13 [DEBUG] 点击 (1331, 720) 方式=right
2026-08-02 03:19:13 [INFO] 右键取出仓库藏宝图 @ (1331, 720)
2026-08-02 03:19:14 [DEBUG] 点击 (1284, 720) 方式=right
2026-08-02 03:19:15 [INFO] 右键取出仓库藏宝图 @ (1284, 720)
2026-08-02 03:19:16 [DEBUG] 点击 (1285, 772) 方式=right
2026-08-02 03:19:16 [INFO] 右键取出仓库藏宝图 @ (1285, 772)
2026-08-02 03:19:17 [DEBUG] 点击 (1331, 772) 方式=right
2026-08-02 03:19:18 [INFO] 右键取出仓库藏宝图 @ (1331, 772)
2026-08-02 03:19:19 [DEBUG] 点击 (1377, 772) 方式=right
2026-08-02 03:19:19 [INFO] 右键取出仓库藏宝图 @ (1377, 772)
2026-08-02 03:19:20 [DEBUG] 点击 (1423, 772) 方式=right
2026-08-02 03:19:21 [INFO] 右键取出仓库藏宝图 @ (1423, 772)
2026-08-02 03:19:21 [DEBUG] 点击 (1469, 772) 方式=right
2026-08-02 03:19:22 [INFO] 右键取出仓库藏宝图 @ (1469, 772)
2026-08-02 03:19:23 [DEBUG] 点击 (1465, 823) 方式=right
2026-08-02 03:19:23 [INFO] 右键取出仓库藏宝图 @ (1465, 823)
2026-08-02 03:19:24 [DEBUG] 点击 (1419, 823) 方式=right
2026-08-02 03:19:25 [INFO] 右键取出仓库藏宝图 @ (1419, 823)
2026-08-02 03:19:26 [DEBUG] 点击 (1373, 823) 方式=right
2026-08-02 03:19:26 [INFO] 右键取出仓库藏宝图 @ (1373, 823)
2026-08-02 03:19:27 [DEBUG] 点击 (1327, 823) 方式=right
2026-08-02 03:19:28 [INFO] 右键取出仓库藏宝图 @ (1327, 823)
2026-08-02 03:19:29 [DEBUG] 点击 (1281, 823) 方式=right
2026-08-02 03:19:29 [INFO] 右键取出仓库藏宝图 @ (1281, 823)
2026-08-02 03:19:29 [INFO] 仓库[A仓库]本批取出 20 张未知藏宝图
2026-08-02 03:19:31 [INFO] 打开背包(快捷键 alt+e)
2026-08-02 03:19:33 [DEBUG] 点击 (1512, 647) 方式=right
2026-08-02 03:19:33 [DEBUG] 点击背包格子 1 @ [1512, 647] (right)
2026-08-02 03:19:34 [DEBUG] 点击 (1557, 647) 方式=right
2026-08-02 03:19:34 [DEBUG] 点击背包格子 2 @ [1557, 647] (right)
2026-08-02 03:19:35 [DEBUG] 点击 (1602, 647) 方式=right
2026-08-02 03:19:35 [DEBUG] 点击背包格子 3 @ [1602, 647] (right)
2026-08-02 03:19:37 [DEBUG] 点击 (1647, 647) 方式=right
2026-08-02 03:19:37 [DEBUG] 点击背包格子 4 @ [1647, 647] (right)
2026-08-02 03:19:38 [DEBUG] 点击 (1692, 647) 方式=right
2026-08-02 03:19:38 [DEBUG] 点击背包格子 5 @ [1692, 647] (right)
2026-08-02 03:19:39 [DEBUG] 点击 (1692, 691) 方式=right
2026-08-02 03:19:39 [DEBUG] 点击背包格子 6 @ [1692, 691] (right)
2026-08-02 03:19:41 [DEBUG] 点击 (1646, 691) 方式=right
2026-08-02 03:19:41 [DEBUG] 点击背包格子 7 @ [1646, 691] (right)
2026-08-02 03:19:42 [DEBUG] 点击 (1600, 691) 方式=right
2026-08-02 03:19:42 [DEBUG] 点击背包格子 8 @ [1600, 691] (right)
2026-08-02 03:19:43 [DEBUG] 点击 (1554, 691) 方式=right
2026-08-02 03:19:43 [DEBUG] 点击背包格子 9 @ [1554, 691] (right)
2026-08-02 03:19:45 [DEBUG] 点击 (1508, 691) 方式=right
2026-08-02 03:19:45 [DEBUG] 点击背包格子 10 @ [1508, 691] (right)
2026-08-02 03:19:46 [DEBUG] 点击 (1506, 744) 方式=right
2026-08-02 03:19:46 [DEBUG] 点击背包格子 11 @ [1506, 744] (right)
2026-08-02 03:19:47 [DEBUG] 点击 (1551, 744) 方式=right
2026-08-02 03:19:47 [DEBUG] 点击背包格子 12 @ [1551, 744] (right)
2026-08-02 03:19:49 [DEBUG] 点击 (1596, 744) 方式=right
2026-08-02 03:19:49 [DEBUG] 点击背包格子 13 @ [1596, 744] (right)
2026-08-02 03:19:50 [DEBUG] 点击 (1641, 744) 方式=right
2026-08-02 03:19:50 [DEBUG] 点击背包格子 14 @ [1641, 744] (right)
2026-08-02 03:19:51 [DEBUG] 点击 (1686, 744) 方式=right
2026-08-02 03:19:51 [DEBUG] 点击背包格子 15 @ [1686, 744] (right)
2026-08-02 03:19:53 [DEBUG] 点击 (1684, 789) 方式=right
2026-08-02 03:19:53 [DEBUG] 点击背包格子 16 @ [1684, 789] (right)
2026-08-02 03:19:54 [DEBUG] 点击 (1639, 789) 方式=right
2026-08-02 03:19:54 [DEBUG] 点击背包格子 17 @ [1639, 789] (right)
2026-08-02 03:19:55 [DEBUG] 点击 (1594, 789) 方式=right
2026-08-02 03:19:55 [DEBUG] 点击背包格子 18 @ [1594, 789] (right)
2026-08-02 03:19:57 [DEBUG] 点击 (1549, 789) 方式=right
2026-08-02 03:19:57 [DEBUG] 点击背包格子 19 @ [1549, 789] (right)
2026-08-02 03:19:58 [DEBUG] 点击 (1504, 789) 方式=right
2026-08-02 03:19:58 [DEBUG] 点击背包格子 20 @ [1504, 789] (right)
2026-08-02 03:19:58 [INFO] 已点击 20/20 个背包格子解封坐标(方式:right)
2026-08-02 03:20:00 [INFO] 关闭背包(快捷键 alt+e)
2026-08-02 03:20:01 [DEBUG] 移动鼠标 -> (1565, 684)
2026-08-02 03:20:03 [WARNING] 悬停第 1/2 次未识别到地点, 区域文字: 聊天空间百晓钟道抓鬼成就信息帮助钟捉拿将干年魂魄举报百晓星君兑换为仓库坚固、耐用，还便宜。为促销五个召唤兽仓库，用过觉得好再来光
2026-08-02 03:20:04 [DEBUG] 移动鼠标 -> (1565, 744)
2026-08-02 03:20:04 [DEBUG] 移动鼠标 -> (1565, 684)
2026-08-02 03:20:06 [WARNING] 悬停第 2/2 次未识别到地点, 区域文字: 抓鬼捉拿魂魄兑换道具行囊鼠标右击道具可快速转移
2026-08-02 03:20:07 [WARNING] 仓库内位置1 悬停未识别到坐标, 跳过
2026-08-02 03:20:07 [DEBUG] 移动鼠标 -> (1610, 684)
2026-08-02 03:20:08 [WARNING] 悬停第 1/2 次未识别到地点, 区域文字: 抓鬼捉拿魂魄兑换道具行囊鼠标右击道具可快速转移
2026-08-02 03:20:08 [DEBUG] 移动鼠标 -> (1610, 744)
2026-08-02 03:20:09 [DEBUG] 移动鼠标 -> (1610, 684)
2026-08-02 03:20:11 [WARNING] 悬停第 2/2 次未识别到地点, 区域文字: 抓鬼捉拿魂魄兑换电脑打开道具行囊鼠标右击道具可快速转移Alt+
2026-08-02 03:20:12 [WARNING] 仓库内位置2 悬停未识别到坐标, 跳过
2026-08-02 03:20:12 [DEBUG] 移动鼠标 -> (1655, 684)
2026-08-02 03:20:13 [WARNING] 悬停第 1/2 次未识别到地点, 区域文字: 抓鬼捉拿魂魄兑换电脑打开道具行囊鼠标右击道具可快速转移Alt+
2026-08-02 03:20:13 [DEBUG] 移动鼠标 -> (1655, 744)
2026-08-02 03:20:14 [DEBUG] 移动鼠标 -> (1655, 684)
2026-08-02 03:20:16 [WARNING] 悬停第 2/2 次未识别到地点, 区域文字: 抓鬼捉拿魂魄兑换电脑打开道具行囊鼠标右击道具可快速转移Alt+
2026-08-02 03:20:16 [WARNING] 仓库内位置3 悬停未识别到坐标, 跳过
2026-08-02 03:20:17 [DEBUG] 移动鼠标 -> (1700, 684)
2026-08-02 03:20:18 [WARNING] 悬停第 1/2 次未识别到地点, 区域文字: 抓鬼捉拿魂魄兑换道具行囊鼠标右击道具可快速转移
2026-08-02 03:20:18 [DEBUG] 移动鼠标 -> (1700, 744)
2026-08-02 03:20:19 [DEBUG] 移动鼠标 -> (1700, 684)
2026-08-02 03:20:20 [WARNING] 悬停第 2/2 次未识别到地点, 区域文字: 抓鬼捉拿魂魄兑换道具行囊鼠标右击道具可快速转移
2026-08-02 03:20:21 [WARNING] 仓库内位置4 悬停未识别到坐标, 跳过
2026-08-02 03:20:21 [DEBUG] 移动鼠标 -> (1745, 684)
2026-08-02 03:20:23 [INFO] 坐标[大唐国境] -> 应存入B仓库
2026-08-02 03:20:24 [DEBUG] 点击 (1383, 912) 方式=left
2026-08-02 03:20:25 [DEBUG] 点击 (1745, 684) 方式=right
2026-08-02 03:20:26 [INFO] 已选中仓库[B仓库]并右键道具栏 (1745, 684) 存入
2026-08-02 03:20:26 [INFO] 识别到坐标[大唐国境]，成功存入B仓库
2026-08-02 03:20:26 [DEBUG] 移动鼠标 -> (1750, 726)
2026-08-02 03:20:28 [INFO] 坐标[狮驼岭] -> 应存入C仓库
2026-08-02 03:20:29 [DEBUG] 点击 (1465, 912) 方式=left
2026-08-02 03:20:30 [DEBUG] 点击 (1750, 726) 方式=right
2026-08-02 03:20:31 [INFO] 已选中仓库[C仓库]并右键道具栏 (1750, 726) 存入
2026-08-02 03:20:31 [INFO] 识别到坐标[狮驼岭]，成功存入C仓库
2026-08-02 03:20:31 [DEBUG] 移动鼠标 -> (1702, 726)
2026-08-02 03:20:33 [INFO] 坐标[朱紫国] -> 应存入C仓库
2026-08-02 03:20:33 [DEBUG] 点击 (1465, 912) 方式=left
2026-08-02 03:20:35 [DEBUG] 点击 (1702, 726) 方式=right
2026-08-02 03:20:35 [INFO] 已选中仓库[C仓库]并右键道具栏 (1702, 726) 存入
2026-08-02 03:20:35 [INFO] 识别到坐标[朱紫国]，成功存入C仓库
2026-08-02 03:20:36 [DEBUG] 移动鼠标 -> (1654, 726)
2026-08-02 03:20:37 [INFO] 坐标[墨家村] -> 应存入A仓库
2026-08-02 03:20:38 [DEBUG] 点击 (1301, 912) 方式=left
2026-08-02 03:20:40 [DEBUG] 点击 (1654, 726) 方式=right
2026-08-02 03:20:40 [INFO] 已选中仓库[A仓库]并右键道具栏 (1654, 726) 存入
2026-08-02 03:20:40 [INFO] 识别到坐标[墨家村]，成功存入A仓库
2026-08-02 03:20:41 [DEBUG] 移动鼠标 -> (1606, 726)
2026-08-02 03:20:42 [INFO] 坐标[墨家村] -> 应存入A仓库
2026-08-02 03:20:43 [DEBUG] 点击 (1301, 912) 方式=left
2026-08-02 03:20:45 [DEBUG] 点击 (1606, 726) 方式=right
2026-08-02 03:20:45 [INFO] 已选中仓库[A仓库]并右键道具栏 (1606, 726) 存入
2026-08-02 03:20:45 [INFO] 识别到坐标[墨家村]，成功存入A仓库
2026-08-02 03:20:46 [DEBUG] 移动鼠标 -> (1558, 726)
2026-08-02 03:20:47 [INFO] 坐标[北俱芦洲] -> 应存入A仓库
2026-08-02 03:20:48 [DEBUG] 点击 (1301, 912) 方式=left
2026-08-02 03:20:50 [DEBUG] 点击 (1558, 726) 方式=right
2026-08-02 03:20:50 [INFO] 已选中仓库[A仓库]并右键道具栏 (1558, 726) 存入
2026-08-02 03:20:50 [INFO] 识别到坐标[北俱芦洲]，成功存入A仓库
2026-08-02 03:20:50 [DEBUG] 移动鼠标 -> (1560, 769)
2026-08-02 03:20:52 [WARNING] 悬停第 1/2 次未识别到地点, 区域文字: 抓鬼捉拿魂魄兑换藏宝图张记着藏宝地点的地图。可快速转移米型中的藏宝图
2026-08-02 03:20:52 [DEBUG] 移动鼠标 -> (1560, 829)
2026-08-02 03:20:53 [DEBUG] 移动鼠标 -> (1560, 769)
2026-08-02 03:20:54 [WARNING] 悬停第 2/2 次未识别到地点, 区域文字: 抓鬼捉拿魂魄兑换藏宝图张记着藏宝地点的地图。可快速转移米型中的藏宝图
2026-08-02 03:20:55 [WARNING] 仓库内位置11 悬停未识别到坐标, 跳过
2026-08-02 03:20:55 [DEBUG] 移动鼠标 -> (1606, 769)
2026-08-02 03:20:57 [WARNING] 悬停第 1/2 次未识别到地点, 区域文字: 抓鬼捉拿魂魄兑换藏宝图电脑张记着藏宝地点的地图。转移打并Alt+米型调的藏宝图
2026-08-02 03:20:57 [DEBUG] 移动鼠标 -> (1606, 829)
2026-08-02 03:20:58 [DEBUG] 移动鼠标 -> (1606, 769)
2026-08-02 03:20:59 [WARNING] 悬停第 2/2 次未识别到地点, 区域文字: 抓鬼捉拿魂魄兑换藏宝图电脑一张记着藏宝地点的地图打并【类型】狸的藏宝图可快速转移Alt+
2026-08-02 03:21:00 [WARNING] 仓库内位置12 悬停未识别到坐标, 跳过
2026-08-02 03:21:00 [DEBUG] 移动鼠标 -> (1652, 769)
2026-08-02 03:21:01 [WARNING] 悬停第 1/2 次未识别到地点, 区域文字: 抓鬼捉拿魂魄兑换电脑打开道具行囊鼠标右击道具可快速转移Alt+
2026-08-02 03:21:02 [DEBUG] 移动鼠标 -> (1652, 829)
2026-08-02 03:21:02 [INFO] 流程结束
2026-08-02 03:32:46 [INFO] 开始自动整理, 停止键: F12
2026-08-02 03:32:46 [INFO] 打开仓库 @ (30, 30) + 确认[我要进行仓库操作]
2026-08-02 03:32:47 [INFO] 已选中仓库[A仓库], 开始取出
2026-08-02 03:32:47 [INFO] 右键取出仓库藏宝图 @ (50, 500)
2026-08-02 03:32:47 [INFO] 右键取出仓库藏宝图 @ (150, 500)
2026-08-02 03:32:47 [INFO] 右键取出仓库藏宝图 @ (250, 500)
2026-08-02 03:32:47 [INFO] 仓库[A仓库]本批取出 3 张未知藏宝图
2026-08-02 03:32:47 [INFO] 打开背包(快捷键 alt+e)
2026-08-02 03:32:47 [DEBUG] 点击背包格子 1 @ [150, 800] (right)
2026-08-02 03:32:48 [DEBUG] 点击背包格子 2 @ [450, 800] (right)
2026-08-02 03:32:48 [DEBUG] 点击背包格子 3 @ [750, 800] (right)
2026-08-02 03:32:49 [INFO] 已点击 3/3 个背包格子解封坐标(方式:right)
2026-08-02 03:32:49 [INFO] 关闭背包(快捷键 alt+e)
2026-08-02 03:32:52 [INFO] 坐标[星穹] -> 应存入A仓库
2026-08-02 03:32:52 [INFO] 识别到坐标[星穹]，成功存入A仓库
2026-08-02 03:32:53 [INFO] 坐标[落霞] -> 应存入B仓库
2026-08-02 03:32:53 [INFO] 识别到坐标[落霞]，成功存入B仓库
2026-08-02 03:32:54 [INFO] 坐标[长安] -> 应存入C仓库
2026-08-02 03:32:54 [INFO] 识别到坐标[长安]，成功存入C仓库
2026-08-02 03:32:54 [INFO] 本批次入库完成, 成功 3/3
2026-08-02 03:32:55 [INFO] 已选中仓库[B仓库], 开始取出
2026-08-02 03:32:55 [INFO] 右键取出仓库藏宝图 @ (50, 500)
2026-08-02 03:32:55 [INFO] 右键取出仓库藏宝图 @ (150, 500)
2026-08-02 03:32:55 [INFO] 右键取出仓库藏宝图 @ (250, 500)
2026-08-02 03:32:55 [INFO] 仓库[B仓库]本批取出 3 张未知藏宝图
2026-08-02 03:32:55 [INFO] 打开背包(快捷键 alt+e)
2026-08-02 03:32:55 [DEBUG] 点击背包格子 1 @ [150, 800] (right)
2026-08-02 03:32:56 [DEBUG] 点击背包格子 2 @ [450, 800] (right)
2026-08-02 03:32:56 [DEBUG] 点击背包格子 3 @ [750, 800] (right)
2026-08-02 03:32:57 [INFO] 已点击 3/3 个背包格子解封坐标(方式:right)
2026-08-02 03:32:57 [INFO] 关闭背包(快捷键 alt+e)
2026-08-02 03:32:59 [WARNING] 悬停第 1/2 次未识别到地点, 区域文字: 
2026-08-02 03:33:00 [WARNING] 悬停第 2/2 次未识别到地点, 区域文字: 
2026-08-02 03:33:00 [WARNING] 仓库内位置1 悬停未识别到坐标, 跳过
2026-08-02 03:33:02 [WARNING] 悬停第 1/2 次未识别到地点, 区域文字: 
2026-08-02 03:33:04 [WARNING] 悬停第 2/2 次未识别到地点, 区域文字: 
2026-08-02 03:33:04 [WARNING] 仓库内位置2 悬停未识别到坐标, 跳过
2026-08-02 03:33:05 [WARNING] 悬停第 1/2 次未识别到地点, 区域文字: 
2026-08-02 03:33:07 [WARNING] 悬停第 2/2 次未识别到地点, 区域文字: 
2026-08-02 03:33:07 [WARNING] 仓库内位置3 悬停未识别到坐标, 跳过
2026-08-02 03:33:07 [INFO] 本批次入库完成, 成功 0/3
2026-08-02 03:33:07 [INFO] 已选中仓库[C仓库], 开始取出
2026-08-02 03:33:07 [INFO] 右键取出仓库藏宝图 @ (50, 500)
2026-08-02 03:33:07 [INFO] 右键取出仓库藏宝图 @ (150, 500)
2026-08-02 03:33:07 [INFO] 右键取出仓库藏宝图 @ (250, 500)
2026-08-02 03:33:07 [INFO] 仓库[C仓库]本批取出 3 张未知藏宝图
2026-08-02 03:33:07 [INFO] 打开背包(快捷键 alt+e)
2026-08-02 03:33:07 [DEBUG] 点击背包格子 1 @ [150, 800] (right)
2026-08-02 03:33:08 [DEBUG] 点击背包格子 2 @ [450, 800] (right)
2026-08-02 03:33:09 [DEBUG] 点击背包格子 3 @ [750, 800] (right)
2026-08-02 03:33:10 [INFO] 已点击 3/3 个背包格子解封坐标(方式:right)
2026-08-02 03:33:10 [INFO] 关闭背包(快捷键 alt+e)
2026-08-02 03:33:11 [WARNING] 悬停第 1/2 次未识别到地点, 区域文字: 
2026-08-02 03:33:13 [WARNING] 悬停第 2/2 次未识别到地点, 区域文字: 
2026-08-02 03:33:13 [WARNING] 仓库内位置1 悬停未识别到坐标, 跳过
2026-08-02 03:33:14 [WARNING] 悬停第 1/2 次未识别到地点, 区域文字: 
2026-08-02 03:33:16 [WARNING] 悬停第 2/2 次未识别到地点, 区域文字: 
2026-08-02 03:33:16 [WARNING] 仓库内位置2 悬停未识别到坐标, 跳过
2026-08-02 03:33:18 [WARNING] 悬停第 1/2 次未识别到地点, 区域文字: 
2026-08-02 03:33:19 [WARNING] 悬停第 2/2 次未识别到地点, 区域文字: 
2026-08-02 03:33:20 [WARNING] 仓库内位置3 悬停未识别到坐标, 跳过
2026-08-02 03:33:20 [INFO] 本批次入库完成, 成功 0/3
2026-08-02 03:33:20 [INFO] 全部处理完成, 共存入 3 张藏宝图
2026-08-02 03:33:20 [INFO] 流程结束
2026-08-02 03:35:35 [INFO] 开始自动整理, 停止键: F12
2026-08-02 03:35:35 [INFO] 请在游戏内手动打开仓库, 8 秒后开始处理...
2026-08-02 03:35:43 [DEBUG] 点击 (831, 782) 方式=left
2026-08-02 03:35:44 [INFO] 已选中仓库[仓库1], 开始取出
2026-08-02 03:35:45 [DEBUG] 点击 (810, 552) 方式=right
2026-08-02 03:35:45 [INFO] 右键取出仓库藏宝图 @ (810, 552)
2026-08-02 03:35:46 [DEBUG] 点击 (854, 552) 方式=right
2026-08-02 03:35:47 [INFO] 右键取出仓库藏宝图 @ (854, 552)
2026-08-02 03:35:48 [DEBUG] 点击 (898, 552) 方式=right
2026-08-02 03:35:48 [INFO] 右键取出仓库藏宝图 @ (898, 552)
2026-08-02 03:35:49 [DEBUG] 点击 (942, 552) 方式=right
2026-08-02 03:35:50 [INFO] 右键取出仓库藏宝图 @ (942, 552)
2026-08-02 03:35:51 [DEBUG] 点击 (986, 552) 方式=right
2026-08-02 03:35:51 [INFO] 右键取出仓库藏宝图 @ (986, 552)
2026-08-02 03:35:52 [DEBUG] 点击 (810, 598) 方式=right
2026-08-02 03:35:53 [INFO] 右键取出仓库藏宝图 @ (810, 598)
2026-08-02 03:35:54 [DEBUG] 点击 (854, 598) 方式=right
2026-08-02 03:35:54 [INFO] 右键取出仓库藏宝图 @ (854, 598)
2026-08-02 03:35:55 [DEBUG] 点击 (898, 598) 方式=right
2026-08-02 03:35:56 [INFO] 右键取出仓库藏宝图 @ (898, 598)
2026-08-02 03:35:56 [DEBUG] 点击 (942, 598) 方式=right
2026-08-02 03:35:57 [INFO] 右键取出仓库藏宝图 @ (942, 598)
2026-08-02 03:35:58 [DEBUG] 点击 (986, 598) 方式=right
2026-08-02 03:35:58 [INFO] 右键取出仓库藏宝图 @ (986, 598)
2026-08-02 03:35:59 [DEBUG] 点击 (810, 644) 方式=right
2026-08-02 03:36:00 [INFO] 右键取出仓库藏宝图 @ (810, 644)
2026-08-02 03:36:01 [DEBUG] 点击 (854, 644) 方式=right
2026-08-02 03:36:01 [INFO] 右键取出仓库藏宝图 @ (854, 644)
2026-08-02 03:36:02 [DEBUG] 点击 (898, 644) 方式=right
2026-08-02 03:36:03 [INFO] 右键取出仓库藏宝图 @ (898, 644)
2026-08-02 03:36:04 [DEBUG] 点击 (942, 644) 方式=right
2026-08-02 03:36:04 [INFO] 右键取出仓库藏宝图 @ (942, 644)
2026-08-02 03:36:05 [DEBUG] 点击 (986, 644) 方式=right
2026-08-02 03:36:06 [INFO] 右键取出仓库藏宝图 @ (986, 644)
2026-08-02 03:36:07 [DEBUG] 点击 (810, 690) 方式=right
2026-08-02 03:36:07 [INFO] 右键取出仓库藏宝图 @ (810, 690)
2026-08-02 03:36:08 [DEBUG] 点击 (854, 690) 方式=right
2026-08-02 03:36:08 [INFO] 右键取出仓库藏宝图 @ (854, 690)
2026-08-02 03:36:09 [DEBUG] 点击 (898, 690) 方式=right
2026-08-02 03:36:10 [INFO] 右键取出仓库藏宝图 @ (898, 690)
2026-08-02 03:36:11 [DEBUG] 点击 (942, 690) 方式=right
2026-08-02 03:36:11 [INFO] 右键取出仓库藏宝图 @ (942, 690)
2026-08-02 03:36:12 [DEBUG] 点击 (986, 690) 方式=right
2026-08-02 03:36:13 [INFO] 右键取出仓库藏宝图 @ (986, 690)
2026-08-02 03:36:13 [INFO] 仓库[仓库1]本批取出 20 张未知藏宝图
2026-08-02 03:36:15 [INFO] 打开背包(快捷键 alt+e)
2026-08-02 03:36:16 [DEBUG] 点击 (1009, 535) 方式=right
2026-08-02 03:36:16 [DEBUG] 点击背包格子 1 @ [1009, 535] (right)
2026-08-02 03:36:18 [DEBUG] 点击 (1055, 535) 方式=right
2026-08-02 03:36:18 [DEBUG] 点击背包格子 2 @ [1055, 535] (right)
2026-08-02 03:36:19 [DEBUG] 点击 (1101, 535) 方式=right
2026-08-02 03:36:19 [DEBUG] 点击背包格子 3 @ [1101, 535] (right)
2026-08-02 03:36:20 [DEBUG] 点击 (1147, 535) 方式=right
2026-08-02 03:36:20 [DEBUG] 点击背包格子 4 @ [1147, 535] (right)
2026-08-02 03:36:22 [DEBUG] 点击 (1193, 535) 方式=right
2026-08-02 03:36:22 [DEBUG] 点击背包格子 5 @ [1193, 535] (right)
2026-08-02 03:36:23 [DEBUG] 点击 (1009, 585) 方式=right
2026-08-02 03:36:23 [DEBUG] 点击背包格子 6 @ [1009, 585] (right)
2026-08-02 03:36:24 [DEBUG] 点击 (1055, 585) 方式=right
2026-08-02 03:36:24 [DEBUG] 点击背包格子 7 @ [1055, 585] (right)
2026-08-02 03:36:26 [DEBUG] 点击 (1101, 585) 方式=right
2026-08-02 03:36:26 [DEBUG] 点击背包格子 8 @ [1101, 585] (right)
2026-08-02 03:36:27 [DEBUG] 点击 (1147, 585) 方式=right
2026-08-02 03:36:27 [DEBUG] 点击背包格子 9 @ [1147, 585] (right)
2026-08-02 03:36:28 [DEBUG] 点击 (1193, 585) 方式=right
2026-08-02 03:36:28 [DEBUG] 点击背包格子 10 @ [1193, 585] (right)
2026-08-02 03:36:30 [DEBUG] 点击 (1009, 635) 方式=right
2026-08-02 03:36:30 [DEBUG] 点击背包格子 11 @ [1009, 635] (right)
2026-08-02 03:36:31 [DEBUG] 点击 (1055, 635) 方式=right
2026-08-02 03:36:31 [DEBUG] 点击背包格子 12 @ [1055, 635] (right)
2026-08-02 03:36:32 [DEBUG] 点击 (1101, 635) 方式=right
2026-08-02 03:36:32 [DEBUG] 点击背包格子 13 @ [1101, 635] (right)
2026-08-02 03:36:34 [DEBUG] 点击 (1147, 635) 方式=right
2026-08-02 03:36:34 [DEBUG] 点击背包格子 14 @ [1147, 635] (right)
2026-08-02 03:36:35 [DEBUG] 点击 (1193, 635) 方式=right
2026-08-02 03:36:35 [DEBUG] 点击背包格子 15 @ [1193, 635] (right)
2026-08-02 03:36:36 [DEBUG] 点击 (1009, 685) 方式=right
2026-08-02 03:36:36 [DEBUG] 点击背包格子 16 @ [1009, 685] (right)
2026-08-02 03:36:38 [DEBUG] 点击 (1055, 685) 方式=right
2026-08-02 03:36:38 [DEBUG] 点击背包格子 17 @ [1055, 685] (right)
2026-08-02 03:36:39 [DEBUG] 点击 (1101, 685) 方式=right
2026-08-02 03:36:39 [DEBUG] 点击背包格子 18 @ [1101, 685] (right)
2026-08-02 03:36:40 [DEBUG] 点击 (1147, 685) 方式=right
2026-08-02 03:36:40 [DEBUG] 点击背包格子 19 @ [1147, 685] (right)
2026-08-02 03:36:42 [DEBUG] 点击 (1193, 685) 方式=right
2026-08-02 03:36:42 [DEBUG] 点击背包格子 20 @ [1193, 685] (right)
2026-08-02 03:36:42 [INFO] 已点击 20/20 个背包格子解封坐标(方式:right)
2026-08-02 03:36:44 [INFO] 关闭背包(快捷键 alt+e)
2026-08-02 03:36:45 [DEBUG] 移动鼠标 -> (1078, 553)
2026-08-02 03:36:46 [WARNING] 悬停第 1/2 次未识别到地点, 区域文字: 
2026-08-02 03:36:46 [DEBUG] 移动鼠标 -> (1078, 613)
2026-08-02 03:36:47 [DEBUG] 移动鼠标 -> (1078, 553)
2026-08-02 03:36:49 [WARNING] 悬停第 2/2 次未识别到地点, 区域文字: 
2026-08-02 03:36:49 [WARNING] 仓库内位置1 悬停未识别到坐标, 跳过
2026-08-02 03:36:49 [DEBUG] 移动鼠标 -> (1123, 553)
2026-08-02 03:36:50 [WARNING] 悬停第 1/2 次未识别到地点, 区域文字: 
2026-08-02 03:36:51 [DEBUG] 移动鼠标 -> (1123, 613)
2026-08-02 03:36:51 [DEBUG] 移动鼠标 -> (1123, 553)
2026-08-02 03:36:53 [WARNING] 悬停第 2/2 次未识别到地点, 区域文字: 
2026-08-02 03:36:53 [WARNING] 仓库内位置2 悬停未识别到坐标, 跳过
2026-08-02 03:36:54 [DEBUG] 移动鼠标 -> (1168, 553)
2026-08-02 03:36:55 [INFO] 流程结束
2026-08-02 03:42:28 [INFO] 开始自动整理, 停止键: F12
2026-08-02 03:42:28 [INFO] 打开仓库 @ (30, 30) + 确认[我要进行仓库操作]
2026-08-02 03:42:28 [INFO] 已选中仓库[A仓库], 开始取出(2遍)
2026-08-02 03:42:29 [INFO] 右键取出仓库藏宝图 @ (50, 500) [第1遍]
2026-08-02 03:42:30 [INFO] 右键取出仓库藏宝图 @ (150, 500) [第1遍]
2026-08-02 03:42:31 [INFO] 右键取出仓库藏宝图 @ (250, 500) [第1遍]
2026-08-02 03:42:32 [INFO] 右键取出仓库藏宝图 @ (50, 500) [第2遍]
2026-08-02 03:42:33 [INFO] 右键取出仓库藏宝图 @ (150, 500) [第2遍]
2026-08-02 03:42:34 [INFO] 右键取出仓库藏宝图 @ (250, 500) [第2遍]
2026-08-02 03:42:34 [INFO] 仓库[A仓库]本批取出 6 张未知藏宝图
2026-08-02 03:42:34 [INFO] 打开背包(快捷键 alt+e)
2026-08-02 03:42:34 [DEBUG] 点击背包格子 1 @ [150, 800] (right)
2026-08-02 03:42:35 [DEBUG] 点击背包格子 2 @ [450, 800] (right)
2026-08-02 03:42:36 [DEBUG] 点击背包格子 3 @ [750, 800] (right)
2026-08-02 03:42:36 [INFO] 已点击 3/3 个背包格子解封坐标(方式:right)
2026-08-02 03:42:36 [INFO] 关闭背包(快捷键 alt+e)
2026-08-02 03:42:39 [INFO] 坐标[星穹] -> 应存入A仓库
2026-08-02 03:42:39 [INFO] 识别到坐标[星穹]，成功存入A仓库
2026-08-02 03:42:40 [INFO] 坐标[落霞] -> 应存入B仓库
2026-08-02 03:42:40 [INFO] 识别到坐标[落霞]，成功存入B仓库
2026-08-02 03:42:42 [INFO] 坐标[长安] -> 应存入C仓库
2026-08-02 03:42:42 [INFO] 识别到坐标[长安]，成功存入C仓库
2026-08-02 03:42:42 [INFO] 本批次入库完成, 成功 3/3
2026-08-02 03:42:42 [INFO] 已选中仓库[B仓库], 开始取出(2遍)
2026-08-02 03:42:43 [INFO] 右键取出仓库藏宝图 @ (50, 500) [第1遍]
2026-08-02 03:42:44 [INFO] 右键取出仓库藏宝图 @ (150, 500) [第1遍]
2026-08-02 03:42:45 [INFO] 右键取出仓库藏宝图 @ (250, 500) [第1遍]
2026-08-02 03:42:46 [INFO] 右键取出仓库藏宝图 @ (50, 500) [第2遍]
2026-08-02 03:42:47 [INFO] 右键取出仓库藏宝图 @ (150, 500) [第2遍]
2026-08-02 03:42:48 [INFO] 右键取出仓库藏宝图 @ (250, 500) [第2遍]
2026-08-02 03:42:48 [INFO] 仓库[B仓库]本批取出 6 张未知藏宝图
2026-08-02 03:42:48 [INFO] 打开背包(快捷键 alt+e)
2026-08-02 03:42:48 [DEBUG] 点击背包格子 1 @ [150, 800] (right)
2026-08-02 03:42:49 [DEBUG] 点击背包格子 2 @ [450, 800] (right)
2026-08-02 03:42:49 [DEBUG] 点击背包格子 3 @ [750, 800] (right)
2026-08-02 03:42:50 [INFO] 已点击 3/3 个背包格子解封坐标(方式:right)
2026-08-02 03:42:50 [INFO] 关闭背包(快捷键 alt+e)
2026-08-02 03:42:52 [WARNING] 悬停第 1/2 次未识别到地点, 区域文字: 
2026-08-02 03:42:53 [WARNING] 悬停第 2/2 次未识别到地点, 区域文字: 
2026-08-02 03:42:53 [WARNING] 仓库内位置1 悬停未识别到坐标, 跳过
2026-08-02 03:42:55 [WARNING] 悬停第 1/2 次未识别到地点, 区域文字: 
2026-08-02 03:42:57 [WARNING] 悬停第 2/2 次未识别到地点, 区域文字: 
2026-08-02 03:42:57 [WARNING] 仓库内位置2 悬停未识别到坐标, 跳过
2026-08-02 03:42:58 [WARNING] 悬停第 1/2 次未识别到地点, 区域文字: 
2026-08-02 03:43:00 [WARNING] 悬停第 2/2 次未识别到地点, 区域文字: 
2026-08-02 03:43:00 [WARNING] 仓库内位置3 悬停未识别到坐标, 跳过
2026-08-02 03:43:00 [INFO] 本批次入库完成, 成功 0/3
2026-08-02 03:43:00 [INFO] 已选中仓库[C仓库], 开始取出(2遍)
2026-08-02 03:43:01 [INFO] 右键取出仓库藏宝图 @ (50, 500) [第1遍]
2026-08-02 03:43:02 [INFO] 右键取出仓库藏宝图 @ (150, 500) [第1遍]
2026-08-02 03:43:03 [INFO] 右键取出仓库藏宝图 @ (250, 500) [第1遍]
2026-08-02 03:43:04 [INFO] 右键取出仓库藏宝图 @ (50, 500) [第2遍]
2026-08-02 03:43:05 [INFO] 右键取出仓库藏宝图 @ (150, 500) [第2遍]
2026-08-02 03:43:06 [INFO] 右键取出仓库藏宝图 @ (250, 500) [第2遍]
2026-08-02 03:43:06 [INFO] 仓库[C仓库]本批取出 6 张未知藏宝图
2026-08-02 03:43:06 [INFO] 打开背包(快捷键 alt+e)
2026-08-02 03:43:06 [DEBUG] 点击背包格子 1 @ [150, 800] (right)
2026-08-02 03:43:07 [DEBUG] 点击背包格子 2 @ [450, 800] (right)
2026-08-02 03:43:08 [DEBUG] 点击背包格子 3 @ [750, 800] (right)
2026-08-02 03:43:08 [INFO] 已点击 3/3 个背包格子解封坐标(方式:right)
2026-08-02 03:43:08 [INFO] 关闭背包(快捷键 alt+e)
2026-08-02 03:43:10 [WARNING] 悬停第 1/2 次未识别到地点, 区域文字: 
2026-08-02 03:43:12 [WARNING] 悬停第 2/2 次未识别到地点, 区域文字: 
2026-08-02 03:43:12 [WARNING] 仓库内位置1 悬停未识别到坐标, 跳过
2026-08-02 03:43:13 [WARNING] 悬停第 1/2 次未识别到地点, 区域文字: 
2026-08-02 03:43:15 [WARNING] 悬停第 2/2 次未识别到地点, 区域文字: 
2026-08-02 03:43:15 [WARNING] 仓库内位置2 悬停未识别到坐标, 跳过
2026-08-02 03:43:16 [WARNING] 悬停第 1/2 次未识别到地点, 区域文字: 
2026-08-02 03:43:18 [WARNING] 悬停第 2/2 次未识别到地点, 区域文字: 
2026-08-02 03:43:18 [WARNING] 仓库内位置3 悬停未识别到坐标, 跳过
2026-08-02 03:43:18 [INFO] 本批次入库完成, 成功 0/3
2026-08-02 03:43:18 [INFO] 全部处理完成, 共存入 3 张藏宝图
2026-08-02 03:43:18 [INFO] 流程结束
2026-08-02 03:43:58 [INFO] 开始自动整理, 停止键: F12
2026-08-02 03:43:58 [INFO] 请在游戏内手动打开仓库, 8 秒后开始处理...
2026-08-02 03:44:07 [DEBUG] 点击 (831, 782) 方式=left
2026-08-02 03:44:08 [INFO] 已选中仓库[仓库1], 开始取出(2遍)
2026-08-02 03:44:09 [DEBUG] 点击 (810, 552) 方式=right
2026-08-02 03:44:09 [INFO] 流程结束
2026-08-02 03:44:28 [INFO] 开始自动整理, 停止键: F12
2026-08-02 03:44:28 [INFO] 请在游戏内手动打开仓库, 8 秒后开始处理...
2026-08-02 03:44:37 [DEBUG] 点击 (831, 782) 方式=left
2026-08-02 03:44:37 [INFO] 已选中仓库[仓库1], 开始取出(2遍)
2026-08-02 03:44:38 [DEBUG] 点击 (810, 552) 方式=right
2026-08-02 03:44:39 [INFO] 右键取出仓库藏宝图 @ (810, 552) [第1遍]
2026-08-02 03:44:40 [DEBUG] 点击 (854, 552) 方式=right
2026-08-02 03:44:41 [INFO] 右键取出仓库藏宝图 @ (854, 552) [第1遍]
2026-08-02 03:44:42 [DEBUG] 点击 (898, 552) 方式=right
2026-08-02 03:44:43 [INFO] 右键取出仓库藏宝图 @ (898, 552) [第1遍]
2026-08-02 03:44:44 [DEBUG] 点击 (942, 552) 方式=right
2026-08-02 03:44:45 [INFO] 右键取出仓库藏宝图 @ (942, 552) [第1遍]
2026-08-02 03:44:46 [DEBUG] 点击 (986, 552) 方式=right
2026-08-02 03:44:47 [INFO] 右键取出仓库藏宝图 @ (986, 552) [第1遍]
2026-08-02 03:44:48 [DEBUG] 点击 (810, 598) 方式=right
2026-08-02 03:44:49 [INFO] 右键取出仓库藏宝图 @ (810, 598) [第1遍]
2026-08-02 03:44:50 [DEBUG] 点击 (854, 598) 方式=right
2026-08-02 03:44:51 [INFO] 右键取出仓库藏宝图 @ (854, 598) [第1遍]
2026-08-02 03:44:52 [DEBUG] 点击 (898, 598) 方式=right
2026-08-02 03:44:53 [INFO] 右键取出仓库藏宝图 @ (898, 598) [第1遍]
2026-08-02 03:44:54 [DEBUG] 点击 (942, 598) 方式=right
2026-08-02 03:44:55 [INFO] 右键取出仓库藏宝图 @ (942, 598) [第1遍]
2026-08-02 03:44:55 [DEBUG] 点击 (986, 598) 方式=right
2026-08-02 03:44:57 [INFO] 右键取出仓库藏宝图 @ (986, 598) [第1遍]
2026-08-02 03:44:57 [DEBUG] 点击 (810, 644) 方式=right
2026-08-02 03:44:58 [INFO] 右键取出仓库藏宝图 @ (810, 644) [第1遍]
2026-08-02 03:44:59 [DEBUG] 点击 (854, 644) 方式=right
2026-08-02 03:45:00 [INFO] 右键取出仓库藏宝图 @ (854, 644) [第1遍]
2026-08-02 03:45:01 [DEBUG] 点击 (898, 644) 方式=right
2026-08-02 03:45:02 [INFO] 右键取出仓库藏宝图 @ (898, 644) [第1遍]
2026-08-02 03:45:03 [DEBUG] 点击 (942, 644) 方式=right
2026-08-02 03:45:04 [INFO] 右键取出仓库藏宝图 @ (942, 644) [第1遍]
2026-08-02 03:45:05 [DEBUG] 点击 (986, 644) 方式=right
2026-08-02 03:45:06 [INFO] 右键取出仓库藏宝图 @ (986, 644) [第1遍]
2026-08-02 03:45:07 [DEBUG] 点击 (810, 690) 方式=right
2026-08-02 03:45:08 [INFO] 右键取出仓库藏宝图 @ (810, 690) [第1遍]
2026-08-02 03:45:09 [DEBUG] 点击 (854, 690) 方式=right
2026-08-02 03:45:10 [INFO] 右键取出仓库藏宝图 @ (854, 690) [第1遍]
2026-08-02 03:45:11 [DEBUG] 点击 (898, 690) 方式=right
2026-08-02 03:45:12 [INFO] 右键取出仓库藏宝图 @ (898, 690) [第1遍]
2026-08-02 03:45:13 [DEBUG] 点击 (942, 690) 方式=right
2026-08-02 03:45:14 [INFO] 右键取出仓库藏宝图 @ (942, 690) [第1遍]
2026-08-02 03:45:15 [DEBUG] 点击 (986, 690) 方式=right
2026-08-02 03:45:16 [INFO] 右键取出仓库藏宝图 @ (986, 690) [第1遍]
2026-08-02 03:45:17 [DEBUG] 点击 (810, 552) 方式=right
2026-08-02 03:45:18 [INFO] 右键取出仓库藏宝图 @ (810, 552) [第2遍]
2026-08-02 03:45:19 [DEBUG] 点击 (854, 552) 方式=right
2026-08-02 03:45:20 [INFO] 右键取出仓库藏宝图 @ (854, 552) [第2遍]
2026-08-02 03:45:21 [DEBUG] 点击 (898, 552) 方式=right
2026-08-02 03:45:22 [INFO] 流程结束
2026-08-02 03:46:22 [INFO] 开始自动整理, 停止键: F12
2026-08-02 03:46:22 [INFO] 打开仓库 @ (30, 30) + 确认[我要进行仓库操作]
2026-08-02 03:46:22 [INFO] 已选中仓库[A仓库], 开始取出(2遍)
2026-08-02 03:46:23 [INFO] 右键取出仓库藏宝图 @ (50, 500) [第1遍]
2026-08-02 03:46:24 [INFO] 右键取出仓库藏宝图 @ (150, 500) [第1遍]
2026-08-02 03:46:25 [INFO] 右键取出仓库藏宝图 @ (250, 500) [第1遍]
2026-08-02 03:46:26 [INFO] 右键取出仓库藏宝图 @ (50, 500) [第2遍]
2026-08-02 03:46:27 [INFO] 右键取出仓库藏宝图 @ (150, 500) [第2遍]
2026-08-02 03:46:28 [INFO] 右键取出仓库藏宝图 @ (250, 500) [第2遍]
2026-08-02 03:46:28 [INFO] 仓库[A仓库]本批取出 6 张未知藏宝图
2026-08-02 03:46:28 [INFO] 打开背包(快捷键 alt+e)
2026-08-02 03:46:28 [DEBUG] 点击背包格子 1 @ [150, 800] (right)
2026-08-02 03:46:29 [DEBUG] 点击背包格子 2 @ [450, 800] (right)
2026-08-02 03:46:30 [DEBUG] 点击背包格子 3 @ [750, 800] (right)
2026-08-02 03:46:31 [INFO] 已点击 3/3 个背包格子解封坐标(方式:right)
2026-08-02 03:46:31 [INFO] 关闭背包(快捷键 alt+e)
2026-08-02 03:46:33 [INFO] 坐标[星穹] -> 应存入A仓库
2026-08-02 03:46:33 [INFO] 识别到坐标[星穹]，成功存入A仓库
2026-08-02 03:46:35 [INFO] 坐标[落霞] -> 应存入B仓库
2026-08-02 03:46:35 [INFO] 识别到坐标[落霞]，成功存入B仓库
2026-08-02 03:46:36 [INFO] 坐标[长安] -> 应存入C仓库
2026-08-02 03:46:36 [INFO] 识别到坐标[长安]，成功存入C仓库
2026-08-02 03:46:36 [INFO] 本批次入库完成, 成功 3/3
2026-08-02 03:46:36 [INFO] 已选中仓库[B仓库], 开始取出(2遍)
2026-08-02 03:46:37 [INFO] 右键取出仓库藏宝图 @ (50, 500) [第1遍]
2026-08-02 03:46:38 [INFO] 右键取出仓库藏宝图 @ (150, 500) [第1遍]
2026-08-02 03:46:39 [INFO] 右键取出仓库藏宝图 @ (250, 500) [第1遍]
2026-08-02 03:46:40 [INFO] 右键取出仓库藏宝图 @ (50, 500) [第2遍]
2026-08-02 03:46:41 [INFO] 右键取出仓库藏宝图 @ (150, 500) [第2遍]
2026-08-02 03:46:42 [INFO] 右键取出仓库藏宝图 @ (250, 500) [第2遍]
2026-08-02 03:46:42 [INFO] 仓库[B仓库]本批取出 6 张未知藏宝图
2026-08-02 03:46:42 [INFO] 打开背包(快捷键 alt+e)
2026-08-02 03:46:42 [DEBUG] 点击背包格子 1 @ [150, 800] (right)
2026-08-02 03:46:43 [DEBUG] 点击背包格子 2 @ [450, 800] (right)
2026-08-02 03:46:44 [DEBUG] 点击背包格子 3 @ [750, 800] (right)
2026-08-02 03:46:45 [INFO] 已点击 3/3 个背包格子解封坐标(方式:right)
2026-08-02 03:46:45 [INFO] 关闭背包(快捷键 alt+e)
2026-08-02 03:46:46 [WARNING] 悬停第 1/2 次未识别到地点, 区域文字: 
2026-08-02 03:46:48 [WARNING] 悬停第 2/2 次未识别到地点, 区域文字: 
2026-08-02 03:46:48 [WARNING] 仓库内位置1 悬停未识别到坐标, 跳过
2026-08-02 03:46:50 [WARNING] 悬停第 1/2 次未识别到地点, 区域文字: 
2026-08-02 03:46:51 [WARNING] 悬停第 2/2 次未识别到地点, 区域文字: 
2026-08-02 03:46:51 [WARNING] 仓库内位置2 悬停未识别到坐标, 跳过
2026-08-02 03:46:53 [WARNING] 悬停第 1/2 次未识别到地点, 区域文字: 
2026-08-02 03:46:55 [WARNING] 悬停第 2/2 次未识别到地点, 区域文字: 
2026-08-02 03:46:55 [WARNING] 仓库内位置3 悬停未识别到坐标, 跳过
2026-08-02 03:46:55 [INFO] 本批次入库完成, 成功 0/3
2026-08-02 03:46:55 [INFO] 已选中仓库[C仓库], 开始取出(2遍)
2026-08-02 03:46:56 [INFO] 右键取出仓库藏宝图 @ (50, 500) [第1遍]
2026-08-02 03:46:57 [INFO] 右键取出仓库藏宝图 @ (150, 500) [第1遍]
2026-08-02 03:46:58 [INFO] 右键取出仓库藏宝图 @ (250, 500) [第1遍]
2026-08-02 03:46:59 [INFO] 右键取出仓库藏宝图 @ (50, 500) [第2遍]
2026-08-02 03:47:00 [INFO] 右键取出仓库藏宝图 @ (150, 500) [第2遍]
2026-08-02 03:47:01 [INFO] 右键取出仓库藏宝图 @ (250, 500) [第2遍]
2026-08-02 03:47:01 [INFO] 仓库[C仓库]本批取出 6 张未知藏宝图
2026-08-02 03:47:01 [INFO] 打开背包(快捷键 alt+e)
2026-08-02 03:47:01 [DEBUG] 点击背包格子 1 @ [150, 800] (right)
2026-08-02 03:47:02 [DEBUG] 点击背包格子 2 @ [450, 800] (right)
2026-08-02 03:47:03 [DEBUG] 点击背包格子 3 @ [750, 800] (right)
2026-08-02 03:47:03 [INFO] 已点击 3/3 个背包格子解封坐标(方式:right)
2026-08-02 03:47:03 [INFO] 关闭背包(快捷键 alt+e)
2026-08-02 03:47:05 [WARNING] 悬停第 1/2 次未识别到地点, 区域文字: 
2026-08-02 03:47:07 [WARNING] 悬停第 2/2 次未识别到地点, 区域文字: 
2026-08-02 03:47:07 [WARNING] 仓库内位置1 悬停未识别到坐标, 跳过
2026-08-02 03:47:08 [WARNING] 悬停第 1/2 次未识别到地点, 区域文字: 
2026-08-02 03:47:10 [WARNING] 悬停第 2/2 次未识别到地点, 区域文字: 
2026-08-02 03:47:10 [WARNING] 仓库内位置2 悬停未识别到坐标, 跳过
2026-08-02 03:47:11 [WARNING] 悬停第 1/2 次未识别到地点, 区域文字: 
2026-08-02 03:47:13 [WARNING] 悬停第 2/2 次未识别到地点, 区域文字: 
2026-08-02 03:47:13 [WARNING] 仓库内位置3 悬停未识别到坐标, 跳过
2026-08-02 03:47:13 [INFO] 本批次入库完成, 成功 0/3
2026-08-02 03:47:13 [INFO] 全部处理完成, 共存入 3 张藏宝图
2026-08-02 03:47:13 [INFO] 流程结束
2026-08-02 03:47:27 [INFO] 开始自动整理, 停止键: F12
2026-08-02 03:47:27 [INFO] 请在游戏内手动打开仓库, 8 秒后开始处理...
2026-08-02 03:47:35 [INFO] 已保存取件校准图: debug\takeout_仓库1_1785613655.png
2026-08-02 03:47:36 [DEBUG] 点击 (831, 782) 方式=left
2026-08-02 03:47:37 [INFO] 已选中仓库[仓库1], 开始取出(2遍)
2026-08-02 03:47:37 [DEBUG] 点击 (810, 552) 方式=right
2026-08-02 03:47:38 [INFO] 右键取出仓库藏宝图 @ (810, 552) [第1遍]
2026-08-02 03:47:39 [DEBUG] 点击 (854, 552) 方式=right
2026-08-02 03:47:40 [INFO] 右键取出仓库藏宝图 @ (854, 552) [第1遍]
2026-08-02 03:47:41 [DEBUG] 点击 (898, 552) 方式=right
2026-08-02 03:47:42 [INFO] 右键取出仓库藏宝图 @ (898, 552) [第1遍]
2026-08-02 03:47:43 [DEBUG] 点击 (942, 552) 方式=right
2026-08-02 03:47:44 [INFO] 右键取出仓库藏宝图 @ (942, 552) [第1遍]
2026-08-02 03:47:45 [DEBUG] 点击 (986, 552) 方式=right
2026-08-02 03:47:46 [INFO] 右键取出仓库藏宝图 @ (986, 552) [第1遍]
2026-08-02 03:47:47 [DEBUG] 点击 (810, 598) 方式=right
2026-08-02 03:47:48 [INFO] 右键取出仓库藏宝图 @ (810, 598) [第1遍]
2026-08-02 03:47:49 [INFO] 流程结束
2026-08-02 03:51:56 [INFO] 开始自动整理, 停止键: F12
2026-08-02 03:51:56 [INFO] 请在游戏内手动打开仓库, 8 秒后开始处理...
2026-08-02 03:52:04 [INFO] 已保存取件校准图: debug\takeout_仓库1_1785613924.png
2026-08-02 03:52:05 [DEBUG] 点击 (831, 782) 方式=left
2026-08-02 03:52:06 [INFO] 已选中仓库[仓库1], 开始取出(2遍)
2026-08-02 03:52:07 [DEBUG] 点击 (810, 552) 方式=right
2026-08-02 03:52:08 [INFO] 右键取出仓库藏宝图 @ (810, 552) [第1遍]
2026-08-02 03:52:09 [DEBUG] 点击 (854, 552) 方式=right
2026-08-02 03:52:10 [INFO] 右键取出仓库藏宝图 @ (854, 552) [第1遍]
2026-08-02 03:52:10 [DEBUG] 点击 (898, 552) 方式=right
2026-08-02 03:52:11 [INFO] 右键取出仓库藏宝图 @ (898, 552) [第1遍]
2026-08-02 03:52:12 [DEBUG] 点击 (942, 552) 方式=right
2026-08-02 03:52:13 [INFO] 右键取出仓库藏宝图 @ (942, 552) [第1遍]
2026-08-02 03:52:14 [DEBUG] 点击 (986, 552) 方式=right
2026-08-02 03:52:15 [INFO] 右键取出仓库藏宝图 @ (986, 552) [第1遍]
2026-08-02 03:52:16 [DEBUG] 点击 (810, 598) 方式=right
2026-08-02 03:52:17 [INFO] 右键取出仓库藏宝图 @ (810, 598) [第1遍]
2026-08-02 03:52:18 [DEBUG] 点击 (854, 598) 方式=right
2026-08-02 03:52:19 [INFO] 右键取出仓库藏宝图 @ (854, 598) [第1遍]
2026-08-02 03:52:20 [DEBUG] 点击 (898, 598) 方式=right
2026-08-02 03:52:21 [INFO] 右键取出仓库藏宝图 @ (898, 598) [第1遍]
2026-08-02 03:52:22 [DEBUG] 点击 (942, 598) 方式=right
2026-08-02 03:52:23 [INFO] 右键取出仓库藏宝图 @ (942, 598) [第1遍]
2026-08-02 03:52:24 [DEBUG] 点击 (986, 598) 方式=right
2026-08-02 03:52:25 [INFO] 右键取出仓库藏宝图 @ (986, 598) [第1遍]
2026-08-02 03:52:26 [DEBUG] 点击 (810, 644) 方式=right
2026-08-02 03:52:27 [INFO] 流程结束
2026-08-02 03:55:11 [INFO] 开始自动整理, 停止键: F12
2026-08-02 03:55:11 [INFO] 请在游戏内手动打开仓库, 8 秒后开始处理...
2026-08-02 03:55:19 [INFO] 已保存取件校准图: debug\takeout_仓库1_1785614119.png
2026-08-02 03:55:20 [DEBUG] 点击 (831, 782) 方式=left
2026-08-02 03:55:20 [INFO] 已选中仓库[仓库1], 开始取出(2遍)
2026-08-02 03:55:21 [DEBUG] 点击 (795, 557) 方式=right
2026-08-02 03:55:22 [INFO] 右键取出仓库藏宝图 @ (795, 557) [第1遍]
2026-08-02 03:55:23 [DEBUG] 点击 (833, 557) 方式=right
2026-08-02 03:55:24 [INFO] 右键取出仓库藏宝图 @ (833, 557) [第1遍]
2026-08-02 03:55:25 [DEBUG] 点击 (871, 557) 方式=right
2026-08-02 03:55:26 [INFO] 右键取出仓库藏宝图 @ (871, 557) [第1遍]
2026-08-02 03:55:27 [DEBUG] 点击 (909, 557) 方式=right
2026-08-02 03:55:28 [INFO] 右键取出仓库藏宝图 @ (909, 557) [第1遍]
2026-08-02 03:55:29 [DEBUG] 点击 (947, 557) 方式=right
2026-08-02 03:55:30 [INFO] 右键取出仓库藏宝图 @ (947, 557) [第1遍]
2026-08-02 03:55:31 [DEBUG] 点击 (795, 606) 方式=right
2026-08-02 03:55:32 [INFO] 右键取出仓库藏宝图 @ (795, 606) [第1遍]
2026-08-02 03:55:33 [DEBUG] 点击 (833, 606) 方式=right
2026-08-02 03:55:34 [INFO] 右键取出仓库藏宝图 @ (833, 606) [第1遍]
2026-08-02 03:55:35 [DEBUG] 点击 (871, 606) 方式=right
2026-08-02 03:55:36 [INFO] 右键取出仓库藏宝图 @ (871, 606) [第1遍]
2026-08-02 03:55:37 [DEBUG] 点击 (909, 606) 方式=right
2026-08-02 03:55:38 [INFO] 右键取出仓库藏宝图 @ (909, 606) [第1遍]
2026-08-02 03:55:39 [DEBUG] 点击 (947, 606) 方式=right
2026-08-02 03:55:40 [INFO] 右键取出仓库藏宝图 @ (947, 606) [第1遍]
2026-08-02 03:55:41 [DEBUG] 点击 (795, 655) 方式=right
2026-08-02 03:55:42 [INFO] 右键取出仓库藏宝图 @ (795, 655) [第1遍]
2026-08-02 03:55:43 [DEBUG] 点击 (833, 655) 方式=right
2026-08-02 03:55:44 [INFO] 右键取出仓库藏宝图 @ (833, 655) [第1遍]
2026-08-02 03:55:45 [DEBUG] 点击 (871, 655) 方式=right
2026-08-02 03:55:46 [INFO] 右键取出仓库藏宝图 @ (871, 655) [第1遍]
2026-08-02 03:55:47 [DEBUG] 点击 (909, 655) 方式=right
2026-08-02 03:55:48 [INFO] 右键取出仓库藏宝图 @ (909, 655) [第1遍]
2026-08-02 03:55:49 [DEBUG] 点击 (947, 655) 方式=right
2026-08-02 03:55:50 [INFO] 右键取出仓库藏宝图 @ (947, 655) [第1遍]
2026-08-02 03:55:50 [DEBUG] 点击 (795, 704) 方式=right
2026-08-02 03:55:51 [INFO] 右键取出仓库藏宝图 @ (795, 704) [第1遍]
2026-08-02 03:55:52 [DEBUG] 点击 (833, 704) 方式=right
2026-08-02 03:55:53 [INFO] 右键取出仓库藏宝图 @ (833, 704) [第1遍]
2026-08-02 03:55:54 [DEBUG] 点击 (871, 704) 方式=right
2026-08-02 03:55:55 [INFO] 右键取出仓库藏宝图 @ (871, 704) [第1遍]
2026-08-02 03:55:56 [DEBUG] 点击 (909, 704) 方式=right
2026-08-02 03:55:57 [INFO] 右键取出仓库藏宝图 @ (909, 704) [第1遍]
2026-08-02 03:55:58 [DEBUG] 点击 (947, 704) 方式=right
2026-08-02 03:55:59 [INFO] 右键取出仓库藏宝图 @ (947, 704) [第1遍]
2026-08-02 03:56:00 [DEBUG] 点击 (795, 557) 方式=right
2026-08-02 03:56:01 [INFO] 右键取出仓库藏宝图 @ (795, 557) [第2遍]
2026-08-02 03:56:02 [DEBUG] 点击 (833, 557) 方式=right
2026-08-02 03:56:03 [INFO] 右键取出仓库藏宝图 @ (833, 557) [第2遍]
2026-08-02 03:56:04 [DEBUG] 点击 (871, 557) 方式=right
2026-08-02 03:56:05 [INFO] 右键取出仓库藏宝图 @ (871, 557) [第2遍]
2026-08-02 03:56:06 [DEBUG] 点击 (909, 557) 方式=right
2026-08-02 03:56:07 [INFO] 右键取出仓库藏宝图 @ (909, 557) [第2遍]
2026-08-02 03:56:08 [DEBUG] 点击 (947, 557) 方式=right
2026-08-02 03:56:09 [INFO] 右键取出仓库藏宝图 @ (947, 557) [第2遍]
2026-08-02 03:56:10 [DEBUG] 点击 (795, 606) 方式=right
2026-08-02 03:56:11 [INFO] 右键取出仓库藏宝图 @ (795, 606) [第2遍]
2026-08-02 03:56:12 [DEBUG] 点击 (833, 606) 方式=right
2026-08-02 03:56:13 [INFO] 右键取出仓库藏宝图 @ (833, 606) [第2遍]
2026-08-02 03:56:14 [DEBUG] 点击 (871, 606) 方式=right
2026-08-02 03:56:15 [INFO] 右键取出仓库藏宝图 @ (871, 606) [第2遍]
2026-08-02 03:56:16 [DEBUG] 点击 (909, 606) 方式=right
2026-08-02 03:56:17 [INFO] 右键取出仓库藏宝图 @ (909, 606) [第2遍]
2026-08-02 03:56:18 [DEBUG] 点击 (947, 606) 方式=right
2026-08-02 03:56:19 [INFO] 右键取出仓库藏宝图 @ (947, 606) [第2遍]
2026-08-02 03:56:20 [DEBUG] 点击 (795, 655) 方式=right
2026-08-02 03:56:21 [INFO] 右键取出仓库藏宝图 @ (795, 655) [第2遍]
2026-08-02 03:56:22 [DEBUG] 点击 (833, 655) 方式=right
2026-08-02 03:56:23 [INFO] 右键取出仓库藏宝图 @ (833, 655) [第2遍]
2026-08-02 03:56:23 [DEBUG] 点击 (871, 655) 方式=right
2026-08-02 03:56:24 [INFO] 右键取出仓库藏宝图 @ (871, 655) [第2遍]
2026-08-02 03:56:25 [DEBUG] 点击 (909, 655) 方式=right
2026-08-02 03:56:26 [INFO] 右键取出仓库藏宝图 @ (909, 655) [第2遍]
2026-08-02 03:56:27 [DEBUG] 点击 (947, 655) 方式=right
2026-08-02 03:56:28 [INFO] 右键取出仓库藏宝图 @ (947, 655) [第2遍]
2026-08-02 03:56:29 [DEBUG] 点击 (795, 704) 方式=right
2026-08-02 03:56:30 [INFO] 右键取出仓库藏宝图 @ (795, 704) [第2遍]
2026-08-02 03:56:31 [DEBUG] 点击 (833, 704) 方式=right
2026-08-02 03:56:32 [INFO] 右键取出仓库藏宝图 @ (833, 704) [第2遍]
2026-08-02 03:56:33 [DEBUG] 点击 (871, 704) 方式=right
2026-08-02 03:56:34 [INFO] 右键取出仓库藏宝图 @ (871, 704) [第2遍]
2026-08-02 03:56:35 [DEBUG] 点击 (909, 704) 方式=right
2026-08-02 03:56:36 [INFO] 右键取出仓库藏宝图 @ (909, 704) [第2遍]
2026-08-02 03:56:37 [DEBUG] 点击 (947, 704) 方式=right
2026-08-02 03:56:38 [INFO] 右键取出仓库藏宝图 @ (947, 704) [第2遍]
2026-08-02 03:56:38 [INFO] 仓库[仓库1]本批取出 40 张未知藏宝图
2026-08-02 03:56:40 [INFO] 打开背包(快捷键 alt+e)
2026-08-02 03:56:41 [DEBUG] 点击 (1009, 535) 方式=right
2026-08-02 03:56:41 [DEBUG] 点击背包格子 1 @ [1009, 535] (right)
2026-08-02 03:56:43 [DEBUG] 点击 (1055, 535) 方式=right
2026-08-02 03:56:43 [DEBUG] 点击背包格子 2 @ [1055, 535] (right)
2026-08-02 03:56:44 [DEBUG] 点击 (1101, 535) 方式=right
2026-08-02 03:56:44 [DEBUG] 点击背包格子 3 @ [1101, 535] (right)
2026-08-02 03:56:45 [DEBUG] 点击 (1147, 535) 方式=right
2026-08-02 03:56:45 [DEBUG] 点击背包格子 4 @ [1147, 535] (right)
2026-08-02 03:56:47 [DEBUG] 点击 (1193, 535) 方式=right
2026-08-02 03:56:47 [DEBUG] 点击背包格子 5 @ [1193, 535] (right)
2026-08-02 03:56:48 [DEBUG] 点击 (1009, 585) 方式=right
2026-08-02 03:56:48 [DEBUG] 点击背包格子 6 @ [1009, 585] (right)
2026-08-02 03:56:49 [DEBUG] 点击 (1055, 585) 方式=right
2026-08-02 03:56:49 [DEBUG] 点击背包格子 7 @ [1055, 585] (right)
2026-08-02 03:56:51 [DEBUG] 点击 (1101, 585) 方式=right
2026-08-02 03:56:51 [DEBUG] 点击背包格子 8 @ [1101, 585] (right)
2026-08-02 03:56:52 [DEBUG] 点击 (1147, 585) 方式=right
2026-08-02 03:56:52 [DEBUG] 点击背包格子 9 @ [1147, 585] (right)
2026-08-02 03:56:53 [DEBUG] 点击 (1193, 585) 方式=right
2026-08-02 03:56:53 [DEBUG] 点击背包格子 10 @ [1193, 585] (right)
2026-08-02 03:56:55 [DEBUG] 点击 (1009, 635) 方式=right
2026-08-02 03:56:55 [DEBUG] 点击背包格子 11 @ [1009, 635] (right)
2026-08-02 03:56:56 [DEBUG] 点击 (1055, 635) 方式=right
2026-08-02 03:56:56 [DEBUG] 点击背包格子 12 @ [1055, 635] (right)
2026-08-02 03:56:58 [DEBUG] 点击 (1101, 635) 方式=right
2026-08-02 03:56:58 [DEBUG] 点击背包格子 13 @ [1101, 635] (right)
2026-08-02 03:56:59 [DEBUG] 点击 (1147, 635) 方式=right
2026-08-02 03:56:59 [DEBUG] 点击背包格子 14 @ [1147, 635] (right)
2026-08-02 03:57:00 [DEBUG] 点击 (1193, 635) 方式=right
2026-08-02 03:57:00 [DEBUG] 点击背包格子 15 @ [1193, 635] (right)
2026-08-02 03:57:02 [DEBUG] 点击 (1009, 685) 方式=right
2026-08-02 03:57:02 [DEBUG] 点击背包格子 16 @ [1009, 685] (right)
2026-08-02 03:57:03 [DEBUG] 点击 (1055, 685) 方式=right
2026-08-02 03:57:03 [DEBUG] 点击背包格子 17 @ [1055, 685] (right)
2026-08-02 03:57:04 [DEBUG] 点击 (1101, 685) 方式=right
2026-08-02 03:57:04 [DEBUG] 点击背包格子 18 @ [1101, 685] (right)
2026-08-02 03:57:06 [DEBUG] 点击 (1147, 685) 方式=right
2026-08-02 03:57:06 [DEBUG] 点击背包格子 19 @ [1147, 685] (right)
2026-08-02 03:57:07 [DEBUG] 点击 (1193, 685) 方式=right
2026-08-02 03:57:07 [DEBUG] 点击背包格子 20 @ [1193, 685] (right)
2026-08-02 03:57:07 [INFO] 已点击 20/20 个背包格子解封坐标(方式:right)
2026-08-02 03:57:09 [INFO] 关闭背包(快捷键 alt+e)
2026-08-02 03:57:10 [DEBUG] 移动鼠标 -> (1078, 553)
2026-08-02 03:57:11 [WARNING] 悬停第 1/2 次未识别到地点, 区域文字: 
2026-08-02 03:57:12 [DEBUG] 移动鼠标 -> (1078, 613)
2026-08-02 03:57:12 [DEBUG] 移动鼠标 -> (1078, 553)
2026-08-02 03:57:14 [INFO] 流程结束
2026-08-02 04:04:08 [INFO] 开始自动整理, 停止键: F12
2026-08-02 04:04:08 [INFO] 打开仓库 @ (30, 30) + 确认[我要进行仓库操作]
2026-08-02 04:04:08 [INFO] 已选中仓库[A仓库], 开始取出(2遍)
2026-08-02 04:04:09 [INFO] 右键取出仓库藏宝图 @ (50, 500) [第1遍]
2026-08-02 04:04:10 [INFO] 右键取出仓库藏宝图 @ (150, 500) [第1遍]
2026-08-02 04:04:11 [INFO] 右键取出仓库藏宝图 @ (250, 500) [第1遍]
2026-08-02 04:04:12 [INFO] 右键取出仓库藏宝图 @ (50, 500) [第2遍]
2026-08-02 04:04:13 [INFO] 右键取出仓库藏宝图 @ (150, 500) [第2遍]
2026-08-02 04:04:14 [INFO] 右键取出仓库藏宝图 @ (250, 500) [第2遍]
2026-08-02 04:04:14 [INFO] 仓库[A仓库]本批取出 6 张未知藏宝图
2026-08-02 04:04:14 [INFO] 打开背包(快捷键 alt+e)
2026-08-02 04:04:14 [DEBUG] 点击背包格子 1 @ [150, 800] (right)
2026-08-02 04:04:15 [DEBUG] 点击背包格子 2 @ [450, 800] (right)
2026-08-02 04:04:15 [DEBUG] 点击背包格子 3 @ [750, 800] (right)
2026-08-02 04:04:16 [INFO] 已点击 3/3 个背包格子解封坐标(方式:right)
2026-08-02 04:04:16 [INFO] 关闭背包(快捷键 alt+e)
2026-08-02 04:04:19 [INFO] 坐标[星穹] -> 应存入A仓库
2026-08-02 04:04:19 [INFO] 识别到坐标[星穹]，成功存入A仓库
2026-08-02 04:04:20 [INFO] 坐标[落霞] -> 应存入B仓库
2026-08-02 04:04:20 [INFO] 识别到坐标[落霞]，成功存入B仓库
2026-08-02 04:04:22 [INFO] 坐标[长安] -> 应存入C仓库
2026-08-02 04:04:22 [INFO] 识别到坐标[长安]，成功存入C仓库
2026-08-02 04:04:22 [INFO] 本批次入库完成, 成功 3/3
2026-08-02 04:04:22 [INFO] 已选中仓库[B仓库], 开始取出(2遍)
2026-08-02 04:04:23 [INFO] 右键取出仓库藏宝图 @ (50, 500) [第1遍]
2026-08-02 04:04:24 [INFO] 右键取出仓库藏宝图 @ (150, 500) [第1遍]
2026-08-02 04:04:25 [INFO] 右键取出仓库藏宝图 @ (250, 500) [第1遍]
2026-08-02 04:04:26 [INFO] 右键取出仓库藏宝图 @ (50, 500) [第2遍]
2026-08-02 04:04:27 [INFO] 右键取出仓库藏宝图 @ (150, 500) [第2遍]
2026-08-02 04:04:28 [INFO] 右键取出仓库藏宝图 @ (250, 500) [第2遍]
2026-08-02 04:04:28 [INFO] 仓库[B仓库]本批取出 6 张未知藏宝图
2026-08-02 04:04:28 [INFO] 打开背包(快捷键 alt+e)
2026-08-02 04:04:28 [DEBUG] 点击背包格子 1 @ [150, 800] (right)
2026-08-02 04:04:29 [DEBUG] 点击背包格子 2 @ [450, 800] (right)
2026-08-02 04:04:29 [DEBUG] 点击背包格子 3 @ [750, 800] (right)
2026-08-02 04:04:30 [INFO] 已点击 3/3 个背包格子解封坐标(方式:right)
2026-08-02 04:04:30 [INFO] 关闭背包(快捷键 alt+e)
2026-08-02 04:04:32 [WARNING] 悬停第 1/2 次未识别到地点, 区域文字: 
2026-08-02 04:04:33 [WARNING] 悬停第 2/2 次未识别到地点, 区域文字: 
2026-08-02 04:04:33 [WARNING] 仓库内位置1 悬停未识别到坐标, 跳过
2026-08-02 04:04:35 [WARNING] 悬停第 1/2 次未识别到地点, 区域文字: 
2026-08-02 04:04:37 [WARNING] 悬停第 2/2 次未识别到地点, 区域文字: 
2026-08-02 04:04:37 [WARNING] 仓库内位置2 悬停未识别到坐标, 跳过
2026-08-02 04:04:38 [WARNING] 悬停第 1/2 次未识别到地点, 区域文字: 
2026-08-02 04:04:40 [WARNING] 悬停第 2/2 次未识别到地点, 区域文字: 
2026-08-02 04:04:40 [WARNING] 仓库内位置3 悬停未识别到坐标, 跳过
2026-08-02 04:04:40 [INFO] 本批次入库完成, 成功 0/3
2026-08-02 04:04:40 [INFO] 已选中仓库[C仓库], 开始取出(2遍)
2026-08-02 04:04:41 [INFO] 右键取出仓库藏宝图 @ (50, 500) [第1遍]
2026-08-02 04:04:42 [INFO] 右键取出仓库藏宝图 @ (150, 500) [第1遍]
2026-08-02 04:04:43 [INFO] 右键取出仓库藏宝图 @ (250, 500) [第1遍]
2026-08-02 04:04:44 [INFO] 右键取出仓库藏宝图 @ (50, 500) [第2遍]
2026-08-02 04:04:45 [INFO] 右键取出仓库藏宝图 @ (150, 500) [第2遍]
2026-08-02 04:04:46 [INFO] 右键取出仓库藏宝图 @ (250, 500) [第2遍]
2026-08-02 04:04:46 [INFO] 仓库[C仓库]本批取出 6 张未知藏宝图
2026-08-02 04:04:46 [INFO] 打开背包(快捷键 alt+e)
2026-08-02 04:04:46 [DEBUG] 点击背包格子 1 @ [150, 800] (right)
2026-08-02 04:04:47 [DEBUG] 点击背包格子 2 @ [450, 800] (right)
2026-08-02 04:04:48 [DEBUG] 点击背包格子 3 @ [750, 800] (right)
2026-08-02 04:04:49 [INFO] 已点击 3/3 个背包格子解封坐标(方式:right)
2026-08-02 04:04:49 [INFO] 关闭背包(快捷键 alt+e)
2026-08-02 04:04:50 [WARNING] 悬停第 1/2 次未识别到地点, 区域文字: 
2026-08-02 04:04:52 [WARNING] 悬停第 2/2 次未识别到地点, 区域文字: 
2026-08-02 04:04:52 [WARNING] 仓库内位置1 悬停未识别到坐标, 跳过
2026-08-02 04:04:53 [WARNING] 悬停第 1/2 次未识别到地点, 区域文字: 
2026-08-02 04:04:55 [WARNING] 悬停第 2/2 次未识别到地点, 区域文字: 
2026-08-02 04:04:55 [WARNING] 仓库内位置2 悬停未识别到坐标, 跳过
2026-08-02 04:04:57 [WARNING] 悬停第 1/2 次未识别到地点, 区域文字: 
2026-08-02 04:04:58 [WARNING] 悬停第 2/2 次未识别到地点, 区域文字: 
2026-08-02 04:04:58 [WARNING] 仓库内位置3 悬停未识别到坐标, 跳过
2026-08-02 04:04:58 [INFO] 本批次入库完成, 成功 0/3
2026-08-02 04:04:58 [INFO] 全部处理完成, 共存入 3 张藏宝图
2026-08-02 04:04:58 [INFO] 流程结束
2026-08-02 04:05:23 [INFO] 开始自动整理, 停止键: F12
2026-08-02 04:05:23 [INFO] 请在游戏内手动打开仓库, 8 秒后开始处理...
2026-08-02 04:05:31 [INFO] 已保存取件校准图: debug\takeout_仓库1_1785614731.png
2026-08-02 04:05:32 [DEBUG] 光标漂移已校正: 目标(831, 782) 实际(831, 782)
2026-08-02 04:05:32 [DEBUG] 点击 (831, 782) 方式=left
2026-08-02 04:05:33 [INFO] 已选中仓库[仓库1], 开始取出(2遍)
2026-08-02 04:05:33 [DEBUG] 光标漂移已校正: 目标(795, 557) 实际(795, 557)
2026-08-02 04:05:34 [DEBUG] 点击 (795, 557) 方式=right
2026-08-02 04:05:35 [INFO] 右键取出仓库藏宝图 @ (795, 557) [第1遍]
2026-08-02 04:05:36 [WARNING] 光标漂移未能校正: 目标(833, 557) 实际(1038, 617)
2026-08-02 04:05:37 [WARNING] 光标漂移未能校正: 目标(833, 557) 实际(952, 580)
2026-08-02 04:05:37 [DEBUG] 点击 (833, 557) 方式=right
2026-08-02 04:05:38 [INFO] 右键取出仓库藏宝图 @ (833, 557) [第1遍]
2026-08-02 04:05:39 [WARNING] 光标漂移未能校正: 目标(871, 557) 实际(1059, 591)
2026-08-02 04:05:41 [WARNING] 光标漂移未能校正: 目标(871, 557) 实际(1018, 579)
2026-08-02 04:05:41 [DEBUG] 点击 (871, 557) 方式=right
2026-08-02 04:05:42 [INFO] 右键取出仓库藏宝图 @ (871, 557) [第1遍]
2026-08-02 04:05:42 [DEBUG] 光标漂移已校正: 目标(909, 557) 实际(909, 557)
2026-08-02 04:05:43 [DEBUG] 点击 (909, 557) 方式=right
2026-08-02 04:05:44 [INFO] 右键取出仓库藏宝图 @ (909, 557) [第1遍]
2026-08-02 04:05:45 [WARNING] 光标漂移未能校正: 目标(947, 557) 实际(1170, 635)
2026-08-02 04:05:46 [WARNING] 光标漂移未能校正: 目标(947, 557) 实际(317, 273)
2026-08-02 04:05:47 [DEBUG] 点击 (947, 557) 方式=right
2026-08-02 04:05:48 [INFO] 右键取出仓库藏宝图 @ (947, 557) [第1遍]
2026-08-02 04:05:48 [DEBUG] 光标漂移已校正: 目标(795, 606) 实际(795, 605)
2026-08-02 04:05:49 [DEBUG] 光标漂移已校正: 目标(795, 606) 实际(795, 610)
2026-08-02 04:05:49 [DEBUG] 点击 (795, 606) 方式=right
2026-08-02 04:05:50 [INFO] 流程结束
2026-08-02 04:06:19 [INFO] 开始自动整理, 停止键: F12
2026-08-02 04:06:19 [INFO] 请在游戏内手动打开仓库, 8 秒后开始处理...
2026-08-02 04:06:27 [INFO] 已保存取件校准图: debug\takeout_仓库1_1785614787.png
2026-08-02 04:06:28 [DEBUG] 光标漂移已校正: 目标(831, 782) 实际(831, 782)
2026-08-02 04:06:28 [DEBUG] 点击 (831, 782) 方式=left
2026-08-02 04:06:29 [INFO] 已选中仓库[仓库1], 开始取出(2遍)
2026-08-02 04:06:29 [DEBUG] 光标漂移已校正: 目标(795, 557) 实际(795, 557)
2026-08-02 04:06:30 [DEBUG] 点击 (795, 557) 方式=right
2026-08-02 04:06:31 [INFO] 右键取出仓库藏宝图 @ (795, 557) [第1遍]
2026-08-02 04:06:31 [DEBUG] 光标漂移已校正: 目标(833, 557) 实际(833, 557)
2026-08-02 04:06:32 [DEBUG] 点击 (833, 557) 方式=right
2026-08-02 04:06:33 [INFO] 右键取出仓库藏宝图 @ (833, 557) [第1遍]
2026-08-02 04:06:33 [DEBUG] 光标漂移已校正: 目标(871, 557) 实际(871, 557)
2026-08-02 04:06:34 [DEBUG] 点击 (871, 557) 方式=right
2026-08-02 04:06:35 [INFO] 右键取出仓库藏宝图 @ (871, 557) [第1遍]
2026-08-02 04:06:36 [WARNING] 光标漂移未能校正: 目标(909, 557) 实际(702, 491)
2026-08-02 04:06:37 [WARNING] 光标漂移未能校正: 目标(909, 557) 实际(599, 417)
2026-08-02 04:06:37 [DEBUG] 点击 (909, 557) 方式=right
2026-08-02 04:06:38 [INFO] 流程结束
2026-08-02 04:06:56 [INFO] 开始自动整理, 停止键: F12
2026-08-02 04:06:56 [INFO] 请在游戏内手动打开仓库, 8 秒后开始处理...
2026-08-02 04:07:04 [INFO] 已保存取件校准图: debug\takeout_仓库1_1785614824.png
2026-08-02 04:07:04 [DEBUG] 光标漂移已校正: 目标(831, 782) 实际(830, 782)
2026-08-02 04:07:05 [DEBUG] 点击 (831, 782) 方式=left
2026-08-02 04:07:06 [INFO] 已选中仓库[仓库1], 开始取出(2遍)
2026-08-02 04:07:06 [DEBUG] 光标漂移已校正: 目标(795, 557) 实际(795, 557)
2026-08-02 04:07:06 [DEBUG] 点击 (795, 557) 方式=right
2026-08-02 04:07:07 [INFO] 右键取出仓库藏宝图 @ (795, 557) [第1遍]
2026-08-02 04:07:08 [WARNING] 光标漂移未能校正: 目标(833, 557) 实际(1025, 641)
2026-08-02 04:07:10 [WARNING] 光标漂移未能校正: 目标(833, 557) 实际(925, 688)
2026-08-02 04:07:10 [DEBUG] 点击 (833, 557) 方式=right
2026-08-02 04:07:11 [INFO] 右键取出仓库藏宝图 @ (833, 557) [第1遍]
2026-08-02 04:07:11 [DEBUG] 光标漂移已校正: 目标(871, 557) 实际(871, 557)
2026-08-02 04:07:12 [DEBUG] 点击 (871, 557) 方式=right
2026-08-02 04:07:13 [INFO] 右键取出仓库藏宝图 @ (871, 557) [第1遍]
2026-08-02 04:07:13 [DEBUG] 光标漂移已校正: 目标(909, 557) 实际(909, 557)
2026-08-02 04:07:14 [DEBUG] 点击 (909, 557) 方式=right
2026-08-02 04:07:15 [INFO] 右键取出仓库藏宝图 @ (909, 557) [第1遍]
2026-08-02 04:07:15 [DEBUG] 光标漂移已校正: 目标(947, 557) 实际(947, 557)
2026-08-02 04:07:16 [DEBUG] 点击 (947, 557) 方式=right
2026-08-02 04:07:17 [INFO] 右键取出仓库藏宝图 @ (947, 557) [第1遍]
2026-08-02 04:07:17 [DEBUG] 光标漂移已校正: 目标(795, 606) 实际(795, 606)
2026-08-02 04:07:18 [DEBUG] 点击 (795, 606) 方式=right
2026-08-02 04:07:19 [INFO] 右键取出仓库藏宝图 @ (795, 606) [第1遍]
2026-08-02 04:07:19 [DEBUG] 光标漂移已校正: 目标(833, 606) 实际(833, 606)
2026-08-02 04:07:20 [DEBUG] 点击 (833, 606) 方式=right
2026-08-02 04:07:21 [INFO] 右键取出仓库藏宝图 @ (833, 606) [第1遍]
2026-08-02 04:07:22 [WARNING] 光标漂移未能校正: 目标(871, 606) 实际(853, 622)
2026-08-02 04:07:23 [WARNING] 光标漂移未能校正: 目标(871, 606) 实际(657, 442)
2026-08-02 04:07:24 [DEBUG] 点击 (871, 606) 方式=right
2026-08-02 04:07:24 [INFO] 流程结束
2026-08-02 04:08:33 [INFO] 开始自动整理, 停止键: F12
2026-08-02 04:08:33 [INFO] 请在游戏内手动打开仓库, 8 秒后开始处理...
2026-08-02 04:08:41 [INFO] 已保存取件校准图: debug\takeout_仓库1_1785614921.png
2026-08-02 04:08:41 [DEBUG] 光标漂移已校正: 目标(831, 782) 实际(831, 782)
2026-08-02 04:08:42 [DEBUG] 点击 (831, 782) 方式=left
2026-08-02 04:08:42 [INFO] 已选中仓库[仓库1], 开始取出(2遍)
2026-08-02 04:08:43 [DEBUG] 光标漂移已校正: 目标(795, 557) 实际(795, 557)
2026-08-02 04:08:43 [DEBUG] 点击 (795, 557) 方式=right
2026-08-02 04:08:44 [INFO] 右键取出仓库藏宝图 @ (795, 557) [第1遍]
2026-08-02 04:08:45 [DEBUG] 光标漂移已校正: 目标(833, 557) 实际(833, 557)
2026-08-02 04:08:45 [DEBUG] 点击 (833, 557) 方式=right
2026-08-02 04:08:46 [INFO] 右键取出仓库藏宝图 @ (833, 557) [第1遍]
2026-08-02 04:08:47 [DEBUG] 光标漂移已校正: 目标(871, 557) 实际(871, 557)
2026-08-02 04:08:47 [DEBUG] 点击 (871, 557) 方式=right
2026-08-02 04:08:48 [INFO] 右键取出仓库藏宝图 @ (871, 557) [第1遍]
2026-08-02 04:08:49 [DEBUG] 光标漂移已校正: 目标(909, 557) 实际(909, 557)
2026-08-02 04:08:49 [DEBUG] 点击 (909, 557) 方式=right
2026-08-02 04:08:50 [INFO] 右键取出仓库藏宝图 @ (909, 557) [第1遍]
2026-08-02 04:08:51 [DEBUG] 光标漂移已校正: 目标(947, 557) 实际(947, 557)
2026-08-02 04:08:51 [DEBUG] 点击 (947, 557) 方式=right
2026-08-02 04:08:52 [INFO] 右键取出仓库藏宝图 @ (947, 557) [第1遍]
2026-08-02 04:08:53 [WARNING] 光标漂移未能校正: 目标(795, 606) 实际(485, 427)
2026-08-02 04:08:54 [WARNING] 光标漂移未能校正: 目标(795, 606) 实际(646, 480)
2026-08-02 04:08:55 [DEBUG] 点击 (795, 606) 方式=right
2026-08-02 04:08:56 [INFO] 右键取出仓库藏宝图 @ (795, 606) [第1遍]
2026-08-02 04:08:59 [WARNING] 光标漂移未能校正: 目标(833, 606) 实际(747, 473)
2026-08-02 04:09:00 [WARNING] 光标漂移未能校正: 目标(833, 606) 实际(761, 266)
2026-08-02 04:09:00 [DEBUG] 点击 (833, 606) 方式=right
2026-08-02 04:09:01 [INFO] 右键取出仓库藏宝图 @ (833, 606) [第1遍]
2026-08-02 04:09:02 [DEBUG] 光标漂移已校正: 目标(871, 606) 实际(870, 606)
2026-08-02 04:09:03 [WARNING] 光标漂移未能校正: 目标(871, 606) 实际(796, 2)
2026-08-02 04:09:04 [DEBUG] 点击 (871, 606) 方式=right
2026-08-02 04:09:05 [INFO] 右键取出仓库藏宝图 @ (871, 606) [第1遍]
2026-08-02 04:09:06 [DEBUG] 光标漂移已校正: 目标(909, 606) 实际(909, 606)
2026-08-02 04:09:07 [WARNING] 光标漂移未能校正: 目标(909, 606) 实际(886, 566)
2026-08-02 04:09:07 [DEBUG] 点击 (909, 606) 方式=right
2026-08-02 04:09:08 [INFO] 右键取出仓库藏宝图 @ (909, 606) [第1遍]
2026-08-02 04:09:09 [INFO] 流程结束
2026-08-02 11:21:45 [INFO] 开始自动整理, 停止键: F12
2026-08-02 11:21:45 [INFO] 打开仓库 @ (30, 30) + 确认[我要进行仓库操作]
2026-08-02 11:21:46 [INFO] 已选中仓库[A仓库], 开始取出(2遍)
2026-08-02 11:21:47 [INFO] 右键取出仓库藏宝图 @ (50, 500) [第1遍]
2026-08-02 11:21:48 [INFO] 右键取出仓库藏宝图 @ (150, 500) [第1遍]
2026-08-02 11:21:49 [INFO] 右键取出仓库藏宝图 @ (250, 500) [第1遍]
2026-08-02 11:21:50 [INFO] 右键取出仓库藏宝图 @ (50, 500) [第2遍]
2026-08-02 11:21:51 [INFO] 右键取出仓库藏宝图 @ (150, 500) [第2遍]
2026-08-02 11:21:52 [INFO] 右键取出仓库藏宝图 @ (250, 500) [第2遍]
2026-08-02 11:21:52 [INFO] 仓库[A仓库]本批取出 6 张未知藏宝图
2026-08-02 11:21:52 [INFO] 打开背包(快捷键 alt+e)
2026-08-02 11:21:52 [DEBUG] 点击背包格子 1 @ [150, 800] (right)
2026-08-02 11:21:52 [DEBUG] 点击背包格子 2 @ [450, 800] (right)
2026-08-02 11:21:53 [DEBUG] 点击背包格子 3 @ [750, 800] (right)
2026-08-02 11:21:54 [INFO] 已点击 3/3 个背包格子解封坐标(方式:right)
2026-08-02 11:21:54 [INFO] 关闭背包(快捷键 alt+e)
2026-08-02 11:21:56 [INFO] 坐标[星穹] -> 应存入A仓库
2026-08-02 11:21:56 [INFO] 识别到坐标[星穹]，成功存入A仓库
2026-08-02 11:21:57 [INFO] 坐标[落霞] -> 应存入B仓库
2026-08-02 11:21:57 [INFO] 识别到坐标[落霞]，成功存入B仓库
2026-08-02 11:21:59 [INFO] 坐标[长安] -> 应存入C仓库
2026-08-02 11:21:59 [INFO] 识别到坐标[长安]，成功存入C仓库
2026-08-02 11:21:59 [INFO] 本批次入库完成, 成功 3/3
2026-08-02 11:21:59 [INFO] 已选中仓库[B仓库], 开始取出(2遍)
2026-08-02 11:22:00 [INFO] 右键取出仓库藏宝图 @ (50, 500) [第1遍]
2026-08-02 11:22:01 [INFO] 右键取出仓库藏宝图 @ (150, 500) [第1遍]
2026-08-02 11:22:02 [INFO] 右键取出仓库藏宝图 @ (250, 500) [第1遍]
2026-08-02 11:22:03 [INFO] 右键取出仓库藏宝图 @ (50, 500) [第2遍]
2026-08-02 11:22:04 [INFO] 右键取出仓库藏宝图 @ (150, 500) [第2遍]
2026-08-02 11:22:05 [INFO] 右键取出仓库藏宝图 @ (250, 500) [第2遍]
2026-08-02 11:22:05 [INFO] 仓库[B仓库]本批取出 6 张未知藏宝图
2026-08-02 11:22:05 [INFO] 打开背包(快捷键 alt+e)
2026-08-02 11:22:05 [DEBUG] 点击背包格子 1 @ [150, 800] (right)
2026-08-02 11:22:06 [DEBUG] 点击背包格子 2 @ [450, 800] (right)
2026-08-02 11:22:07 [DEBUG] 点击背包格子 3 @ [750, 800] (right)
2026-08-02 11:22:07 [INFO] 已点击 3/3 个背包格子解封坐标(方式:right)
2026-08-02 11:22:07 [INFO] 关闭背包(快捷键 alt+e)
2026-08-02 11:22:09 [WARNING] 悬停第 1/2 次未识别到地点, 区域文字: 
2026-08-02 11:22:10 [WARNING] 悬停第 2/2 次未识别到地点, 区域文字: 
2026-08-02 11:22:10 [WARNING] 仓库内位置1 悬停未识别到坐标, 跳过
2026-08-02 11:22:12 [WARNING] 悬停第 1/2 次未识别到地点, 区域文字: 
2026-08-02 11:22:13 [WARNING] 悬停第 2/2 次未识别到地点, 区域文字: 
2026-08-02 11:22:14 [WARNING] 仓库内位置2 悬停未识别到坐标, 跳过
2026-08-02 11:22:15 [WARNING] 悬停第 1/2 次未识别到地点, 区域文字: 
2026-08-02 11:22:16 [WARNING] 悬停第 2/2 次未识别到地点, 区域文字: 
2026-08-02 11:22:17 [WARNING] 仓库内位置3 悬停未识别到坐标, 跳过
2026-08-02 11:22:17 [INFO] 本批次入库完成, 成功 0/3
2026-08-02 11:22:17 [INFO] 已选中仓库[C仓库], 开始取出(2遍)
2026-08-02 11:22:18 [INFO] 右键取出仓库藏宝图 @ (50, 500) [第1遍]
2026-08-02 11:22:19 [INFO] 右键取出仓库藏宝图 @ (150, 500) [第1遍]
2026-08-02 11:22:20 [INFO] 右键取出仓库藏宝图 @ (250, 500) [第1遍]
2026-08-02 11:22:21 [INFO] 右键取出仓库藏宝图 @ (50, 500) [第2遍]
2026-08-02 11:22:22 [INFO] 右键取出仓库藏宝图 @ (150, 500) [第2遍]
2026-08-02 11:22:23 [INFO] 右键取出仓库藏宝图 @ (250, 500) [第2遍]
2026-08-02 11:22:23 [INFO] 仓库[C仓库]本批取出 6 张未知藏宝图
2026-08-02 11:22:23 [INFO] 打开背包(快捷键 alt+e)
2026-08-02 11:22:23 [DEBUG] 点击背包格子 1 @ [150, 800] (right)
2026-08-02 11:22:23 [DEBUG] 点击背包格子 2 @ [450, 800] (right)
2026-08-02 11:22:24 [DEBUG] 点击背包格子 3 @ [750, 800] (right)
2026-08-02 11:22:25 [INFO] 已点击 3/3 个背包格子解封坐标(方式:right)
2026-08-02 11:22:25 [INFO] 关闭背包(快捷键 alt+e)
2026-08-02 11:22:26 [WARNING] 悬停第 1/2 次未识别到地点, 区域文字: 
2026-08-02 11:22:28 [WARNING] 悬停第 2/2 次未识别到地点, 区域文字: 
2026-08-02 11:22:28 [WARNING] 仓库内位置1 悬停未识别到坐标, 跳过
2026-08-02 11:22:29 [WARNING] 悬停第 1/2 次未识别到地点, 区域文字: 
2026-08-02 11:22:31 [WARNING] 悬停第 2/2 次未识别到地点, 区域文字: 
2026-08-02 11:22:31 [WARNING] 仓库内位置2 悬停未识别到坐标, 跳过
2026-08-02 11:22:32 [WARNING] 悬停第 1/2 次未识别到地点, 区域文字: 
2026-08-02 11:22:34 [WARNING] 悬停第 2/2 次未识别到地点, 区域文字: 
2026-08-02 11:22:34 [WARNING] 仓库内位置3 悬停未识别到坐标, 跳过
2026-08-02 11:22:34 [INFO] 本批次入库完成, 成功 0/3
2026-08-02 11:22:34 [INFO] 全部处理完成, 共存入 3 张藏宝图
2026-08-02 11:22:34 [INFO] 流程结束
2026-08-02 11:24:59 [INFO] 坐标[星穹之路] -> 应存入星穹之路
2026-08-02 11:24:59 [INFO] 识别到坐标[星穹之路]，成功存入星穹之路
2026-08-02 11:25:01 [INFO] 坐标[落霞峰] -> 应存入落霞峰
2026-08-02 11:25:01 [INFO] 识别到坐标[落霞峰]，成功存入落霞峰
2026-08-02 11:25:02 [INFO] 坐标[长安] -> 应存入长安
2026-08-02 11:25:02 [INFO] 识别到坐标[长安]，成功存入长安
2026-08-02 11:25:02 [INFO] 本批次入库完成, 成功 3/3
2026-08-02 11:25:41 [INFO] 坐标[星穹之路] -> 应存入星穹之路
2026-08-02 11:25:41 [INFO] 识别到坐标[星穹之路]，成功存入星穹之路
2026-08-02 11:25:42 [INFO] 坐标[落霞峰] -> 应存入落霞峰
2026-08-02 11:25:42 [INFO] 识别到坐标[落霞峰]，成功存入落霞峰
2026-08-02 11:25:44 [INFO] 坐标[长安] -> 应存入长安
2026-08-02 11:25:44 [INFO] 识别到坐标[长安]，成功存入长安
2026-08-02 11:25:44 [INFO] 本批次入库完成, 成功 3/3
2026-08-02 11:26:14 [INFO] 坐标[星穹之路] -> 应存入星穹之路
2026-08-02 11:26:14 [INFO] 识别到坐标[星穹之路]，成功存入星穹之路
2026-08-02 11:26:15 [INFO] 坐标[落霞峰] -> 应存入落霞峰
2026-08-02 11:26:15 [INFO] 识别到坐标[落霞峰]，成功存入落霞峰
2026-08-02 11:26:17 [INFO] 坐标[长安] -> 应存入长安
2026-08-02 11:26:17 [INFO] 识别到坐标[长安]，成功存入长安
2026-08-02 11:26:17 [INFO] 本批次入库完成, 成功 3/3
2026-08-02 11:29:28 [INFO] 坐标[星穹之路] -> 应存入星穹之路
2026-08-02 11:29:28 [INFO] 识别到坐标[星穹之路]，成功存入星穹之路
2026-08-02 11:29:29 [INFO] 坐标[落霞峰] -> 应存入落霞峰
2026-08-02 11:29:29 [INFO] 识别到坐标[落霞峰]，成功存入落霞峰
2026-08-02 11:29:31 [INFO] 坐标[长安] -> 应存入长安
2026-08-02 11:29:31 [INFO] 识别到坐标[长安]，成功存入长安
2026-08-02 11:29:31 [INFO] 本批次入库完成, 成功 3/3
2026-08-02 11:29:47 [INFO] 坐标[星穹之路] -> 应存入星穹之路
2026-08-02 11:29:47 [INFO] 识别到坐标[星穹之路]，成功存入星穹之路
2026-08-02 11:29:48 [INFO] 坐标[落霞峰] -> 应存入落霞峰
2026-08-02 11:29:48 [INFO] 识别到坐标[落霞峰]，成功存入落霞峰
2026-08-02 11:29:50 [INFO] 坐标[长安] -> 应存入长安
2026-08-02 11:29:50 [INFO] 识别到坐标[长安]，成功存入长安
2026-08-02 11:29:50 [INFO] 本批次入库完成, 成功 3/3
2026-08-02 11:33:29 [INFO] 请手动打开仓库并确认已开封宝图在背包可见, 8 秒后开始分类存入...
2026-08-02 11:33:37 [DEBUG] 光标漂移已校正: 目标(1078, 553) 实际(1078, 553)
2026-08-02 11:33:37 [DEBUG] 移动鼠标 -> (1078, 553)
2026-08-02 11:33:39 [WARNING] 悬停第 1/2 次未识别到地点, 区域文字: 
2026-08-02 11:33:39 [DEBUG] 光标漂移已校正: 目标(1078, 613) 实际(1078, 613)
2026-08-02 11:33:39 [DEBUG] 移动鼠标 -> (1078, 613)
2026-08-02 11:33:40 [DEBUG] 光标漂移已校正: 目标(1078, 553) 实际(1078, 553)
2026-08-02 11:33:40 [DEBUG] 移动鼠标 -> (1078, 553)
2026-08-02 11:33:41 [WARNING] 悬停第 2/2 次未识别到地点, 区域文字: 
2026-08-02 11:33:42 [WARNING] 仓库内位置1 悬停未识别到坐标, 跳过
2026-08-02 11:33:42 [DEBUG] 光标漂移已校正: 目标(1123, 553) 实际(1123, 553)
2026-08-02 11:33:42 [DEBUG] 移动鼠标 -> (1123, 553)
2026-08-02 11:33:43 [WARNING] 悬停第 1/2 次未识别到地点, 区域文字: 
2026-08-02 11:33:43 [DEBUG] 光标漂移已校正: 目标(1123, 613) 实际(1123, 613)
2026-08-02 11:33:43 [DEBUG] 移动鼠标 -> (1123, 613)
2026-08-02 11:33:44 [DEBUG] 光标漂移已校正: 目标(1123, 553) 实际(1123, 553)
2026-08-02 11:33:44 [DEBUG] 移动鼠标 -> (1123, 553)
2026-08-02 11:33:46 [WARNING] 悬停第 2/2 次未识别到地点, 区域文字: 
2026-08-02 11:33:46 [WARNING] 仓库内位置2 悬停未识别到坐标, 跳过
2026-08-02 11:33:46 [DEBUG] 光标漂移已校正: 目标(1168, 553) 实际(1168, 553)
2026-08-02 11:33:46 [DEBUG] 移动鼠标 -> (1168, 553)
2026-08-02 11:33:48 [WARNING] 悬停第 1/2 次未识别到地点, 区域文字: 
2026-08-02 11:33:48 [DEBUG] 光标漂移已校正: 目标(1168, 613) 实际(1168, 613)
2026-08-02 11:33:48 [DEBUG] 移动鼠标 -> (1168, 613)
2026-08-02 11:33:49 [DEBUG] 光标漂移已校正: 目标(1168, 553) 实际(1168, 553)
2026-08-02 11:33:49 [DEBUG] 移动鼠标 -> (1168, 553)
2026-08-02 11:33:50 [WARNING] 悬停第 2/2 次未识别到地点, 区域文字: 
2026-08-02 11:33:51 [WARNING] 仓库内位置3 悬停未识别到坐标, 跳过
2026-08-02 11:33:51 [DEBUG] 光标漂移已校正: 目标(1213, 553) 实际(1213, 553)
2026-08-02 11:33:51 [DEBUG] 移动鼠标 -> (1213, 553)
2026-08-02 11:33:52 [WARNING] 悬停第 1/2 次未识别到地点, 区域文字: 
2026-08-02 11:33:52 [DEBUG] 光标漂移已校正: 目标(1213, 613) 实际(1213, 613)
2026-08-02 11:33:52 [DEBUG] 移动鼠标 -> (1213, 613)
2026-08-02 11:33:53 [DEBUG] 光标漂移已校正: 目标(1213, 553) 实际(1213, 553)
2026-08-02 11:33:53 [DEBUG] 移动鼠标 -> (1213, 553)
2026-08-02 11:33:55 [WARNING] 悬停第 2/2 次未识别到地点, 区域文字: 
2026-08-02 11:33:55 [WARNING] 仓库内位置4 悬停未识别到坐标, 跳过
2026-08-02 11:33:55 [DEBUG] 光标漂移已校正: 目标(1258, 553) 实际(1258, 553)
2026-08-02 11:33:55 [DEBUG] 移动鼠标 -> (1258, 553)
2026-08-02 11:33:57 [WARNING] 悬停第 1/2 次未识别到地点, 区域文字: 
2026-08-02 11:33:57 [DEBUG] 光标漂移已校正: 目标(1258, 613) 实际(1258, 613)
2026-08-02 11:33:57 [DEBUG] 移动鼠标 -> (1258, 613)
2026-08-02 11:33:58 [DEBUG] 光标漂移已校正: 目标(1258, 553) 实际(1258, 553)
2026-08-02 11:33:58 [DEBUG] 移动鼠标 -> (1258, 553)
2026-08-02 11:33:59 [WARNING] 悬停第 2/2 次未识别到地点, 区域文字: 
2026-08-02 11:34:00 [WARNING] 仓库内位置5 悬停未识别到坐标, 跳过
2026-08-02 11:34:00 [DEBUG] 光标漂移已校正: 目标(1078, 602) 实际(1078, 602)
2026-08-02 11:34:00 [DEBUG] 移动鼠标 -> (1078, 602)
2026-08-02 11:34:01 [WARNING] 悬停第 1/2 次未识别到地点, 区域文字: 
2026-08-02 11:34:02 [WARNING] 光标漂移未能校正: 目标(1078, 662) 实际(1082, 706)
2026-08-02 11:34:02 [DEBUG] 移动鼠标 -> (1078, 662)
2026-08-02 11:34:03 [DEBUG] 光标漂移已校正: 目标(1078, 602) 实际(1078, 602)
2026-08-02 11:34:03 [DEBUG] 移动鼠标 -> (1078, 602)
2026-08-02 11:36:32 [INFO] 请手动打开仓库并确认已开封宝图在背包可见, 8 秒后开始分类存入...
2026-08-02 11:36:40 [DEBUG] 光标漂移已校正: 目标(1078, 553) 实际(1078, 553)
2026-08-02 11:36:40 [DEBUG] 移动鼠标 -> (1078, 553)
2026-08-02 11:36:42 [INFO] 坐标[江南野外] -> 应存入江南野外
2026-08-02 11:36:43 [DEBUG] 光标漂移已校正: 目标(1093, 792) 实际(1093, 792)
2026-08-02 11:36:44 [DEBUG] 点击 (1093, 792) 方式=left
2026-08-02 11:36:45 [DEBUG] 光标漂移已校正: 目标(1078, 553) 实际(1078, 553)
2026-08-02 11:36:46 [DEBUG] 点击 (1078, 553) 方式=right
2026-08-02 11:36:46 [INFO] OCR定位仓库标签[江南野外]@(1093, 792), 右键道具栏 (1078, 553) 存入
2026-08-02 11:36:46 [INFO] 识别到坐标[江南野外]，成功存入江南野外
2026-08-02 11:36:46 [DEBUG] 光标漂移已校正: 目标(1123, 553) 实际(1123, 553)
2026-08-02 11:36:46 [DEBUG] 移动鼠标 -> (1123, 553)
2026-08-02 11:36:48 [INFO] 坐标[东海湾] -> 应存入东海湾
2026-08-02 11:36:49 [ERROR] 'OCR 未在仓库标签区域识别到[东海湾](读到: )', 跳过该藏宝图
2026-08-02 11:36:49 [DEBUG] 光标漂移已校正: 目标(1168, 553) 实际(1168, 553)
2026-08-02 11:36:49 [DEBUG] 移动鼠标 -> (1168, 553)
2026-08-02 11:36:51 [INFO] 坐标[墨家村] -> 应存入墨家村
2026-08-02 11:36:51 [ERROR] 'OCR 未在仓库标签区域识别到[墨家村](读到: 女儿村)', 跳过该藏宝图
2026-08-02 11:36:52 [DEBUG] 光标漂移已校正: 目标(1213, 553) 实际(1213, 553)
2026-08-02 11:36:52 [DEBUG] 移动鼠标 -> (1213, 553)
2026-08-02 11:36:53 [INFO] 坐标[傲来国] -> 应存入傲来国
2026-08-02 11:36:54 [DEBUG] 光标漂移已校正: 目标(810, 819) 实际(810, 819)
2026-08-02 11:36:55 [DEBUG] 点击 (810, 819) 方式=left
2026-08-02 11:36:56 [DEBUG] 光标漂移已校正: 目标(1213, 553) 实际(1213, 553)
2026-08-02 11:36:56 [DEBUG] 点击 (1213, 553) 方式=right
2026-08-02 11:36:57 [INFO] OCR定位仓库标签[傲来国]@(810, 819), 右键道具栏 (1213, 553) 存入
2026-08-02 11:36:57 [INFO] 识别到坐标[傲来国]，成功存入傲来国
2026-08-02 11:36:57 [DEBUG] 光标漂移已校正: 目标(1258, 553) 实际(1258, 553)
2026-08-02 11:36:57 [DEBUG] 移动鼠标 -> (1258, 553)
2026-08-02 11:36:59 [INFO] 坐标[江南野外] -> 应存入江南野外
2026-08-02 11:37:00 [DEBUG] 光标漂移已校正: 目标(1092, 792) 实际(1092, 792)
2026-08-02 11:37:01 [DEBUG] 点击 (1092, 792) 方式=left
2026-08-02 11:37:01 [DEBUG] 光标漂移已校正: 目标(1258, 553) 实际(1258, 553)
2026-08-02 11:37:02 [DEBUG] 点击 (1258, 553) 方式=right
2026-08-02 11:37:03 [INFO] OCR定位仓库标签[江南野外]@(1092, 792), 右键道具栏 (1258, 553) 存入
2026-08-02 11:37:03 [INFO] 识别到坐标[江南野外]，成功存入江南野外
2026-08-02 11:37:03 [DEBUG] 光标漂移已校正: 目标(1078, 602) 实际(1078, 602)
2026-08-02 11:37:03 [DEBUG] 移动鼠标 -> (1078, 602)
2026-08-02 11:37:05 [INFO] 坐标[江南野外] -> 应存入江南野外
2026-08-02 11:37:06 [DEBUG] 光标漂移已校正: 目标(1093, 793) 实际(1093, 793)
2026-08-02 11:37:06 [DEBUG] 点击 (1093, 793) 方式=left
2026-08-02 11:37:07 [DEBUG] 光标漂移已校正: 目标(1078, 602) 实际(1078, 602)
2026-08-02 11:37:08 [DEBUG] 点击 (1078, 602) 方式=right
2026-08-02 11:37:08 [INFO] OCR定位仓库标签[江南野外]@(1093, 793), 右键道具栏 (1078, 602) 存入
2026-08-02 11:37:08 [INFO] 识别到坐标[江南野外]，成功存入江南野外
2026-08-02 11:37:09 [DEBUG] 光标漂移已校正: 目标(1123, 602) 实际(1123, 602)
2026-08-02 11:37:09 [DEBUG] 移动鼠标 -> (1123, 602)
2026-08-02 11:37:10 [INFO] 坐标[江南野外] -> 应存入江南野外
2026-08-02 11:37:11 [DEBUG] 光标漂移已校正: 目标(1093, 793) 实际(1093, 793)
2026-08-02 11:37:12 [DEBUG] 点击 (1093, 793) 方式=left
2026-08-02 11:37:13 [DEBUG] 光标漂移已校正: 目标(1123, 602) 实际(1123, 602)
2026-08-02 11:37:13 [DEBUG] 点击 (1123, 602) 方式=right
2026-08-02 11:37:14 [INFO] OCR定位仓库标签[江南野外]@(1093, 793), 右键道具栏 (1123, 602) 存入
2026-08-02 11:37:14 [INFO] 识别到坐标[江南野外]，成功存入江南野外
2026-08-02 11:37:14 [DEBUG] 光标漂移已校正: 目标(1168, 602) 实际(1168, 602)
2026-08-02 11:37:14 [DEBUG] 移动鼠标 -> (1168, 602)
2026-08-02 11:37:16 [INFO] 坐标[江南野外] -> 应存入江南野外
2026-08-02 11:37:17 [DEBUG] 光标漂移已校正: 目标(1093, 793) 实际(1093, 793)
2026-08-02 11:37:18 [DEBUG] 点击 (1093, 793) 方式=left
2026-08-02 11:37:18 [DEBUG] 光标漂移已校正: 目标(1168, 602) 实际(1168, 602)
2026-08-02 11:37:19 [DEBUG] 点击 (1168, 602) 方式=right
2026-08-02 11:37:20 [INFO] OCR定位仓库标签[江南野外]@(1093, 793), 右键道具栏 (1168, 602) 存入
2026-08-02 11:37:20 [INFO] 识别到坐标[江南野外]，成功存入江南野外
2026-08-02 11:37:20 [DEBUG] 光标漂移已校正: 目标(1213, 602) 实际(1213, 602)
2026-08-02 11:37:20 [DEBUG] 移动鼠标 -> (1213, 602)
2026-08-02 11:37:22 [INFO] 坐标[长寿郊外] -> 应存入长寿郊外
2026-08-02 11:37:23 [DEBUG] 光标漂移已校正: 目标(1187, 819) 实际(1187, 819)
2026-08-02 11:37:23 [DEBUG] 点击 (1187, 819) 方式=left
2026-08-02 11:37:25 [WARNING] 光标漂移未能校正: 目标(1213, 602) 实际(547, 413)
2026-08-02 11:37:26 [WARNING] 光标漂移未能校正: 目标(1213, 602) 实际(574, 339)
2026-08-02 11:37:26 [DEBUG] 点击 (1213, 602) 方式=right
2026-08-02 11:37:27 [INFO] OCR定位仓库标签[长寿郊外]@(1187, 819), 右键道具栏 (1213, 602) 存入
2026-08-02 11:37:27 [INFO] 识别到坐标[长寿郊外]，成功存入长寿郊外
2026-08-02 11:37:28 [WARNING] 光标漂移未能校正: 目标(1258, 602) 实际(750, 379)
2026-08-02 11:37:28 [DEBUG] 移动鼠标 -> (1258, 602)
2026-08-02 11:37:29 [INFO] 坐标[江南野外] -> 应存入江南野外
2026-08-02 11:39:44 [INFO] 坐标[星穹之路] -> 应存入星穹之路
2026-08-02 11:39:44 [INFO] 识别到坐标[星穹之路]，成功存入星穹之路
2026-08-02 11:39:46 [INFO] 坐标[落霞峰] -> 应存入落霞峰
2026-08-02 11:39:46 [INFO] 识别到坐标[落霞峰]，成功存入落霞峰
2026-08-02 11:39:47 [INFO] 坐标[长安] -> 应存入长安
2026-08-02 11:39:47 [INFO] 识别到坐标[长安]，成功存入长安
2026-08-02 11:39:47 [INFO] 本批次入库完成, 成功 3/3
2026-08-02 11:39:59 [INFO] 坐标[星穹之路] -> 应存入星穹之路
2026-08-02 11:39:59 [INFO] 识别到坐标[星穹之路]，成功存入星穹之路
2026-08-02 11:40:00 [INFO] 坐标[落霞峰] -> 应存入落霞峰
2026-08-02 11:40:00 [INFO] 识别到坐标[落霞峰]，成功存入落霞峰
2026-08-02 11:40:02 [INFO] 坐标[长安] -> 应存入长安
2026-08-02 11:40:02 [INFO] 识别到坐标[长安]，成功存入长安
2026-08-02 11:40:02 [INFO] 本批次入库完成, 成功 3/3
2026-08-02 11:41:38 [INFO] 请手动打开仓库并确认已开封宝图在背包可见, 8 秒后开始分类存入...
2026-08-02 11:41:46 [DEBUG] 光标漂移已校正: 目标(1078, 553) 实际(1078, 553)
2026-08-02 11:41:46 [DEBUG] 移动鼠标 -> (1078, 553)
2026-08-02 11:41:48 [INFO] 坐标[江南野外] -> 应存入江南野外
2026-08-02 11:41:49 [DEBUG] 光标漂移已校正: 目标(1093, 792) 实际(1093, 792)
2026-08-02 11:41:50 [DEBUG] 点击 (1093, 792) 方式=left
2026-08-02 11:41:51 [DEBUG] 光标漂移已校正: 目标(1078, 553) 实际(1078, 553)
2026-08-02 11:41:51 [DEBUG] 点击 (1078, 553) 方式=right
2026-08-02 11:41:52 [INFO] OCR定位仓库标签[江南野外]@(1093, 792), 右键道具栏 (1078, 553) 存入
2026-08-02 11:41:52 [INFO] 识别到坐标[江南野外]，成功存入江南野外
2026-08-02 11:41:52 [DEBUG] 光标漂移已校正: 目标(1123, 553) 实际(1123, 553)
2026-08-02 11:41:52 [DEBUG] 移动鼠标 -> (1123, 553)
2026-08-02 11:41:54 [INFO] 坐标[东海湾] -> 应存入东海湾
2026-08-02 11:41:55 [ERROR] 'OCR 未在仓库标签区域识别到[东海湾](读到: 傲来国)', 跳过该藏宝图
2026-08-02 11:41:55 [DEBUG] 光标漂移已校正: 目标(1168, 553) 实际(1168, 553)
2026-08-02 11:41:55 [DEBUG] 移动鼠标 -> (1168, 553)
2026-08-02 11:41:57 [INFO] 坐标[墨家村] -> 应存入墨家村
2026-08-02 11:41:58 [ERROR] 'OCR 未在仓库标签区域识别到[墨家村](读到: 女儿村)', 跳过该藏宝图
2026-08-02 11:41:58 [DEBUG] 光标漂移已校正: 目标(1213, 553) 实际(1213, 553)
2026-08-02 11:41:58 [DEBUG] 移动鼠标 -> (1213, 553)
2026-08-02 11:42:00 [INFO] 坐标[傲来国] -> 应存入傲来国
2026-08-02 11:42:01 [DEBUG] 光标漂移已校正: 目标(811, 819) 实际(811, 819)
2026-08-02 11:42:01 [DEBUG] 点击 (811, 819) 方式=left
2026-08-02 11:42:02 [DEBUG] 光标漂移已校正: 目标(1213, 553) 实际(1213, 553)
2026-08-02 11:42:03 [DEBUG] 点击 (1213, 553) 方式=right
2026-08-02 11:42:03 [INFO] OCR定位仓库标签[傲来国]@(811, 819), 右键道具栏 (1213, 553) 存入
2026-08-02 11:42:03 [INFO] 识别到坐标[傲来国]，成功存入傲来国
2026-08-02 11:42:04 [DEBUG] 光标漂移已校正: 目标(1258, 553) 实际(1258, 553)
2026-08-02 11:42:04 [DEBUG] 移动鼠标 -> (1258, 553)
2026-08-02 11:42:05 [INFO] 坐标[江南野外] -> 应存入江南野外
2026-08-02 11:42:06 [DEBUG] 光标漂移已校正: 目标(1093, 792) 实际(1093, 792)
2026-08-02 11:42:07 [DEBUG] 点击 (1093, 792) 方式=left
2026-08-02 11:42:08 [DEBUG] 光标漂移已校正: 目标(1258, 553) 实际(1258, 553)
2026-08-02 11:42:08 [DEBUG] 点击 (1258, 553) 方式=right
2026-08-02 11:42:09 [INFO] OCR定位仓库标签[江南野外]@(1093, 792), 右键道具栏 (1258, 553) 存入
2026-08-02 11:42:09 [INFO] 识别到坐标[江南野外]，成功存入江南野外
2026-08-02 11:42:09 [DEBUG] 光标漂移已校正: 目标(1078, 602) 实际(1078, 602)
2026-08-02 11:42:09 [DEBUG] 移动鼠标 -> (1078, 602)
2026-08-02 11:42:11 [INFO] 坐标[江南野外] -> 应存入江南野外
2026-08-02 11:42:12 [DEBUG] 光标漂移已校正: 目标(1094, 793) 实际(1094, 793)
2026-08-02 11:42:13 [DEBUG] 点击 (1094, 793) 方式=left
2026-08-02 11:42:13 [DEBUG] 光标漂移已校正: 目标(1078, 602) 实际(1078, 602)
2026-08-02 11:42:14 [DEBUG] 点击 (1078, 602) 方式=right
2026-08-02 11:42:15 [INFO] OCR定位仓库标签[江南野外]@(1094, 793), 右键道具栏 (1078, 602) 存入
2026-08-02 11:42:15 [INFO] 识别到坐标[江南野外]，成功存入江南野外
2026-08-02 11:42:15 [DEBUG] 光标漂移已校正: 目标(1123, 602) 实际(1123, 602)
2026-08-02 11:42:15 [DEBUG] 移动鼠标 -> (1123, 602)
2026-08-02 11:42:16 [INFO] 坐标[江南野外] -> 应存入江南野外
2026-08-02 11:42:17 [DEBUG] 光标漂移已校正: 目标(1093, 792) 实际(1093, 792)
2026-08-02 11:42:18 [DEBUG] 点击 (1093, 792) 方式=left
2026-08-02 11:42:19 [DEBUG] 光标漂移已校正: 目标(1123, 602) 实际(1123, 602)
2026-08-02 11:42:20 [DEBUG] 点击 (1123, 602) 方式=right
2026-08-02 11:42:20 [INFO] OCR定位仓库标签[江南野外]@(1093, 792), 右键道具栏 (1123, 602) 存入
2026-08-02 11:42:20 [INFO] 识别到坐标[江南野外]，成功存入江南野外
2026-08-02 11:42:20 [DEBUG] 光标漂移已校正: 目标(1168, 602) 实际(1168, 602)
2026-08-02 11:42:20 [DEBUG] 移动鼠标 -> (1168, 602)
2026-08-02 11:42:22 [INFO] 坐标[江南野外] -> 应存入江南野外
2026-08-02 11:42:23 [DEBUG] 光标漂移已校正: 目标(1093, 793) 实际(1093, 793)
2026-08-02 11:42:24 [DEBUG] 点击 (1093, 793) 方式=left
2026-08-02 11:42:25 [WARNING] 光标漂移未能校正: 目标(1168, 602) 实际(786, 318)
2026-08-02 11:44:25 [INFO] 坐标[星穹之路] -> 应存入星穹之路
2026-08-02 11:44:25 [INFO] 识别到坐标[星穹之路]，成功存入星穹之路
2026-08-02 11:44:27 [INFO] 坐标[落霞峰] -> 应存入落霞峰
2026-08-02 11:44:27 [INFO] 识别到坐标[落霞峰]，成功存入落霞峰
2026-08-02 11:44:28 [INFO] 坐标[长安] -> 应存入长安
2026-08-02 11:44:28 [INFO] 识别到坐标[长安]，成功存入长安
2026-08-02 11:44:28 [INFO] 本批次入库完成, 成功 3/3
2026-08-02 11:44:54 [INFO] 请手动打开仓库并确认已开封宝图在背包可见, 8 秒后开始分类存入...
2026-08-02 11:45:02 [DEBUG] 光标漂移已校正: 目标(1078, 553) 实际(1078, 553)
2026-08-02 11:45:02 [DEBUG] 移动鼠标 -> (1078, 553)
2026-08-02 11:45:04 [WARNING] 悬停第 1/2 次未识别到地点, 区域文字: 藏宝图一张记着藏宝地点的地图【类型】虫的藏宝图【坐标】麒麟山（163，115）使用起来和藏宝图没什么区别挖掘时有一定几率获得5点动物虫的物种线索道具行囊鼠标右击道具可快速转移江南野外建郵城东海湾北俱茗洲长寿效处狮驼临
2026-08-02 11:45:04 [DEBUG] 光标漂移已校正: 目标(1078, 613) 实际(1078, 613)
2026-08-02 11:45:04 [DEBUG] 移动鼠标 -> (1078, 613)
2026-08-02 11:45:05 [DEBUG] 光标漂移已校正: 目标(1078, 553) 实际(1078, 553)
2026-08-02 11:45:05 [DEBUG] 移动鼠标 -> (1078, 553)
2026-08-02 11:45:07 [WARNING] 悬停第 2/2 次未识别到地点, 区域文字: 宝图张记着藏宝地点的地图。类型】虫的藏宝图坐标】麒麟山（163.115）用起来和藏宝图没什么区别挖掘时有一定几率获得5点动虫的物种线索道具行囊鼠标右击道具可快速转移江南野外建邺城东海湾北芦洲长寿刺外狮驼临
2026-08-02 11:45:08 [WARNING] 仓库内位置1 悬停未识别到坐标, 跳过
2026-08-02 11:45:08 [DEBUG] 光标漂移已校正: 目标(1123, 553) 实际(1123, 553)
2026-08-02 11:45:08 [DEBUG] 移动鼠标 -> (1123, 553)
2026-08-02 11:45:10 [WARNING] 悬停第 1/2 次未识别到地点, 区域文字: 藏宝图一张记着藏宝地点的地图【类型】狸的藏宝图【坐标】傲来国（104，48）使用起来和藏宝图没什么区别挖掘时有一定几率获得5点动物狸的物种线索道具行囊鼠标右击道具可快速转移江南野外建虾城东海湾北俱芦洲长寿郊外狮驼临
2026-08-02 11:45:10 [DEBUG] 光标漂移已校正: 目标(1123, 613) 实际(1123, 613)
2026-08-02 11:45:10 [DEBUG] 移动鼠标 -> (1123, 613)
2026-08-02 11:45:11 [DEBUG] 光标漂移已校正: 目标(1123, 553) 实际(1123, 553)
2026-08-02 11:45:11 [DEBUG] 移动鼠标 -> (1123, 553)
2026-08-02 11:45:13 [WARNING] 悬停第 2/2 次未识别到地点, 区域文字: 藏宝图一张记着藏宝地点的地图【类型】狸的藏宝图【坐标】傲来国（104.48）使用起来和藏宝图没什么区别挖掘时有一定几率获得5点动物狸的物种线索道具行囊鼠标右击道具可快速转移江南野外建虾城东海湾北俱芦洲长寿郊外狮驼临
2026-08-02 11:45:13 [WARNING] 仓库内位置2 悬停未识别到坐标, 跳过
2026-08-02 11:45:14 [DEBUG] 光标漂移已校正: 目标(1168, 553) 实际(1168, 553)
2026-08-02 11:45:14 [DEBUG] 移动鼠标 -> (1168, 553)
2026-08-02 11:45:15 [WARNING] 悬停第 1/2 次未识别到地点, 区域文字: 藏宝图一张记着藏宝地点的地图。【类型】普通藏宝图【坐标】墨家村（78,154）道具行囊鼠标右击道具可快速转移江南野外建邺城东海湾北茗洲长寿郊外狮驼临
2026-08-02 11:45:16 [DEBUG] 光标漂移已校正: 目标(1168, 613) 实际(1168, 613)
2026-08-02 11:45:16 [DEBUG] 移动鼠标 -> (1168, 613)
2026-08-02 11:45:16 [DEBUG] 光标漂移已校正: 目标(1168, 553) 实际(1168, 553)
2026-08-02 11:45:16 [DEBUG] 移动鼠标 -> (1168, 553)
2026-08-02 11:45:18 [WARNING] 悬停第 2/2 次未识别到地点, 区域文字: 藏宝图一张记着藏宝地点的地图。【类型】普通藏宝图【坐标】墨家村（78，154）道具行囊鼠标右击道具可快速转移江南野外建邺城东海湾北俱茗洲长寿效处狮驼临
2026-08-02 11:45:19 [WARNING] 仓库内位置3 悬停未识别到坐标, 跳过
2026-08-02 11:45:19 [DEBUG] 光标漂移已校正: 目标(1213, 553) 实际(1213, 553)
2026-08-02 11:45:19 [DEBUG] 移动鼠标 -> (1213, 553)
2026-08-02 11:45:21 [WARNING] 悬停第 1/2 次未识别到地点, 区域文字: 藏宝图一张记着藏宝地点的地图【类型】虫的藏宝图【坐标】傲来国（108,60)使用起来和藏宝图没什么区挖掘时有一定几率获得5物虫的物种线索首具行囊鼠标右击道具可快速转移江南野外建邺城东海湾北俱茗洲长寿刺外狮驼临
2026-08-02 11:45:21 [DEBUG] 光标漂移已校正: 目标(1213, 613) 实际(1213, 613)
2026-08-02 11:45:21 [DEBUG] 移动鼠标 -> (1213, 613)
2026-08-02 11:45:22 [DEBUG] 光标漂移已校正: 目标(1213, 553) 实际(1213, 553)
2026-08-02 11:45:22 [DEBUG] 移动鼠标 -> (1213, 553)
2026-08-02 11:45:24 [WARNING] 悬停第 2/2 次未识别到地点, 区域文字: 藏宝图一张记着藏宝地点的地图【类型】虫的藏宝图【坐标】傲来国（108.60)使用起来和藏宝图没什么区，挖掘时有一定几率获得5物虫的物种线索行囊鼠标右击道具可快速转移江南野外建邺城东海湾北俱芦洲长寿刺外狮驼临
2026-08-02 11:45:24 [WARNING] 仓库内位置4 悬停未识别到坐标, 跳过
2026-08-02 11:45:25 [DEBUG] 光标漂移已校正: 目标(1258, 553) 实际(1258, 553)
2026-08-02 11:45:25 [DEBUG] 移动鼠标 -> (1258, 553)
2026-08-02 11:45:26 [WARNING] 悬停第 1/2 次未识别到地点, 区域文字: 藏宝图一张记着藏宝地点【类型】狸的藏宝【坐标】江南野外使用起来和藏宝图挖掘时有一定几物狸的物种线索道具行囊鼠标右击道具可快速转移江南野外建邺城东海湾北茗洲长寿刺外狮驼临
2026-08-02 11:45:27 [DEBUG] 光标漂移已校正: 目标(1258, 613) 实际(1258, 613)
2026-08-02 11:45:27 [DEBUG] 移动鼠标 -> (1258, 613)
2026-08-02 11:45:27 [DEBUG] 光标漂移已校正: 目标(1258, 553) 实际(1258, 553)
2026-08-02 11:45:27 [DEBUG] 移动鼠标 -> (1258, 553)
2026-08-02 11:45:29 [WARNING] 悬停第 2/2 次未识别到地点, 区域文字: 藏宝图一张记着藏宝地点【类型】狸的藏宝【坐标】江南野外使用起来和藏宝图挖掘时有一定几物狸的物种线索道具行囊鼠标右击道具可快速转移江南野外建邺城东海湾北芦洲长寿刺外狮驼临
2026-08-02 11:45:30 [WARNING] 仓库内位置5 悬停未识别到坐标, 跳过
2026-08-02 11:45:30 [DEBUG] 光标漂移已校正: 目标(1078, 602) 实际(1078, 602)
2026-08-02 11:45:30 [DEBUG] 移动鼠标 -> (1078, 602)
2026-08-02 11:45:32 [WARNING] 悬停第 1/2 次未识别到地点, 区域文字: 宝图张记着藏宝地点的地图。类型】狸的藏宝图坐标】北俱芦洲（169，145）用起来和藏宝图没什么区别挖掘时有一定几率获得5点动狸的物种线索道具可快速转移江南野外建邮城东海湾狮驼临
2026-08-02 11:45:32 [DEBUG] 光标漂移已校正: 目标(1078, 662) 实际(1078, 662)
2026-08-02 11:45:32 [DEBUG] 移动鼠标 -> (1078, 662)
2026-08-02 11:45:33 [DEBUG] 光标漂移已校正: 目标(1078, 602) 实际(1078, 602)
2026-08-02 11:45:33 [DEBUG] 移动鼠标 -> (1078, 602)
2026-08-02 11:45:35 [WARNING] 悬停第 2/2 次未识别到地点, 区域文字: 宝图张记着藏宝地点的地图。类型】狸的藏宝图坐标】北俱芦洲（169.145）用起来和藏宝图没什么区别挖掘时有一定几率获得5点动狸的物种线索标石击道具可快速转移江南野外建邮城东海湾狮驼临
2026-08-02 11:45:35 [WARNING] 仓库内位置6 悬停未识别到坐标, 跳过
2026-08-02 11:45:35 [DEBUG] 光标漂移已校正: 目标(1123, 602) 实际(1123, 602)
2026-08-02 11:45:35 [DEBUG] 移动鼠标 -> (1123, 602)
2026-08-02 11:45:37 [WARNING] 悬停第 1/2 次未识别到地点, 区域文字: 藏宝图一张记着藏宝地点的地图。【类型】普通藏宝图【坐标】朱紫国（71.116）道具行囊鼠标右击道具可快速转移江南野外建虾城东海湾
2026-08-02 11:45:37 [DEBUG] 光标漂移已校正: 目标(1123, 662) 实际(1123, 662)
2026-08-02 11:45:37 [DEBUG] 移动鼠标 -> (1123, 662)
2026-08-02 11:45:38 [DEBUG] 光标漂移已校正: 目标(1123, 602) 实际(1123, 602)
2026-08-02 11:45:38 [DEBUG] 移动鼠标 -> (1123, 602)
2026-08-02 11:45:40 [WARNING] 悬停第 2/2 次未识别到地点, 区域文字: 藏宝图一张记着藏宝地点的地图。【类型】普通藏宝图【坐标】朱紫国（71.116）道具行囊鼠标右击道具可快速转移江南野外建虾城东海湾
2026-08-02 11:45:40 [WARNING] 仓库内位置7 悬停未识别到坐标, 跳过
2026-08-02 11:45:41 [DEBUG] 光标漂移已校正: 目标(1168, 602) 实际(1168, 602)
2026-08-02 11:45:41 [DEBUG] 移动鼠标 -> (1168, 602)
2026-08-02 11:45:42 [WARNING] 悬停第 1/2 次未识别到地点, 区域文字: 藏宝图一张记着藏宝地点的地图。【类型】龙的藏宝图【坐标】墨家村（73.78）使用起来和藏宝图没什么区别挖掘时有一定几率获得5点龙族的物种线索击道具可快速转移江南野外建虾城东海湾
2026-08-02 11:45:43 [DEBUG] 光标漂移已校正: 目标(1168, 662) 实际(1168, 662)
2026-08-02 11:45:43 [DEBUG] 移动鼠标 -> (1168, 662)
2026-08-02 11:45:43 [DEBUG] 光标漂移已校正: 目标(1168, 602) 实际(1168, 602)
2026-08-02 11:45:43 [DEBUG] 移动鼠标 -> (1168, 602)
2026-08-02 11:45:45 [WARNING] 悬停第 2/2 次未识别到地点, 区域文字: 藏宝图一张记着藏宝地点的地图。【类型】龙的藏宝图【坐标】墨家村（73.78）使用起来和藏宝图没什么区别挖掘时有一定几率获得5点龙族的物种线索击道具可快速转移江南野外建虾城东海湾
2026-08-02 11:45:46 [WARNING] 仓库内位置8 悬停未识别到坐标, 跳过
2026-08-02 11:45:46 [DEBUG] 光标漂移已校正: 目标(1213, 602) 实际(1213, 602)
2026-08-02 11:45:46 [DEBUG] 移动鼠标 -> (1213, 602)
2026-08-02 11:45:48 [WARNING] 悬停第 1/2 次未识别到地点, 区域文字: 藏宝图一张记着藏宝地点的地图【类型】虫的藏宝图【坐标】长寿郊外（50，151使用起来和藏宝图没什么区挖掘时有一定几率获得5物虫的物种线索转移江南野外建虾城东海湾
2026-08-02 11:45:48 [DEBUG] 光标漂移已校正: 目标(1213, 662) 实际(1213, 662)
2026-08-02 11:45:48 [DEBUG] 移动鼠标 -> (1213, 662)
2026-08-02 11:45:49 [DEBUG] 光标漂移已校正: 目标(1213, 602) 实际(1213, 602)
2026-08-02 11:45:49 [DEBUG] 移动鼠标 -> (1213, 602)
2026-08-02 11:47:44 [INFO] 坐标[星穹之路] -> 应存入星穹之路
2026-08-02 11:47:44 [INFO] 识别到坐标[星穹之路]，成功存入星穹之路
2026-08-02 11:47:46 [INFO] 坐标[落霞峰] -> 应存入落霞峰
2026-08-02 11:47:46 [INFO] 识别到坐标[落霞峰]，成功存入落霞峰
2026-08-02 11:47:47 [INFO] 坐标[长安] -> 应存入长安
2026-08-02 11:47:47 [INFO] 识别到坐标[长安]，成功存入长安
2026-08-02 11:47:47 [INFO] 本批次入库完成, 成功 3/3
2026-08-02 11:48:11 [INFO] 坐标[星穹之路] -> 应存入星穹之路
2026-08-02 11:48:11 [INFO] 识别到坐标[星穹之路]，成功存入星穹之路
2026-08-02 11:48:12 [INFO] 坐标[落霞峰] -> 应存入落霞峰
2026-08-02 11:48:12 [INFO] 识别到坐标[落霞峰]，成功存入落霞峰
2026-08-02 11:48:13 [INFO] 坐标[长安] -> 应存入长安
2026-08-02 11:48:13 [INFO] 识别到坐标[长安]，成功存入长安
2026-08-02 11:48:13 [INFO] 本批次入库完成, 成功 3/3
2026-08-02 11:50:08 [INFO] 请手动打开仓库并确认已开封宝图在背包可见, 8 秒后开始分类存入...
2026-08-02 11:50:16 [DEBUG] 光标漂移已校正: 目标(1078, 553) 实际(1078, 553)
2026-08-02 11:50:16 [DEBUG] 移动鼠标 -> (1078, 553)
2026-08-02 11:50:18 [INFO] 坐标[麒麟山] -> 应存入麒麟山
2026-08-02 11:50:19 [ERROR] 'OCR 未在仓库标签区域识别到[麒麟山](读到: 花果山)', 跳过该藏宝图
2026-08-02 11:50:19 [DEBUG] 光标漂移已校正: 目标(1123, 553) 实际(1123, 553)
2026-08-02 11:50:19 [DEBUG] 移动鼠标 -> (1123, 553)
2026-08-02 11:50:21 [INFO] 坐标[傲来国] -> 应存入傲来国
2026-08-02 11:50:22 [DEBUG] 光标漂移已校正: 目标(811, 819) 实际(811, 819)
2026-08-02 11:50:23 [DEBUG] 点击 (811, 819) 方式=left
2026-08-02 11:50:23 [DEBUG] 光标漂移已校正: 目标(1123, 553) 实际(1123, 553)
2026-08-02 11:50:24 [DEBUG] 点击 (1123, 553) 方式=right
2026-08-02 11:50:25 [INFO] OCR定位仓库标签[傲来国]@(811, 819), 右键道具栏 (1123, 553) 存入
2026-08-02 11:50:25 [INFO] 识别到坐标[傲来国]，成功存入傲来国
2026-08-02 11:50:25 [DEBUG] 光标漂移已校正: 目标(1168, 553) 实际(1168, 553)
2026-08-02 11:50:25 [DEBUG] 移动鼠标 -> (1168, 553)
2026-08-02 11:50:26 [INFO] 坐标[墨家村] -> 应存入墨家村
2026-08-02 11:50:27 [ERROR] 'OCR 未在仓库标签区域识别到[墨家村](读到: 女儿村)', 跳过该藏宝图
2026-08-02 11:50:28 [DEBUG] 光标漂移已校正: 目标(1213, 553) 实际(1213, 553)
2026-08-02 11:50:28 [DEBUG] 移动鼠标 -> (1213, 553)
2026-08-02 11:50:29 [INFO] 坐标[傲来国] -> 应存入傲来国
2026-08-02 11:50:30 [DEBUG] 光标漂移已校正: 目标(811, 819) 实际(811, 819)
2026-08-02 11:50:31 [DEBUG] 点击 (811, 819) 方式=left
2026-08-02 11:50:32 [DEBUG] 光标漂移已校正: 目标(1213, 553) 实际(1213, 553)
2026-08-02 11:50:33 [DEBUG] 点击 (1213, 553) 方式=right
2026-08-02 11:50:33 [INFO] OCR定位仓库标签[傲来国]@(811, 819), 右键道具栏 (1213, 553) 存入
2026-08-02 11:50:33 [INFO] 识别到坐标[傲来国]，成功存入傲来国
2026-08-02 11:50:33 [DEBUG] 光标漂移已校正: 目标(1258, 553) 实际(1258, 553)
2026-08-02 11:50:33 [DEBUG] 移动鼠标 -> (1258, 553)
2026-08-02 11:50:35 [INFO] 坐标[江南野外] -> 应存入江南野外
2026-08-02 11:50:36 [DEBUG] 光标漂移已校正: 目标(1092, 792) 实际(1092, 792)
2026-08-02 11:50:37 [DEBUG] 点击 (1092, 792) 方式=left
2026-08-02 11:50:38 [DEBUG] 光标漂移已校正: 目标(1258, 553) 实际(1258, 553)
2026-08-02 11:50:38 [DEBUG] 点击 (1258, 553) 方式=right
2026-08-02 11:50:39 [INFO] OCR定位仓库标签[江南野外]@(1092, 792), 右键道具栏 (1258, 553) 存入
2026-08-02 11:50:39 [INFO] 识别到坐标[江南野外]，成功存入江南野外
2026-08-02 11:50:39 [DEBUG] 光标漂移已校正: 目标(1078, 602) 实际(1078, 602)
2026-08-02 11:50:39 [DEBUG] 移动鼠标 -> (1078, 602)
2026-08-02 11:50:41 [INFO] 坐标[北俱芦洲] -> 应存入北俱芦洲
2026-08-02 11:50:42 [DEBUG] 光标漂移已校正: 目标(1093, 818) 实际(1093, 818)
2026-08-02 11:50:42 [DEBUG] 点击 (1093, 818) 方式=left
2026-08-02 11:50:43 [DEBUG] 光标漂移已校正: 目标(1078, 602) 实际(1078, 602)
2026-08-02 11:50:44 [DEBUG] 点击 (1078, 602) 方式=right
2026-08-02 11:50:44 [INFO] OCR定位仓库标签[北俱芦洲]@(1093, 818), 右键道具栏 (1078, 602) 存入
2026-08-02 11:50:44 [INFO] 识别到坐标[北俱芦洲]，成功存入北俱芦洲
2026-08-02 11:50:45 [DEBUG] 光标漂移已校正: 目标(1123, 602) 实际(1123, 602)
2026-08-02 11:50:45 [DEBUG] 移动鼠标 -> (1123, 602)
2026-08-02 11:50:46 [INFO] 坐标[朱紫国] -> 应存入朱紫国
2026-08-02 11:50:47 [ERROR] 'OCR 未在仓库标签区域识别到[朱紫国](读到: 傲来国)', 跳过该藏宝图
2026-08-02 11:50:47 [DEBUG] 光标漂移已校正: 目标(1168, 602) 实际(1168, 602)
2026-08-02 11:50:47 [DEBUG] 移动鼠标 -> (1168, 602)
2026-08-02 11:50:49 [INFO] 坐标[墨家村] -> 应存入墨家村
2026-08-02 11:50:50 [ERROR] 'OCR 未在仓库标签区域识别到[墨家村](读到: 女儿村)', 跳过该藏宝图
2026-08-02 11:50:50 [DEBUG] 光标漂移已校正: 目标(1213, 602) 实际(1213, 602)
2026-08-02 11:50:50 [DEBUG] 移动鼠标 -> (1213, 602)
2026-08-02 11:50:51 [INFO] 坐标[长寿郊外] -> 应存入长寿郊外
2026-08-02 11:50:53 [DEBUG] 光标漂移已校正: 目标(1187, 818) 实际(1187, 818)
2026-08-02 11:50:53 [DEBUG] 点击 (1187, 818) 方式=left
2026-08-02 11:50:54 [DEBUG] 光标漂移已校正: 目标(1213, 602) 实际(1213, 602)
2026-08-02 11:50:55 [DEBUG] 点击 (1213, 602) 方式=right
2026-08-02 11:50:55 [INFO] OCR定位仓库标签[长寿郊外]@(1187, 818), 右键道具栏 (1213, 602) 存入
2026-08-02 11:50:55 [INFO] 识别到坐标[长寿郊外]，成功存入长寿郊外
2026-08-02 11:50:56 [DEBUG] 光标漂移已校正: 目标(1258, 602) 实际(1258, 602)
2026-08-02 11:50:56 [DEBUG] 移动鼠标 -> (1258, 602)
2026-08-02 11:50:57 [INFO] 坐标[朱紫国] -> 应存入朱紫国
2026-08-02 11:50:58 [ERROR] 'OCR 未在仓库标签区域识别到[朱紫国](读到: 傲来国)', 跳过该藏宝图
2026-08-02 11:50:58 [DEBUG] 光标漂移已校正: 目标(1078, 651) 实际(1078, 651)
2026-08-02 11:50:58 [DEBUG] 移动鼠标 -> (1078, 651)
2026-08-02 11:50:59 [INFO] 坐标[建邺城] -> 应存入建邺城
2026-08-02 11:51:01 [ERROR] 'OCR 未在仓库标签区域识别到[建邺城](读到: 大唐境)', 跳过该藏宝图
2026-08-02 11:51:01 [DEBUG] 光标漂移已校正: 目标(1123, 651) 实际(1123, 651)
2026-08-02 11:51:01 [DEBUG] 移动鼠标 -> (1123, 651)
2026-08-02 11:51:02 [INFO] 坐标[建邺城] -> 应存入建邺城
2026-08-02 11:51:03 [DEBUG] 光标漂移已校正: 目标(1186, 792) 实际(1186, 792)
2026-08-02 11:51:04 [DEBUG] 点击 (1186, 792) 方式=left
2026-08-02 11:51:05 [DEBUG] 光标漂移已校正: 目标(1123, 651) 实际(1123, 651)
2026-08-02 11:51:06 [DEBUG] 点击 (1123, 651) 方式=right
2026-08-02 11:51:06 [INFO] OCR定位仓库标签[建虾城]@(1186, 792), 右键道具栏 (1123, 651) 存入
2026-08-02 11:51:06 [INFO] 识别到坐标[建邺城]，成功存入建邺城
2026-08-02 11:51:06 [DEBUG] 光标漂移已校正: 目标(1168, 651) 实际(1168, 651)
2026-08-02 11:51:06 [DEBUG] 移动鼠标 -> (1168, 651)
2026-08-02 11:51:08 [INFO] 坐标[狮驼岭] -> 应存入狮驼岭
2026-08-02 11:51:09 [ERROR] 'OCR 未在仓库标签区域识别到[狮驼岭](读到: 五庄观)', 跳过该藏宝图
2026-08-02 11:51:09 [DEBUG] 光标漂移已校正: 目标(1213, 651) 实际(1213, 651)
2026-08-02 11:51:09 [DEBUG] 移动鼠标 -> (1213, 651)
2026-08-02 11:51:10 [INFO] 坐标[墨家村] -> 应存入墨家村
2026-08-02 11:51:11 [ERROR] 'OCR 未在仓库标签区域识别到[墨家村](读到: 女儿村)', 跳过该藏宝图
2026-08-02 11:51:12 [DEBUG] 光标漂移已校正: 目标(1258, 651) 实际(1258, 651)
2026-08-02 11:51:12 [DEBUG] 移动鼠标 -> (1258, 651)
2026-08-02 11:51:13 [INFO] 坐标[江南野外] -> 应存入江南野外
2026-08-02 11:51:14 [DEBUG] 光标漂移已校正: 目标(1093, 792) 实际(1093, 792)
2026-08-02 11:51:14 [DEBUG] 点击 (1093, 792) 方式=left
2026-08-02 11:51:15 [DEBUG] 光标漂移已校正: 目标(1258, 651) 实际(1258, 651)
2026-08-02 11:51:16 [DEBUG] 点击 (1258, 651) 方式=right
2026-08-02 11:51:16 [INFO] OCR定位仓库标签[江南野外]@(1093, 792), 右键道具栏 (1258, 651) 存入
2026-08-02 11:51:16 [INFO] 识别到坐标[江南野外]，成功存入江南野外
2026-08-02 11:51:17 [DEBUG] 光标漂移已校正: 目标(1078, 700) 实际(1078, 700)
2026-08-02 11:51:17 [DEBUG] 移动鼠标 -> (1078, 700)
2026-08-02 11:51:18 [INFO] 坐标[大唐国境] -> 应存入大唐国境
2026-08-02 11:51:19 [DEBUG] 光标漂移已校正: 目标(811, 792) 实际(811, 792)
2026-08-02 11:51:20 [DEBUG] 点击 (811, 792) 方式=left
2026-08-02 11:51:21 [DEBUG] 光标漂移已校正: 目标(1078, 700) 实际(1078, 700)
2026-08-02 11:51:21 [DEBUG] 点击 (1078, 700) 方式=right
2026-08-02 11:51:22 [INFO] OCR定位仓库标签[大唐国境]@(811, 792), 右键道具栏 (1078, 700) 存入
2026-08-02 11:51:22 [INFO] 识别到坐标[大唐国境]，成功存入大唐国境
2026-08-02 11:51:22 [DEBUG] 光标漂移已校正: 目标(1123, 700) 实际(1123, 700)
2026-08-02 11:51:22 [DEBUG] 移动鼠标 -> (1123, 700)
2026-08-02 11:51:24 [INFO] 坐标[女儿村] -> 应存入女儿村
2026-08-02 11:51:25 [DEBUG] 光标漂移已校正: 目标(905, 819) 实际(905, 819)
2026-08-02 11:51:26 [DEBUG] 点击 (905, 819) 方式=left
2026-08-02 11:51:27 [DEBUG] 光标漂移已校正: 目标(1123, 700) 实际(1123, 700)
2026-08-02 11:51:27 [DEBUG] 点击 (1123, 700) 方式=right
2026-08-02 11:51:28 [INFO] OCR定位仓库标签[女儿村]@(905, 819), 右键道具栏 (1123, 700) 存入
2026-08-02 11:51:28 [INFO] 识别到坐标[女儿村]，成功存入女儿村
2026-08-02 11:51:28 [DEBUG] 光标漂移已校正: 目标(1168, 700) 实际(1168, 700)
2026-08-02 11:51:28 [DEBUG] 移动鼠标 -> (1168, 700)
2026-08-02 11:51:30 [INFO] 坐标[狮驼岭] -> 应存入狮驼岭
2026-08-02 11:51:31 [WARNING] 光标漂移未能校正: 目标(1280, 819) 实际(972, 693)
2026-08-02 11:51:33 [WARNING] 光标漂移未能校正: 目标(1280, 819) 实际(884, 660)
2026-08-02 11:51:33 [DEBUG] 点击 (1280, 819) 方式=left
2026-08-02 11:51:35 [WARNING] 光标漂移未能校正: 目标(1168, 700) 实际(471, 412)
2026-08-02 11:51:36 [WARNING] 光标漂移未能校正: 目标(1168, 700) 实际(1232, 802)
2026-08-02 11:51:36 [DEBUG] 点击 (1168, 700) 方式=right
2026-08-02 11:51:37 [INFO] OCR定位仓库标签[狮驼岭]@(1280, 819), 右键道具栏 (1168, 700) 存入
2026-08-02 11:51:37 [INFO] 识别到坐标[狮驼岭]，成功存入狮驼岭
2026-08-02 11:51:37 [DEBUG] 光标漂移已校正: 目标(1213, 700) 实际(1213, 700)
2026-08-02 11:51:37 [DEBUG] 移动鼠标 -> (1213, 700)
2026-08-02 11:54:17 [INFO] 坐标[星穹之路] -> 应存入星穹之路
2026-08-02 11:54:17 [INFO] 识别到坐标[星穹之路]，成功存入星穹之路
2026-08-02 11:54:18 [INFO] 坐标[落霞峰] -> 应存入落霞峰
2026-08-02 11:54:18 [INFO] 识别到坐标[落霞峰]，成功存入落霞峰
2026-08-02 11:54:19 [INFO] 坐标[长安] -> 应存入长安
2026-08-02 11:54:19 [INFO] 识别到坐标[长安]，成功存入长安
2026-08-02 11:54:19 [INFO] 本批次入库完成, 成功 3/3
2026-08-02 11:57:47 [INFO] 坐标[星穹之路] -> 应存入星穹之路
2026-08-02 11:57:47 [INFO] 识别到坐标[星穹之路]，成功存入星穹之路
2026-08-02 11:57:48 [INFO] 坐标[落霞峰] -> 应存入落霞峰
2026-08-02 11:57:48 [INFO] 识别到坐标[落霞峰]，成功存入落霞峰
2026-08-02 11:57:49 [INFO] 坐标[长安] -> 应存入长安
2026-08-02 11:57:49 [INFO] 识别到坐标[长安]，成功存入长安
2026-08-02 11:57:49 [INFO] 本批次入库完成, 成功 3/3
2026-08-02 11:58:32 [INFO] 请手动打开仓库并确认已开封宝图在背包可见, 8 秒后开始分类存入...
2026-08-02 11:58:41 [DEBUG] 光标漂移已校正: 目标(1078, 553) 实际(1078, 553)
2026-08-02 11:58:41 [DEBUG] 移动鼠标 -> (1078, 553)
2026-08-02 11:58:43 [INFO] 坐标[麒麟山] -> 应存入麒麟山
2026-08-02 11:58:44 [ERROR] 'OCR 未在仓库标签区域识别到[麒麟山](读到: 花果山)', 跳过该藏宝图
2026-08-02 11:58:44 [DEBUG] 光标漂移已校正: 目标(1123, 553) 实际(1123, 553)
2026-08-02 11:58:44 [DEBUG] 移动鼠标 -> (1123, 553)
2026-08-02 11:58:46 [INFO] 坐标[女儿村] -> 应存入女儿村
2026-08-02 11:58:47 [DEBUG] 光标漂移已校正: 目标(902, 822) 实际(902, 822)
2026-08-02 11:58:47 [DEBUG] 点击 (902, 822) 方式=left
2026-08-02 11:58:48 [DEBUG] 光标漂移已校正: 目标(1123, 553) 实际(1123, 553)
2026-08-02 11:58:49 [DEBUG] 点击 (1123, 553) 方式=right
2026-08-02 11:58:49 [INFO] OCR定位仓库标签[女儿村]@(905, 819)->格子中心(902, 822), 右键道具栏 (1123, 553) 存入
2026-08-02 11:58:49 [INFO] 识别到坐标[女儿村]，成功存入女儿村
2026-08-02 11:58:50 [DEBUG] 光标漂移已校正: 目标(1168, 553) 实际(1168, 553)
2026-08-02 11:58:50 [DEBUG] 移动鼠标 -> (1168, 553)
2026-08-02 11:58:51 [INFO] 坐标[墨家村] -> 应存入墨家村
2026-08-02 11:58:52 [ERROR] 'OCR 未在仓库标签区域识别到[墨家村](读到: 女儿村)', 跳过该藏宝图
2026-08-02 11:58:53 [DEBUG] 光标漂移已校正: 目标(1213, 553) 实际(1213, 553)
2026-08-02 11:58:53 [DEBUG] 移动鼠标 -> (1213, 553)
2026-08-02 11:58:54 [INFO] 坐标[傲来国] -> 应存入傲来国
2026-08-02 11:58:55 [DEBUG] 光标漂移已校正: 目标(814, 822) 实际(814, 822)
2026-08-02 11:58:56 [DEBUG] 点击 (814, 822) 方式=left
2026-08-02 11:58:57 [DEBUG] 光标漂移已校正: 目标(1213, 553) 实际(1213, 553)
2026-08-02 11:58:58 [DEBUG] 点击 (1213, 553) 方式=right
2026-08-02 11:58:58 [INFO] OCR定位仓库标签[傲来国]@(811, 819)->格子中心(814, 822), 右键道具栏 (1213, 553) 存入
2026-08-02 11:58:58 [INFO] 识别到坐标[傲来国]，成功存入傲来国
2026-08-02 11:58:58 [DEBUG] 光标漂移已校正: 目标(1258, 553) 实际(1258, 553)
2026-08-02 11:58:58 [DEBUG] 移动鼠标 -> (1258, 553)
2026-08-02 11:59:00 [INFO] 坐标[江南野外] -> 应存入江南野外
2026-08-02 11:59:01 [DEBUG] 光标漂移已校正: 目标(1079, 802) 实际(1079, 802)
2026-08-02 11:59:02 [DEBUG] 点击 (1079, 802) 方式=left
2026-08-02 11:59:03 [DEBUG] 光标漂移已校正: 目标(1258, 553) 实际(1258, 553)
2026-08-02 11:59:03 [DEBUG] 点击 (1258, 553) 方式=right
2026-08-02 11:59:04 [INFO] OCR定位仓库标签[江南野外]@(1093, 792)->格子中心(1079, 802), 右键道具栏 (1258, 553) 存入
2026-08-02 11:59:04 [INFO] 识别到坐标[江南野外]，成功存入江南野外
2026-08-02 11:59:04 [DEBUG] 光标漂移已校正: 目标(1078, 602) 实际(1078, 602)
2026-08-02 11:59:04 [DEBUG] 移动鼠标 -> (1078, 602)
2026-08-02 11:59:06 [INFO] 坐标[北俱芦洲] -> 应存入北俱芦洲
2026-08-02 11:59:07 [DEBUG] 光标漂移已校正: 目标(1079, 822) 实际(1079, 822)
2026-08-02 11:59:07 [DEBUG] 点击 (1079, 822) 方式=left
2026-08-02 11:59:08 [DEBUG] 光标漂移已校正: 目标(1078, 602) 实际(1078, 602)
2026-08-02 11:59:09 [DEBUG] 点击 (1078, 602) 方式=right
2026-08-02 11:59:09 [INFO] OCR定位仓库标签[北俱芦洲]@(1094, 821)->格子中心(1079, 822), 右键道具栏 (1078, 602) 存入
2026-08-02 11:59:09 [INFO] 识别到坐标[北俱芦洲]，成功存入北俱芦洲
2026-08-02 11:59:10 [WARNING] 光标漂移未能校正: 目标(1123, 602) 实际(540, 320)
2026-08-02 11:59:10 [DEBUG] 移动鼠标 -> (1123, 602)
2026-08-02 11:59:12 [WARNING] 悬停第 1/2 次未识别到地点, 区域文字: 101415192024252930343539404445鼠标右击道具可快速转移整理选中建虾城东海湾江用封尔北俱营洲长寿刺外狮驼临
2026-08-02 11:59:13 [WARNING] 光标漂移未能校正: 目标(1123, 662) 实际(1009, 615)
2026-08-02 11:59:13 [DEBUG] 移动鼠标 -> (1123, 662)
2026-08-02 11:59:14 [WARNING] 光标漂移未能校正: 目标(1123, 602) 实际(447, 238)
2026-08-02 11:59:14 [DEBUG] 移动鼠标 -> (1123, 602)
